-- MySQL dump 10.13  Distrib 5.7.26, for Linux (x86_64)
--
-- Host: localhost    Database: kisemble
-- ------------------------------------------------------
-- Server version	5.7.26-0ubuntu0.16.04.1

/*!40101 SET @OLD_CHARACTER_SET_CLIENT=@@CHARACTER_SET_CLIENT */;
/*!40101 SET @OLD_CHARACTER_SET_RESULTS=@@CHARACTER_SET_RESULTS */;
/*!40101 SET @OLD_COLLATION_CONNECTION=@@COLLATION_CONNECTION */;
/*!40101 SET NAMES utf8 */;
/*!40103 SET @OLD_TIME_ZONE=@@TIME_ZONE */;
/*!40103 SET TIME_ZONE='+00:00' */;
/*!40014 SET @OLD_UNIQUE_CHECKS=@@UNIQUE_CHECKS, UNIQUE_CHECKS=0 */;
/*!40014 SET @OLD_FOREIGN_KEY_CHECKS=@@FOREIGN_KEY_CHECKS, FOREIGN_KEY_CHECKS=0 */;
/*!40101 SET @OLD_SQL_MODE=@@SQL_MODE, SQL_MODE='NO_AUTO_VALUE_ON_ZERO' */;
/*!40111 SET @OLD_SQL_NOTES=@@SQL_NOTES, SQL_NOTES=0 */;

--
-- Table structure for table `tb_category_list`
--

DROP TABLE IF EXISTS `tb_category_list`;
/*!40101 SET @saved_cs_client     = @@character_set_client */;
/*!40101 SET character_set_client = utf8 */;
CREATE TABLE `tb_category_list` (
  `category_code` char(6) NOT NULL,
  `category_name` varchar(100) DEFAULT NULL,
  PRIMARY KEY (`category_code`)
) ENGINE=InnoDB DEFAULT CHARSET=utf8;
/*!40101 SET character_set_client = @saved_cs_client */;

--
-- Dumping data for table `tb_category_list`
--

LOCK TABLES `tb_category_list` WRITE;
/*!40000 ALTER TABLE `tb_category_list` DISABLE KEYS */;
INSERT INTO `tb_category_list` VALUES ('1','IT서비스'),('10','게임엔터테인먼트'),('11','광고'),('12','교육서비스'),('13','기계'),('14','기타'),('15','기타금융'),('16','다각화된통신서비스'),('17','담배'),('18','도로와철도운송'),('19','독립전력생산및에너지거래'),('2','가구'),('20','디스플레이장비및부품'),('21','디스플레이패널'),('22','레저용장비와제품'),('23','무선통신서비스'),('24','무역회사와판매업체'),('25','문구류'),('26','반도체와반도체장비'),('27','방송과엔터테인먼트'),('28','백화점과일반상점'),('29','복합기업'),('3','가스유틸리티'),('30','복합유틸리티'),('31','부동산'),('32','비철금속'),('33','사무용전자제품'),('34','상업서비스와공급품'),('35','생명과학도구및서비스'),('36','생명보험'),('37','생물공학'),('38','석유와가스'),('39','섬유/의류/신발/호화품'),('4','가정용기기와용품'),('40','소프트웨어'),('41','손해보험'),('42','식품'),('43','식품과기본식료품소매'),('44','양방향미디어와서비스'),('45','에너지장비및서비스'),('46','우주항공과국방'),('47','운송인프라'),('48','은행'),('49','음료'),('5','건강관리업체및서비스'),('50','인터넷과카탈로그소매'),('51','자동차'),('52','자동차부품'),('53','전기유틸리티'),('54','전기장비'),('55','전기제품'),('56','전문소매'),('57','전자장비와기기'),('58','전자제품'),('59','제약'),('6','건강관리장비와용품'),('60','조선'),('61','종이와목재'),('62','증권'),('63','철강'),('64','출판'),('65','카드'),('66','컴퓨터와주변기기'),('67','통신장비'),('68','포장재'),('69','항공사'),('7','건설'),('70','항공화물운송과물류'),('71','해운사'),('72','핸드셋'),('73','호텔/레스토랑/레저'),('74','화장품'),('75','화학'),('8','건축자재'),('9','건축제품');
/*!40000 ALTER TABLE `tb_category_list` ENABLE KEYS */;
UNLOCK TABLES;

--
-- Table structure for table `tb_fr_category_20190709`
--

DROP TABLE IF EXISTS `tb_fr_category_20190709`;
/*!40101 SET @saved_cs_client     = @@character_set_client */;
/*!40101 SET character_set_client = utf8 */;
CREATE TABLE `tb_fr_category_20190709` (
  `category_code` char(6) DEFAULT NULL,
  `category_falling_rate` float DEFAULT '0',
  KEY `category_code` (`category_code`),
  CONSTRAINT `tb_fr_category_20190709_ibfk_1` FOREIGN KEY (`category_code`) REFERENCES `tb_category_list` (`category_code`) ON DELETE CASCADE ON UPDATE CASCADE
) ENGINE=InnoDB DEFAULT CHARSET=utf8;
/*!40101 SET character_set_client = @saved_cs_client */;

--
-- Dumping data for table `tb_fr_category_20190709`
--

LOCK TABLES `tb_fr_category_20190709` WRITE;
/*!40000 ALTER TABLE `tb_fr_category_20190709` DISABLE KEYS */;
INSERT INTO `tb_fr_category_20190709` VALUES ('71',1.82),('25',1.71),('4',1),('58',0.88),('65',0.83),('37',0.52),('51',0.48),('11',0.42),('45',0.36),('9',0.21),('70',0.18),('18',0.16),('23',0.1),('75',0.1),('35',0.08),('17',0),('52',0),('49',-0.04),('55',-0.18),('48',-0.21),('22',-0.21),('62',-0.23),('1',-0.29),('16',-0.35),('53',-0.52),('41',-0.53),('31',-0.58),('69',-0.59),('32',-0.61),('29',-0.62),('46',-0.64),('14',-0.65),('36',-0.66),('63',-0.72),('43',-0.81),('20',-0.82),('38',-0.86),('30',-0.87),('6',-0.9),('66',-0.9),('61',-0.97),('34',-0.98),('67',-1.01),('28',-1.02),('47',-1.02),('60',-1.03),('44',-1.2),('50',-1.22),('27',-1.25),('12',-1.26),('21',-1.26),('57',-1.28),('68',-1.34),('13',-1.35),('72',-1.36),('26',-1.38),('8',-1.46),('10',-1.46),('42',-1.47),('56',-1.5),('59',-1.52),('24',-1.6),('3',-1.65),('15',-1.72),('54',-1.77),('40',-1.78),('7',-1.95),('5',-1.98),('2',-2.19),('33',-2.53),('74',-3.05),('19',-3.09),('64',-5.44);
/*!40000 ALTER TABLE `tb_fr_category_20190709` ENABLE KEYS */;
UNLOCK TABLES;

--
-- Table structure for table `tb_fr_category_20190710`
--

DROP TABLE IF EXISTS `tb_fr_category_20190710`;
/*!40101 SET @saved_cs_client     = @@character_set_client */;
/*!40101 SET character_set_client = utf8 */;
CREATE TABLE `tb_fr_category_20190710` (
  `category_code` char(6) DEFAULT NULL,
  `category_falling_rate` float DEFAULT '0',
  KEY `category_code` (`category_code`),
  CONSTRAINT `tb_fr_category_20190710_ibfk_1` FOREIGN KEY (`category_code`) REFERENCES `tb_category_list` (`category_code`) ON DELETE CASCADE ON UPDATE CASCADE
) ENGINE=InnoDB DEFAULT CHARSET=utf8;
/*!40101 SET character_set_client = @saved_cs_client */;

--
-- Dumping data for table `tb_fr_category_20190710`
--

LOCK TABLES `tb_fr_category_20190710` WRITE;
/*!40000 ALTER TABLE `tb_fr_category_20190710` DISABLE KEYS */;
INSERT INTO `tb_fr_category_20190710` VALUES ('25',2.92),('71',1.58),('65',1.38),('4',1.23),('11',0.86),('58',0.71),('51',0.27),('70',0.17),('37',0.04),('52',0.04),('23',0),('18',-0.07),('17',-0.1),('48',-0.13),('62',-0.14),('75',-0.31),('22',-0.35),('16',-0.37),('49',-0.42),('53',-0.45),('36',-0.48),('45',-0.49),('55',-0.53),('35',-0.55),('41',-0.58),('33',-0.61),('1',-0.61),('14',-0.62),('32',-0.62),('43',-0.67),('28',-0.68),('31',-0.76),('69',-0.79),('9',-0.79),('29',-0.8),('46',-0.86),('38',-0.86),('60',-0.91),('47',-0.95),('44',-0.95),('61',-1.09),('50',-1.17),('34',-1.18),('6',-1.21),('63',-1.31),('30',-1.34),('56',-1.4),('68',-1.41),('27',-1.42),('66',-1.43),('20',-1.52),('21',-1.54),('24',-1.58),('42',-1.58),('3',-1.66),('26',-1.66),('67',-1.68),('12',-1.68),('72',-1.76),('10',-1.8),('8',-1.83),('15',-1.88),('59',-1.9),('13',-1.96),('57',-2.13),('40',-2.19),('2',-2.3),('54',-2.38),('7',-2.69),('5',-2.91),('19',-3.38),('74',-3.83),('64',-7.9);
/*!40000 ALTER TABLE `tb_fr_category_20190710` ENABLE KEYS */;
UNLOCK TABLES;

--
-- Table structure for table `tb_fr_category_20190711`
--

DROP TABLE IF EXISTS `tb_fr_category_20190711`;
/*!40101 SET @saved_cs_client     = @@character_set_client */;
/*!40101 SET character_set_client = utf8 */;
CREATE TABLE `tb_fr_category_20190711` (
  `category_code` char(6) DEFAULT NULL,
  `category_falling_rate` float DEFAULT '0',
  KEY `category_code` (`category_code`),
  CONSTRAINT `tb_fr_category_20190711_ibfk_1` FOREIGN KEY (`category_code`) REFERENCES `tb_category_list` (`category_code`) ON DELETE CASCADE ON UPDATE CASCADE
) ENGINE=InnoDB DEFAULT CHARSET=utf8;
/*!40101 SET character_set_client = @saved_cs_client */;

--
-- Dumping data for table `tb_fr_category_20190711`
--

LOCK TABLES `tb_fr_category_20190711` WRITE;
/*!40000 ALTER TABLE `tb_fr_category_20190711` DISABLE KEYS */;
INSERT INTO `tb_fr_category_20190711` VALUES ('25',1.83),('71',1.53),('4',1.11),('65',1.11),('11',0.93),('51',0.89),('58',0.73),('70',0.37),('52',0.19),('37',0.14),('23',0.08),('17',0),('62',-0.05),('48',-0.13),('18',-0.22),('75',-0.28),('16',-0.3),('33',-0.35),('53',-0.38),('38',-0.4),('45',-0.42),('47',-0.43),('55',-0.48),('49',-0.53),('35',-0.53),('1',-0.54),('36',-0.57),('14',-0.62),('41',-0.64),('32',-0.64),('28',-0.68),('31',-0.73),('9',-0.73),('46',-0.76),('29',-0.81),('43',-0.84),('61',-0.87),('69',-0.88),('34',-0.93),('22',-0.96),('60',-0.99),('6',-1.06),('44',-1.18),('30',-1.23),('21',-1.24),('27',-1.25),('24',-1.27),('68',-1.27),('50',-1.29),('63',-1.3),('20',-1.39),('12',-1.47),('67',-1.51),('42',-1.52),('56',-1.59),('72',-1.62),('66',-1.63),('8',-1.66),('26',-1.68),('3',-1.8),('13',-1.81),('59',-1.81),('10',-1.86),('57',-1.94),('15',-1.97),('40',-2.26),('2',-2.36),('54',-2.38),('7',-2.57),('5',-2.78),('19',-3.38),('74',-3.55),('64',-6.5);
/*!40000 ALTER TABLE `tb_fr_category_20190711` ENABLE KEYS */;
UNLOCK TABLES;

--
-- Table structure for table `tb_fr_category_20190712`
--

DROP TABLE IF EXISTS `tb_fr_category_20190712`;
/*!40101 SET @saved_cs_client     = @@character_set_client */;
/*!40101 SET character_set_client = utf8 */;
CREATE TABLE `tb_fr_category_20190712` (
  `category_code` char(6) DEFAULT NULL,
  `category_falling_rate` float DEFAULT '0',
  KEY `category_code` (`category_code`),
  CONSTRAINT `tb_fr_category_20190712_ibfk_1` FOREIGN KEY (`category_code`) REFERENCES `tb_category_list` (`category_code`) ON DELETE CASCADE ON UPDATE CASCADE
) ENGINE=InnoDB DEFAULT CHARSET=utf8;
/*!40101 SET character_set_client = @saved_cs_client */;

--
-- Dumping data for table `tb_fr_category_20190712`
--

LOCK TABLES `tb_fr_category_20190712` WRITE;
/*!40000 ALTER TABLE `tb_fr_category_20190712` DISABLE KEYS */;
INSERT INTO `tb_fr_category_20190712` VALUES ('25',3.14),('71',1.74),('65',1.38),('58',1.19),('11',0.94),('70',0.94),('52',0.78),('51',0.5),('37',0.42),('4',0.35),('17',0.3),('62',0.08),('48',0.03),('23',0.01),('32',-0.02),('18',-0.08),('38',-0.08),('75',-0.11),('55',-0.13),('45',-0.19),('49',-0.22),('43',-0.27),('35',-0.32),('41',-0.34),('36',-0.36),('53',-0.4),('31',-0.41),('47',-0.43),('16',-0.43),('28',-0.45),('29',-0.47),('46',-0.47),('9',-0.48),('1',-0.51),('33',-0.51),('14',-0.62),('34',-0.66),('22',-0.77),('60',-0.8),('69',-0.8),('61',-0.81),('24',-0.82),('6',-0.82),('27',-0.93),('68',-1.08),('20',-1.08),('44',-1.13),('56',-1.14),('67',-1.15),('12',-1.17),('72',-1.21),('21',-1.22),('30',-1.27),('15',-1.3),('42',-1.42),('63',-1.43),('8',-1.49),('57',-1.55),('50',-1.58),('10',-1.62),('3',-1.67),('26',-1.67),('5',-1.67),('13',-1.68),('59',-1.7),('66',-1.79),('40',-1.85),('2',-2),('7',-2.15),('54',-2.35),('19',-3.09),('74',-3.2),('64',-7.06);
/*!40000 ALTER TABLE `tb_fr_category_20190712` ENABLE KEYS */;
UNLOCK TABLES;

--
-- Table structure for table `tb_fr_category_20190715`
--

DROP TABLE IF EXISTS `tb_fr_category_20190715`;
/*!40101 SET @saved_cs_client     = @@character_set_client */;
/*!40101 SET character_set_client = utf8 */;
CREATE TABLE `tb_fr_category_20190715` (
  `category_code` char(6) DEFAULT NULL,
  `category_falling_rate` float DEFAULT '0',
  KEY `category_code` (`category_code`),
  CONSTRAINT `tb_fr_category_20190715_ibfk_1` FOREIGN KEY (`category_code`) REFERENCES `tb_category_list` (`category_code`) ON DELETE CASCADE ON UPDATE CASCADE
) ENGINE=InnoDB DEFAULT CHARSET=utf8;
/*!40101 SET character_set_client = @saved_cs_client */;

--
-- Dumping data for table `tb_fr_category_20190715`
--

LOCK TABLES `tb_fr_category_20190715` WRITE;
/*!40000 ALTER TABLE `tb_fr_category_20190715` DISABLE KEYS */;
INSERT INTO `tb_fr_category_20190715` VALUES ('71',1.82),('25',1.71),('4',1),('58',0.88),('65',0.83),('37',0.52),('51',0.48),('11',0.42),('45',0.36),('9',0.21),('70',0.18),('18',0.16),('23',0.1),('75',0.1),('35',0.08),('17',0),('52',0),('49',-0.04),('55',-0.18),('48',-0.21),('22',-0.21),('62',-0.23),('1',-0.29),('16',-0.35),('53',-0.52),('41',-0.53),('31',-0.58),('69',-0.59),('32',-0.61),('29',-0.62),('46',-0.64),('14',-0.65),('36',-0.66),('63',-0.72),('43',-0.81),('20',-0.82),('38',-0.86),('30',-0.87),('6',-0.9),('66',-0.9),('61',-0.97),('34',-0.98),('67',-1.01),('28',-1.02),('47',-1.02),('60',-1.03),('44',-1.2),('50',-1.22),('27',-1.25),('12',-1.26),('21',-1.26),('57',-1.28),('68',-1.34),('13',-1.35),('72',-1.36),('26',-1.38),('8',-1.46),('10',-1.46),('42',-1.47),('56',-1.5),('59',-1.52),('24',-1.6),('3',-1.65),('15',-1.72),('54',-1.77),('40',-1.78),('7',-1.95),('5',-1.98),('2',-2.19),('33',-2.53),('74',-3.05),('19',-3.09),('64',-5.44);
/*!40000 ALTER TABLE `tb_fr_category_20190715` ENABLE KEYS */;
UNLOCK TABLES;

--
-- Table structure for table `tb_price_20190709`
--

DROP TABLE IF EXISTS `tb_price_20190709`;
/*!40101 SET @saved_cs_client     = @@character_set_client */;
/*!40101 SET character_set_client = utf8 */;
CREATE TABLE `tb_price_20190709` (
  `stock_code` char(6) DEFAULT NULL,
  `stock_name` varchar(50) DEFAULT NULL,
  `stock_price` int(11) DEFAULT '0'
) ENGINE=InnoDB DEFAULT CHARSET=utf8;
/*!40101 SET character_set_client = @saved_cs_client */;

--
-- Dumping data for table `tb_price_20190709`
--

LOCK TABLES `tb_price_20190709` WRITE;
/*!40000 ALTER TABLE `tb_price_20190709` DISABLE KEYS */;
INSERT INTO `tb_price_20190709` VALUES ('5930','삼성전자',45100),('660','SK하이닉스',69800),('5935','삼성전자우',37300),('5380','현대차',137500),('68270','셀트리온',192500),('51910','LG화학',337500),('12330','현대모비스',231000),('5490','POSCO',240000),('55550','신한지주',43650),('17670','SK텔레콤',255000),('207940','삼성바이오로직스',303500),('51900','LG생활건강',1264000),('35420','NAVER',115500),('105560','KB금융',43350),('270','기아차',43350),('28260','삼성물산',92300),('18260','삼성에스디에스',213000),('15760','한국전력',25500),('32830','삼성생명',79800),('34730','SK',223000),('6400','삼성SDI',227500),('96770','SK이노베이션',166500),('33780','KT&G',97700),('3550','LG',74800),('810','삼성화재',260000),('66570','LG전자',70600),('35720','카카오',131000),('86790','하나금융지주',35500),('36570','엔씨소프트',484500),('10950','S-Oil',87200),('316140','우리금융지주',13700),('90430','아모레퍼시픽',159000),('11170','롯데케미칼',250000),('251270','넷마블',98500),('10130','고려아연',442000),('9540','한국조선해양',113000),('24110','기업은행',13650),('91990','셀트리온헬스케어',53000),('30200','KT',27750),('9150','삼성전기',90200),('35250','강원랜드',30650),('86280','현대글로비스',160000),('32640','LG유플러스',13700),('18880','한온시스템',11200),('34220','LG디스플레이',16500),('21240','웅진코웨이',77400),('4020','현대제철',40100),('720','현대건설',47850),('267250','현대중공업지주',325500),('2790','아모레G',62900),('6800','미래에셋대우',7760),('10140','삼성중공업',7570),('78930','GS',50900),('81660','휠라코리아',71300),('4990','롯데지주',41050),('71050','한국금융지주',77200),('97950','CJ제일제당',284000),('23530','롯데쇼핑',151000),('29780','삼성카드',36100),('36460','한국가스공사',43400),('161390','한국타이어앤테크놀로지',32300),('88980','맥쿼리인프라',11450),('5940','NH투자증권',14000),('139480','이마트',139000),('5830','DB손해보험',54200),('210','대림산업',109000),('12750','에스원',99000),('35760','CJ ENM',170500),('241560','두산밥캣',35650),('9830','한화케미칼',21850),('128940','한미약품',295000),('271560','오리온',86500),('8770','호텔신라',85400),('282330','BGF리테일',193500),('42660','대우조선해양',31100),('16360','삼성증권',37200),('30000','제일기획',28800),('47810','한국항공우주',33400),('8560','메리츠종금증권',5240),('28050','삼성엔지니어링',16300),('8930','한미사이언스',48450),('5387','현대차2우B',85600),('3670','포스코케미칼',51200),('3410','쌍용양회',5960),('120','CJ대한통운',130500),('7070','GS리테일',38650),('215600','신라젠',42000),('100','유한양행',229500),('6360','GS건설',35600),('2380','KCC',264000),('1040','CJ',95500),('84990','헬릭스미스',172000),('11780','금호석유',89200),('3490','대한항공',28550),('4170','신세계',271000),('88350','한화생명',2995),('263750','펄어비스',197500),('28670','팬오션',4805),('11070','LG이노텍',104500),('86900','메디톡스',425000),('7310','오뚜기',678000),('79440','오렌지라이프',29600),('1450','현대해상',26950),('138930','BNK금융지주',7340),('17800','현대엘리베이',82900),('47050','포스코인터내셔널',18150),('60','메리츠화재',19550),('10060','OCI',91400),('880','한화',26150),('138040','메리츠금융지주',13850),('47040','대우건설',4670),('5385','현대차우',79100),('253450','스튜디오드래곤',66900),('69960','현대백화점',79000),('12510','더존비즈온',61300),('10620','현대미포조선',45000),('26960','동서',17950),('20150','일진머티리얼즈',37750),('150','두산',94900),('69620','대웅제약',146500),('39490','키움증권',76500),('180640','한진칼',28500),('145020','휴젤',381500),('294870','HDC현대산업개발',37750),('64350','현대로템',19200),('32500','케이엠더블유',42000),('51905','LG생활건강우',767000),('111770','영원무역',35950),('12450','한화에어로스페이스',30700),('9240','한샘',67000),('36490','SK머티리얼즈',147600),('3240','태광산업',1391000),('4800','효성',72200),('80','하이트진로',21600),('6260','LS',46750),('11790','SKC',39350),('4370','농심',241000),('51915','LG화학우',189000),('34230','파라다이스',15950),('68760','셀트리온제약',42450),('10120','LS산전',48100),('240','한국테크놀로지그룹',15400),('214320','이노션',69600),('9420','한올바이오파마',26500),('51600','한전KPS',30550),('6280','녹십자',117500),('56190','에스에프에이',37900),('11210','현대위아',49450),('204320','만도',28600),('4000','롯데정밀화학',51900),('181710','NHN',68400),('20560','아시아나항공',6020),('1740','SK네트웍스',5350),('139130','DGB금융지주',7790),('31430','신세계인터내셔날',184500),('670','영풍',711000),('161890','한국콜마',58000),('28300','에이치엘비',32850),('5300','롯데칠성',160500),('5440','현대그린푸드',13050),('7700','F&F',82200),('41960','코미팜',21650),('114090','GKL',20050),('78340','컴투스',96000),('95700','제넥신',60000),('57050','현대홈쇼핑',101500),('34020','두산중공업',6010),('42670','두산인프라코어',5760),('98460','고영',84900),('11200','현대상선',3635),('247540','에코프로비엠',56100),('175330','JB금융지주',5780),('73240','금호타이어',3960),('120110','코오롱인더',42000),('307950','현대오토에버',53300),('240810','원익IPS',22800),('25980','아난티',13550),('10780','아이에스동서',35850),('14820','동원시스템즈',43150),('49770','동원F&B',283500),('192080','더블유게임즈',59600),('28150','GS홈쇼핑',165700),('5850','에스엘',22550),('9410','태영건설',14200),('1800','오리온홀딩스',17100),('284740','쿠쿠홈시스',47000),('280360','롯데제과',163500),('48260','오스템임플란트',73000),('298380','에이비엘바이오',22650),('5250','녹십자홀딩스',21750),('46890','서울반도체',17500),('3380','하림지주',10900),('3000','부광약품',16000),('192820','코스맥스',101000),('3690','코리안리',8180),('71840','롯데하이마트',41350),('18250','애경산업',36200),('30190','NICE평가정보',15700),('23590','다우기술',21050),('36830','솔브레인',54200),('3090','대웅',16100),('192400','쿠쿠홀딩스',131000),('185750','종근당',88600),('14680','한솔케미칼',80100),('69260','휴켐스',22050),('20000','한섬',36400),('90435','아모레퍼시픽우',84400),('2350','넥센타이어',9110),('41510','에스엠',37800),('58470','리노공업',57200),('178920','SKC코오롱PI',29500),('1680','대상',25000),('3520','영진약품',4730),('6040','동원산업',235000),('241590','화승엔터프라이즈',14250),('6650','대한유화',130500),('38540','상상인',18200),('8060','대덕전자',10750),('5610','SPC삼립',96700),('214370','케어젠',76500),('32350','롯데관광개발',11900),('170900','동아에스티',97000),('22100','포스코 ICT',5380),('12630','HDC',13500),('79160','CJ CGV',38100),('91700','파트론',14700),('105630','한세실업',19850),('145720','덴티움',71100),('115390','락앤락',14500),('140410','메지온',90000),('34310','NICE',20550),('35900','JYP Ent.',21900),('9970','영원무역홀딩스',56900),('250','삼천당제약',35000),('89590','제주항공',29000),('200130','콜마비앤에이치',25650),('85620','미래에셋생명',4270),('214150','클래시스',12100),('85660','차바이오텍',14250),('93370','후성',7950),('52690','한전기술',19100),('267270','현대건설기계',37000),('18670','SK가스',79100),('278280','천보',72000),('78070','유비쿼스홀딩스',38500),('103140','풍산',25400),('1120','LG상사',18300),('67160','아프리카TV',61600),('33640','네패스',30500),('5290','동진쎄미켐',13650),('218410','RFHIC',29600),('82640','동양생명',4295),('5180','빙그레',70000),('39030','이오테크닉스',55900),('1230','동국제강',7210),('93050','LF',23500),('36420','제이콘텐트리',4725),('25540','한국단자',65300),('112610','씨에스윈드',39300),('64960','S&T모티브',46050),('96530','씨젠',25600),('115450','지트리비앤티',26850),('3540','대신증권',12950),('27410','BGF',6810),('64760','티씨케이',55700),('5880','대한해운',26600),('33290','코웰패션',7150),('66970','엘앤에프',26100),('69080','웹젠',18150),('267980','매일유업',81700),('108320','실리콘웍스',39200),('70','삼양홀딩스',73700),('2270','롯데푸드',555000),('79550','LIG넥스원',28500),('1430','세아베스틸',17400),('53800','안랩',62200),('285130','SK케미칼',52700),('71320','지역난방공사',52800),('4490','세방전지',43600),('298020','효성티앤씨',140500),('3470','유안타증권',3000),('33660','아주캐피탈',10400),('815','삼성화재우',186000),('1060','JW중외제약',29000),('39840','디오',37900),('640','동아쏘시오홀딩스',95800),('990','DB하이텍',13100),('6840','AK홀딩스',43700),('48410','현대바이오',16900),('1440','대한전선',674),('86450','동국제약',64800),('39200','오스코텍',20350),('34830','한국토지신탁',2245),('42000','카페24',60000),('90460','비에이치',17600),('151910','나노스',5160),('83790','크리스탈',13900),('286940','롯데정보통신',39100),('298050','효성첨단소재',124000),('108670','LG하우시스',61900),('1720','신영증권',59100),('272450','진에어',18450),('00680K','미래에셋대우2우B',3930),('145990','삼양사',53400),('29960','코엔텍',10950),('6390','한일현대시멘트',32400),('3620','쌍용차',3635),('86520','에코프로',24350),('6060','화승인더',9700),('23890','한국아트라스비엑스',58500),('39130','하나투어',46000),('141080','레고켐바이오',50000),('2240','고려제강',26300),('4430','송원산업',21800),('112040','위메이드',31100),('1630','종근당홀딩스',103500),('19680','대교',6110),('66575','LG전자우',29900),('78130','국일제지',4235),('3850','보령제약',11600),('37560','CJ헬로',6610),('3230','삼양식품',67900),('6120','SK디스커버리',26850),('298000','효성화학',160000),('82270','젬백스',14250),('9450','경동나비엔',40000),('6730','서부T&D',9130),('122870','와이지엔터테인먼트',27700),('300720','한일시멘트',120500),('271980','제일약품',33850),('53210','스카이라이프',10400),('243070','휴온스',55300),('25860','남해화학',10000),('10050','우리종금',734),('200230','텔콘RF제약',5970),('230360','에코마케팅',30400),('950160','코오롱티슈진',8010),('2210','동성제약',18800),('78160','메디포스트',31050),('210980','SK디앤디',25500),('13120','동원개발',5320),('24720','한국콜마홀딩스',26900),('7390','네이처셀',9070),('61970','엘비세미콘',11000),('7570','일양약품',25100),('178320','서진시스템',26250),('263050','유틸렉스',65000),('31390','녹십자셀',39600),('73070','에스모',5360),('239610','에이치엘사이언스',91200),('2990','금호산업',13000),('5690','파미셀',7800),('1820','삼화콘덴서',44800),('226320','잇츠한불',21150),('29530','신도리코',45850),('183490','엔지켐생명과학',58600),('17810','풀무원',12050),('97230','한진중공업',5500),('11280','태림포장',6420),('138080','오이솔루션',58500),('123890','한국자산신탁',3995),('272290','이녹스첨단소재',48650),('215000','골프존',71400),('60980','한라홀딩스',42750),('199800','툴젠',68500),('182400','엔케이맥스',14200),('60250','NHN한국사이버결제',19200),('126560','현대에이치씨엔',3890),('11160','두산건설',1350),('370','한화손해보험',3745),('97520','엠씨넥스',24600),('92040','아미코젠',22550),('192650','드림텍',7410),('14830','유니드',48300),('23410','유진기업',5550),('249420','일동제약',18850),('2960','한국쉘석유',323500),('11690','유양디앤유',7180),('314130','지놈앤컴퍼니',51100),('950180','SNK',19750),('35600','KG이니시스',14900),('1520','동양',1735),('15350','부산가스',37300),('43150','바텍',27550),('94800','맵스리얼티1',4400),('36540','SFA반도체',2875),('84110','휴온스글로벌',37100),('72710','농심홀딩스',87300),('3920','남양유업',560000),('92730','네오팜',49000),('48530','인트론바이오',13400),('196170','알테오젠',29550),('3530','한화투자증권',2315),('122990','와이솔',16450),('122900','아이마켓코리아',11050),('2320','한진',32950),('5500','삼진제약',28350),('88260','이리츠코크렙',6210),('47310','파워로직스',11400),('7460','에이프로젠 KIC',2595),('293480','하나제약',24150),('88800','에이스테크',10050),('42700','한미반도체',6770),('45390','대아티아이',5440),('268280','미원에스씨',74100),('192440','슈피겐코리아',62200),('17940','E1',56300),('152330','코리아오토글라스',19250),('52020','에스티큐브',14200),('65660','안트로젠',44200),('215200','메가스터디교육',32150),('1725','신영증권우',53800),('214450','파마리서치프로덕트',39650),('38500','삼표시멘트',3520),('17390','서울가스',75500),('237880','클리오',22200),('4690','삼천리',92600),('950110','SBI핀테크솔루션즈',15150),('9290','광동제약',7120),('96760','JW홀딩스',5770),('8490','서흥',32100),('213420','덕산네오룩스',15400),('229500','노브메타파마',42000),('58650','세아홀딩스',92100),('8350','남선알미늄',3340),('298690','에어부산',7050),('138250','엔에스쇼핑',10850),('234080','JW생명과학',23000),('60570','드림어스컴퍼니',6520),('51500','CJ프레시웨이',30550),('17960','한국카본',8250),('33270','유나이티드제약',22350),('30610','교보증권',10050),('68240','다원시스',13500),('81000','일진다이아',32050),('224760','엔에스컴퍼니',91500),('183190','아세아시멘트',92500),('228760','지노믹트리',17850),('33180','필룩스',5520),('25900','동화기업',17500),('99190','아이센스',25650),('67630','에이치엘비생명과학',7520),('16800','퍼시스',30400),('79430','현대리바트',16950),('44340','위닉스',19400),('3800','에이스침대',31200),('80160','모두투어',18300),('49950','미래컴퍼니',42300),('70960','용평리조트',7140),('255440','야스',26100),('480','조선내화',85100),('34120','SBS',18600),('32190','다우데이타',8860),('5720','넥센',6330),('41830','인바디',24650),('213500','한솔제지',14150),('25770','한국정보통신',8670),('2780','진흥기업',2300),('80420','모다이노칩',4190),('293940','신한알파리츠',6990),('58820','CMG제약',3050),('2150','도화엔지니어링',9830),('1880','삼호',21800),('155','두산우',74800),('19170','신풍제약',6210),('1130','대한제분',194500),('53580','웹케시',48500),('2390','한독',23750),('267260','현대일렉트릭',16050),('7340','디티알오토모티브',32600),('95720','웅진씽크빅',2415),('144510','녹십자랩셀',30600),('9680','모토닉',9750),('8730','율촌화학',12950),('35810','이지바이오',5540),('2100','경농',14750),('2310','아세아제지',35700),('1510','SK증권',676),('2620','제일파마홀딩스',20000),('108230','톱텍',8670),('123860','아나패스',31300),('15750','성우하이텍',3960),('265520','AP시스템',22400),('281820','케이씨텍',15900),('16580','환인제약',16900),('3220','대원제약',15950),('16450','한세예스24홀딩스',7830),('16590','신대양제지',77600),('101060','SBS미디어홀딩스',2235),('31440','신세계푸드',80600),('3300','한일홀딩스',52000),('00088K','한화3우B',13850),('100120','뷰웍스',30950),('131970','테스나',45150),('970','한국주철관',13550),('38290','마크로젠',29100),('65620','제낙스',13650),('34950','한국기업평가',67400),('174900','앱클론',42650),('119860','다나와',23350),('33920','무학',10700),('52400','코나아이',19450),('41190','우리기술투자',3600),('5810','풍산홀딩스',38550),('237690','에스티팜',16150),('400','롯데손해보험',2240),('9580','무림P&P',4815),('36930','주성엔지니어링',6210),('30530','원익홀딩스',3875),('10170','대한광통신',4050),('53030','바이넥스',9390),('95660','네오위즈',13600),('78520','에이블씨엔씨',11000),('78020','이베스트투자증권',5350),('39560','다산네트웍스',9530),('115960','연우',23750),('50890','쏠리드',5640),('268600','셀리버리',37600),('60150','인선이엔티',7650),('67990','도이치모터스',10450),('1500','현대차증권',9970),('32620','유비케어',5600),('208340','파멥신',42500),('95610','테스',14700),('53950','경남제약',17200),('89600','나스미디어',33000),('14620','성광벤드',10100),('217730','강스템바이오텍',13800),('251970','펌텍코리아',151900),('298040','효성중공업',30650),('91810','티웨이항공',6080),('41140','넥슨지티',8060),('19210','와이지-원',9330),('2810','삼영무역',16100),('84680','이월드',3130),('74600','원익QnC',10750),('74610','나노메딕스',8940),('143240','사람인에이치알',24250),('36630','세종텔레콤',468),('102940','코오롱생명과학',24500),('67280','멀티캠퍼스',47050),('179900','유티아이',17500),('104480','티케이케미칼',3050),('50','경방',10100),('7690','국도화학',47650),('71055','한국금융지주우',47200),('11760','현대상사',20900),('3560','IHQ',1885),('37710','광주신세계',172000),('30520','한글과컴퓨터',11900),('104700','한국철강',5920),('25000','KPX케미칼',56300),('102710','이엔에프테크놀로지',19150),('67080','대화제약',14900),('12610','경인양행',6690),('214870','뉴지랩',10900),('49070','인탑스',15700),('35890','서희건설',1300),('104830','원익머트리얼즈',21250),('166090','하나머티리얼즈',13600),('63570','한국전자금융',7810),('18290','지엠피',9780),('226950','올릭스',40650),('540','흥국화재',4100),('23160','태광',9930),('28100','동아지질',22800),('272550','삼양패키징',18400),('430','대원강업',4215),('4360','세방',13500),('119610','인터로조',22950),('20','동화약품',9310),('84690','대상홀딩스',7130),('214180','민앤지',20350),('78600','대주전자재료',17650),('229640','LS전선아시아',8380),('102260','동성코퍼레이션',5640),('143160','아이디스',23900),('16250','이테크건설',91200),('6490','인스코비',2820),('7160','사조산업',50800),('101530','해태제과식품',8720),('95270','웨이브일렉트로',23400),('1940','KISCO홀딩스',13650),('243840','신흥에스이씨',38450),('102460','이연제약',15000),('15360','예스코홀딩스',41900),('63080','게임빌',38000),('299660','셀리드',26200),('159580','제로투세븐',12500),('680','LS네트웍스',3170),('4380','삼익THK',11850),('136480','하림',2860),('78150','HB테크놀러지',3135),('89980','상아프론테크',16800),('140860','파크시스템스',37150),('92230','KPX홀딩스',58300),('200670','휴메딕스',24700),('23900','풍국주정',19450),('136490','선진',10300),('140','하이트진로홀딩스',10550),('161000','애경유화',7640),('42520','한스바이오메드',24700),('10955','S-Oil우',60700),('5070','코스모신소재',12350),('51370','인터플렉스',10450),('36530','S&T홀딩스',14950),('54950','제이브이엠',38450),('79980','휴비스',7010),('87010','펩트론',15700),('84370','유진테크',10500),('1200','유진투자증권',2470),('11040','경동제약',9000),('2030','아세아',109000),('267850','아시아나IDT',21500),('86820','바이오솔루션',29850),('206640','바디텍메드',10150),('228850','레이언스',14350),('950170','JTC',6800),('36800','나이스정보통신',23800),('3545','대신증권우',9150),('3120','일성신약',89400),('4700','조광피혁',35750),('13580','계룡건설',26600),('33500','동성화인텍',8800),('66700','테라젠이텍스',7670),('4150','한솔홀딩스',5030),('68400','AJ렌터카',10700),('9520','포스코엠텍',5670),('3030','세아제강지주',57000),('3570','S&T중공업',7080),('7110','일신석재',3030),('86390','유니테스트',11100),('110790','크리스에프앤씨',20000),('67390','아스트',9120),('13030','하이록코리아',17200),('54780','키이스트',2715),('95570','AJ네트웍스',4915),('121800','비덴트',8250),('236200','슈프리마',32450),('319660','피에스케이',15500),('3070','코오롱글로벌',9060),('82920','비츠로셀',10600),('60280','큐렉소',6840),('5680','삼영전자',11400),('220630','해마로푸드서비스',2395),('176440','에이치엔티',15700),('52260','SK바이오랜드',15100),('3200','일신방직',94200),('43610','지니뮤직',3890),('2840','미원상사',44850),('194370','제이에스코퍼레이션',16900),('18120','진로발효',29900),('214390','경보제약',9400),('86980','쇼박스',3570),('239340','줌인터넷',9420),('284610','TS트릴리온',5930),('1250','GS글로벌',2700),('183300','코미코',25350),('57500','SKC 솔믹스',3600),('293780','압타바이오',20300),('4970','신라교역',13750),('90360','로보스타',22500),('5960','동부건설',10500),('92130','이크레더블',18100),('2020','코오롱',17250),('195870','해성디에스',12800),('128820','대성산업',4740),('215360','우리산업',23300),('238090','앤디포스',5060),('11810','STX',10750),('31330','에스에이엠티',2120),('4980','성신양회',8640),('1270','부국증권',20400),('4060','SG세계물산',1045),('131370','알서포트',3965),('230240','에치에프알',17500),('93230','이아이디',531),('65530','전파기지국',3960),('263920','블러썸엠앤씨',22000),('36180','영인프런티어',11800),('7660','이수페타시스',5030),('72020','중앙백신',20800),('52330','코텍',13300),('85370','루트로닉',8160),('45100','한양이엔지',11500),('26890','디피씨',4965),('306200','세아제강',72800),('67290','JW신약',4955),('7820','에스엠코어',10300),('264450','유비쿼스',40200),('23770','플레이위드',52500),('194700','노바렉스',22850),('109740','디에스케이',10100),('23910','대한약품',34250),('35150','백산',8490),('1290','상상인증권',2135),('16610','DB금융투자',4830),('11930','신성이엔지',1180),('36580','팜스코',5550),('10600','웰바이오텍',4865),('97780','에스맥',920),('4960','한신공영',17550),('1530','DI동일',83800),('64260','다날',3400),('5390','신성통상',1410),('36190','금화피에스시',33500),('95190','이엠코리아',5520),('46440','KG모빌리언스',6700),('201490','미투온',6410),('121440','골프존뉴딘홀딩스',4675),('241710','코스메카코리아',18750),('214420','토니모리',11350),('7720','대명코퍼레이션',1985),('25320','시노펙스',2830),('220250','카이노스메드',14400),('35510','신세계 I&C',115000),('217270','넵튠',9000),('8700','아남전자',2555),('138490','코오롱플라스틱',5170),('64550','바이오니아',8890),('260930','씨티케이코스메틱스',19400),('191420','테고사이언스',24250),('9160','SIMPAC',2985),('91090','세원셀론텍',3195),('189300','인텔리안테크',26850),('222040','코스맥스엔비티',9410),('138690','엘아이에스',12150),('37460','삼지전자',11850),('44490','태웅',9650),('245620','EDGC',5330),('84010','대한제강',7820),('33240','자화전자',10700),('39440','에스티아이',12050),('121600','나노신소재',17550),('52710','아모텍',19500),('123420','선데이토즈',19850),('203690','프로스테믹스',4150),('33110','코너스톤네트웍스',1645),('68930','디지털대성',8400),('1780','알루코',2540),('136540','윈스',15600),('53610','프로텍',18300),('89030','테크윙',9740),('49960','쎌바이오텍',19900),('60720','KH바텍',8830),('282690','동아타이어',13550),('2170','삼양통상',61900),('29460','케이씨',13700),('700','유수홀딩스',7100),('17890','한국알콜',8550),('263720','디앤씨미디어',15300),('72520','제넨바이오',2730),('1790','대한제당',20800),('175250','아이큐어',28650),('91120','이엠텍',11400),('5389','현대차3우B',75300),('251370','와이엠티',24650),('8040','사조동아원',1290),('43370','평화정공',8660),('93320','케이아이엔엑스',37250),('206650','유바이오로직스',6760),('75580','세진중공업',4710),('108790','인터파크',5430),('14470','부방',3800),('54050','농우바이오',11200),('67170','오텍',11650),('312610','에이에프더블류',17700),('30790','동양네트웍스',1770),('168490','한국패러랠',2230),('33160','엠케이전자',8170),('77500','유니퀘스트',6540),('36890','진성티이씨',7870),('299900','위지윅스튜디오',19200),('5990','매일홀딩스',12850),('206560','덱스터',7150),('16380','동부제철',6450),('3960','사조대림',19100),('44820','코스맥스비티아이',18200),('2450','삼익악기',1920),('58610','에스피지',8300),('30210','KTB투자증권',2860),('9270','신원',2125),('5945','NH투자증권우',9090),('12030','DB',852),('180400','캔서롭',7740),('12700','리드코프',6370),('2795','아모레G우',26400),('74430','아미노로직스',1935),('18310','삼목에스폼',11550),('137940','넥스트아이',2200),('100700','세운메디칼',3860),('9460','한창제지',2825),('78890','가온미디어',11400),('115180','큐리언트',19700),('108490','로보티즈',14950),('520','삼일제약',25800),('270870','뉴트리',18550),('86890','이수앱지스',6290),('215','대림산업우',44000),('860','강남제비스코',25700),('56700','신화인터텍',5730),('5420','코스모화학',10350),('6620','동구바이오제약',17350),('290120','대유에이피',15300),('15890','태경산업',5690),('216050','인크로스',20600),('78000','텔코웨어',17100),('5740','크라운해태홀딩스',11150),('225570','넷게임즈',6890),('5090','삼광글라스',33950),('89470','HDC현대EP',5150),('2460','화성산업',13150),('232140','와이아이케이',2645),('125210','아모그린텍',9900),('196490','디에이테크놀로지',3100),('131390','피앤이솔루션',11400),('60310','3S',3620),('14990','인디에프',2750),('97955','CJ제일제당 우',122000),('59090','미코',5170),('44450','KSS해운',6980),('39570','HDC아이콘트롤스',9830),('122640','예스티',11550),('23600','삼보판지',9990),('77970','STX엔진',7020),('320','노루홀딩스',12150),('36030','KTH',4520),('299910','베스파',20050),('54450','텔레칩스',11900),('3555','LG우',48250),('30960','양지사',10000),('138580','비즈니스온',16700),('6380','카프로',3975),('67830','세이브존I&C',3860),('217480','에스디생명공학',7040),('226340','본느',5230),('111870','삼본전자',3060),('100790','미래에셋벤처투자',5120),('99320','쎄트렉아이',21600),('8970','동양철관',1320),('54670','대한뉴팜',10900),('37070','파세코',11150),('40910','아이씨디',9250),('38880','아이에이',645),('176560','포인트엔지니어링',25000),('123690','한국화장품',9640),('73490','이노와이어리스',25800),('290650','엘앤씨바이오',21100),('27050','코리아나',3860),('45970','코아시아',7690),('61040','알에프텍',7420),('15860','일진홀딩스',3115),('11370','서한',1515),('25620','제이준코스메틱',5760),('110990','디아이티',8080),('90350','노루페인트',7600),('83640','인콘',2185),('68290','삼성출판사',15100),('117580','대성에너지',5490),('65130','탑엔지니어링',9440),('52790','액토즈소프트',13300),('14200','광림',3025),('16100','리더스코스메틱',8240),('64240','홈캐스트',4625),('900140','엘브이엠씨홀딩스',2920),('21320','KCC건설',6970),('67900','와이엔텍',8190),('251630','브이원텍',9900),('6220','제주은행',4615),('190510','나무가',43200),('171120','라이온켐텍',8070),('225530','보광산업',4130),('96775','SK이노베이션우',118500),('65650','메디프론',5020),('122450','KMH',6520),('1390','KG케미칼',11850),('142760','바이오리더스',8340),('4270','남성',4065),('115160','휴맥스',6150),('4890','동일산업',60600),('111710','남화산업',7130),('69110','코스온',7850),('7980','태평양물산',2940),('8290','원풍물산',3820),('13570','디와이',5570),('89970','에이피티씨',6300),('302430','이노메트리',30300),('73560','우리손에프앤지',2110),('203650','드림시큐리티',4075),('187420','제노포커스',6770),('267290','경동도시가스',30900),('7210','벽산',2125),('90470','제이스텍',9980),('241690','유니테크노',12200),('82210','옵트론텍',6440),('96240','청담러닝',18900),('166480','코아스템',9220),('271400','알로이스',53100),('5950','이수화학',9450),('33340','좋은사람들',4820),('3460','유화증권',12700),('1460','BYC',230500),('71200','인피니트헬스케어',5900),('24810','이화전기',239),('38390','레드캡투어',16750),('27740','마니커',904),('153710','옵티팜',9950),('200880','서연이화',5290),('5160','동국산업',2635),('2700','신일산업',2010),('53980','오상자이엘',8040),('101330','모베이스',5950),('230','일동홀딩스',12950),('4200','고려개발',4680),('54800','아이디스홀딩스',13700),('6405','삼성SDI우',87600),('48550','SM C&C',1500),('290670','대보마그네틱',43600),('5430','한국공항',44500),('210540','디와이파워',12750),('4870','티웨이홀딩스',1835),('100250','진양홀딩스',2510),('100590','머큐리',9500),('37950','엘컴텍',1660),('4710','한솔테크닉스',6340),('890','보해양조',1225),('58400','KNN',1055),('49180','셀루메드',6780),('131030','디에이치피코리아',8430),('390','삼화페인트',5280),('3830','대한화섬',105000),('200780','비씨월드제약',17400),('24090','디씨엠',11900),('4310','현대약품',4350),('89010','켐트로닉스',10000),('102280','쌍방울',1075),('1360','삼성제약',2365),('225190','삼양옵틱스',13750),('7680','대원',12500),('63160','종근당바이오',26400),('143210','핸즈코퍼레이션',6310),('94480','갤럭시아컴즈',3515),('60230','이그잭스',1930),('67370','선바이오',17900),('204620','글로벌텍스프리',3680),('36810','에프에스티',6750),('214430','아이쓰리시스템',19200),('277880','티에스아이',17500),('2360','SH에너지화학',1225),('248170','샘표식품',29800),('241770','메카로',13500),('3650','미창석유',78000),('180','성창기업지주',1945),('36200','유니셈',4420),('11330','유니켐',2110),('900100','뉴프라이드',1460),('290720','푸드나무',19800),('900250','크리스탈신소재',1985),('35000','지투알',8120),('11320','유니크',6930),('4250','NPC',3645),('1540','안국약품',10250),('69510','에스텍',12250),('490','대동공업',5620),('17900','광전자',2300),('14790','한라',3425),('100130','동국S&C',2320),('27360','아주IB투자',1115),('46140','SBS콘텐츠허브',6150),('66980','브레인콘텐츠',833),('151860','KG ETS',3660),('36560','영풍정밀',8340),('27390','한화갤러리아타임월드',21850),('20760','일진디스플',4630),('900290','GRT',1945),('35080','인터파크홀딩스',2235),('101000','상상인인더스트리',3125),('161580','필옵틱스',7500),('222080','씨아이에스',2420),('54620','APS홀딩스',6360),('92220','KEC',1110),('72870','메가스터디',10850),('144960','뉴파워프라즈마',15650),('34590','인천도시가스',29500),('82800','루미마이크로',1730),('2760','보락',2145),('126700','하이비젼시스템',8590),('15710','코콤',7300),('141000','비아트론',10550),('13520','화승알앤에이',1975),('7330','푸른저축은행',8450),('3350','한국화장품제조',28100),('54210','이랜텍',6190),('4560','현대비앤지스틸',8440),('89890','코세스',7550),('35620','바른손이앤에이',1800),('45520','크린앤사이언스',19550),('101140','비티원',3775),('222800','심텍',5580),('16710','대성홀딩스',7870),('13990','아가방컴퍼니',3840),('14160','대영포장',1165),('4650','창해에탄올',13700),('100090','삼강엠앤티',4565),('9200','무림페이퍼',3020),('50110','캠시스',2100),('46210','파나진',3900),('234920','자이글',9260),('130580','나이스디앤비',8120),('1340','백광산업',2775),('11390','부산산업',118000),('56080','유진로봇',3320),('63170','서울옥션',7360),('92440','기신정기',4260),('39830','오로라',11550),('152550','한국ANKOR유전',1775),('289080','SV인베스트먼트',2330),('40350','큐로컴',1130),('1260','남광토건',12600),('20710','시공테크',6170),('65560','녹원씨엔아이',7950),('65710','서호전기',24000),('32790','엠젠플러스',7290),('900300','오가닉티코스메틱',2165),('5710','대원산업',6150),('179290','엠아이텍',4050),('4440','대림씨엔에스',9670),('60240','룽투코리아',5080),('53280','예스24',7140),('3160','디아이',3890),('19550','SBI인베스트먼트',756),('101490','에스앤에스텍',6200),('138360','에이씨티',4480),('108380','대양전기공업',12750),('149950','아바텍',7790),('34300','신세계건설',30350),('14530','극동유화',3480),('126870','뉴로스',5360),('109960','에이프로젠 H&G',677),('39860','나노엔텍',4590),('10960','삼호개발',4825),('1140','국보',7160),('123040','엠에스오토텍',3860),('144620','코오롱머티리얼',1750),('87730','네패스신소재',6830),('19440','세아특수강',14000),('69460','대호에이엘',4415),('200710','에이디테크놀로지',12900),('38680','에스넷',7430),('12800','대창',1310),('7810','코리아써키트',5050),('73110','엘엠에스',13400),('1045','CJ우',52700),('89140','넥스턴',10050),('214270','퓨쳐스트림네트웍스',1330),('79370','제우스',11450),('91580','상신이디피',9380),('95340','ISC',8400),('263540','샘코',14750),('65060','지엔코',1205),('227610','아우딘퓨쳐스',11800),('228340','동양파일',5900),('60590','씨티씨바이오',6110),('23000','삼원강재',2945),('109610','에스와이',4720),('35610','솔본',4300),('42370','비츠로테크',5260),('23760','한국캐피탈',699),('39340','한국경제TV',5110),('71460','대유위니아',3265),('40420','정상제이엘에스',7490),('227840','현대코퍼레이션홀딩스',12900),('42420','네오위즈홀딩스',13250),('264900','크라운제과',9370),('214330','금호에이치티',5090),('68790','DMS',5080),('225330','씨엠에스에듀',6260),('103590','일진전기',3145),('73570','WI',8380),('47400','유니온머티리얼',2765),('77360','덕산하이메탈',5110),('309900','티티씨디펜스',11600),('238490','힘스',20500),('17180','명문제약',4720),('86960','한컴MDS',13100),('4840','DRB동일',5800),('207760','미스터블루',4715),('9780','엠에스씨',6560),('79940','가비아',8520),('100840','S&TC',15350),('33530','세종공업',5100),('290380','대유',12700),('36670','KCI',10200),('13870','지엠비코리아',6020),('263770','유에스티',4835),('3060','에이프로젠제약',1060),('94280','효성ITX',9900),('160550','NEW',4100),('307930','컴퍼니케이',7310),('2630','오리엔트바이오',499),('34940','조아제약',4025),('22220','정산애강',2200),('3100','선광',17200),('51360','토비스',6780),('9155','삼성전기우',38900),('12160','영흥철강',1315),('12200','계양전기',3460),('15590','큐로',893),('12690','모나리자',3080),('168330','내츄럴엔도텍',5440),('215100','로보로보',6310),('7540','샘표',39050),('130660','한전산업',3440),('02826K','삼성물산우B',68900),('10040','한국내화',4900),('16090','대현',2520),('53300','한국정보인증',3575),('66620','국보디자인',14850),('65510','휴비츠',9370),('82740','HSD엔진',3365),('91970','나노캠텍',4840),('26180','현대정보기술',1855),('53690','한미글로벌',10050),('17370','우신시스템',6010),('173940','에프엔씨엔터',7660),('219420','링크제니시스',11000),('100220','비상교육',8430),('10820','퍼스텍',2340),('101160','월덱스',6620),('32560','황금에스티',7800),('49520','유아이엘',4990),('288620','에스퓨얼셀',18900),('5110','한창',3120),('2900','동양물산',1660),('5800','신영와코루',120500),('14280','금강공업',4465),('93190','빅솔론',5630),('1550','조비',20850),('88910','동우팜투테이블',4190),('1070','대한방직',20400),('25750','한솔홈데코',1340),('187220','디티앤씨',9850),('9810','엔케이물산',1290),('238200','비피도',26350),('58430','포스코강판',17950),('47770','코데즈컴바인',2845),('11785','금호석유우',35600),('100030','모바일리더',32750),('9300','삼아제약',16850),('950140','잉글우드랩',5400),('25560','미래산업',169),('155650','와이엠씨',5360),('1840','이화공영',5400),('38160','팍스넷',9650),('48870','시너지이노베이션',1710),('117670','알파홀딩스',7470),('102120','어보브반도체',6090),('6580','대양제지',3960),('65150','MP그룹',1315),('34810','해성산업',10800),('60560','홈센타홀딩스',1240),('197210','리드',5920),('89230','THE E&M',1000),('255220','SG',8400),('14710','사조씨푸드',6100),('246710','티앤알바이오팹',12550),('33100','제룡전기',6510),('96630','에스코넥',1600),('18000','유니슨',1115),('19010','베뉴지',2160),('99750','이지케어텍',16300),('36000','예림당',4515),('7860','서연',4420),('650','천일고속',72500),('16880','웅진',1395),('9320','대우부품',2170),('2880','대유에이텍',966),('5870','휴니드',7300),('120030','조선선재',81900),('211270','AP위성',6860),('47820','초록뱀',1345),('185490','아이진',9300),('75180','새론오토모티브',5350),('52420','오성첨단소재',1835),('52860','아이앤씨',5850),('3080','성보화학',5100),('69920','아이에스이커머스',4000),('93920','서원인텍',5480),('38460','바이오스마트',5100),('1470','삼부토건',820),('14100','보령메디앙스',8610),('91590','남화토건',8650),('14580','백광소재',3680),('17040','광명전기',2340),('71970','STX중공업',3595),('104200','NHN벅스',6800),('2800','신신제약',6640),('69410','엔텔스',14600),('33830','티비씨',1005),('79970','투비소프트',3785),('267790','배럴',12900),('94850','참좋은여행',7150),('234070','에이원알폼',28300),('16790','현대사료',16250),('83310','엘오티베큠',7530),('65170','넥스트BT',1610),('111110','호전실업',12450),('4450','삼화왕관',46200),('51160','지어소프트',6800),('3480','한진중공업홀딩스',3355),('32820','우리기술',1035),('33130','디지틀조선',2665),('46120','오르비텍',4155),('55490','테이팩스',20950),('127160','매직마이크로',1655),('85310','엔케이',1235),('42510','라온시큐어',3105),('53350','이니텍',4990),('192250','케이사인',1525),('241790','오션브릿지',10350),('83930','아바코',6160),('120240','대정화금',13850),('1570','금양',2230),('221840','하이즈항공',5550),('107590','미원홀딩스',42050),('205100','엑셈',2890),('234300','에스트래픽',8210),('850','화천기공',44450),('67310','하나마이크론',3845),('38340','UCI',6560),('224060','코디엠',666),('2600','조흥',162000),('58730','다스코',6310),('118990','모트렉스',3565),('33320','제이씨현시스템',5070),('11560','세보엠이씨',9190),('35290','더블유에프엠',4040),('263700','케어랩스',15050),('86080','다이노나',6280),('126880','제이엔케이히터',4700),('41440','에버다임',5370),('220260','켐트로스',4000),('1750','한양증권',7550),('4540','깨끗한나라',2580),('215790','이노인스트루먼트',4735),('4080','신흥',10000),('73640','삼원테크',1730),('16740','두올',3540),('66590','우수AMS',3880),('253840','수젠텍',7410),('31820','콤텍시스템',2000),('7590','동방아그로',7010),('242040','나무기술',3275),('53700','삼보모터스',5980),('6910','보성파워텍',2080),('64800','필링크',1490),('41930','동아화성',6030),('24060','흥구석유',6350),('140610','엔솔바이오사이언스',11000),('216280','원텍',23450),('9070','KCTC',3155),('9190','대양금속',7680),('131100','리켐',3490),('191600','티케이씨',36300),('40','KR모터스',498),('950130','엑세스바이오',3480),('3610','방림',2225),('88130','동아엘텍',8620),('217620','디딤',2540),('9730','코센',1530),('105840','우진',4950),('38060','루멘스',1980),('194480','데브시스터즈',8350),('119830','아이텍',14550),('260660','알리코제약',9700),('80220','제주반도체',3250),('9470','삼화전기',14050),('140070','서플러스글로벌',2510),('48910','대원미디어',7380),('21080','에이티넘인베스트',1930),('2300','한국제지',18500),('94170','동운아나텍',6790),('94820','일진파워',6130),('226360','이엑스티',3420),('58850','KTcs',2160),('174880','장원테크',3050),('900260','로스웰',1015),('290740','액트로',9200),('27710','팜스토리',1040),('8250','이건산업',8380),('23800','인지컨트롤스',6030),('12320','경동인베스트',38600),('180060','탑선',11400),('106190','하이텍팜',12850),('16600','큐캐피탈',650),('300','대유플러스',867),('6980','우성사료',2940),('11000','진원생명과학',4285),('5190','동성화학',17000),('134790','시디즈',45350),('65680','우주일렉트로',9130),('11150','CJ씨푸드',2510),('78590','두올산업',1705),('23450','동남합성',24850),('133820','화인베스틸',3045),('26040','제이에스티나',5450),('10690','화신',2575),('49080','기가레인',1720),('87260','모바일어플라이언스',5990),('1380','SG충방',1995),('200470','하이셈',5100),('96690','제이스테판',2470),('217600','켐온',1400),('9440','KC그린홀딩스',3985),('90850','이지웰페어',8190),('92460','한라IMS',7600),('61250','화일약품',6190),('4770','써니전자',2905),('5010','휴스틸',11700),('33170','시그네틱스',1040),('36120','SCI평가정보',2510),('900310','컬러레이',1650),('142280','녹십자엠에스',9260),('134380','미원화학',40600),('72470','우리산업홀딩스',4700),('41460','한국전자인증',4130),('176750','듀켐바이오',10000),('79190','EMW',2780),('215090','리퓨어유니맥스',4495),('43200','파루',2530),('131290','티에스이',7960),('148250','알엔투테크놀로지',12900),('263600','덕우전자',10850),('104620','노랑풍선',18450),('145210','세화아이엠씨',2990),('19685','대교우B',4520),('47560','이스트소프트',8860),('79960','동양이엔피',11150),('229000','젠큐릭스',16250),('193250','와이제이엠게임즈',1920),('150840','인트로메딕',4000),('257370','명성티엔에스',13750),('258830','세종메디칼',12900),('101240','씨큐브',10850),('24950','삼천리자전거',6580),('27040','서울전자통신',1255),('64090','에프앤리퍼블릭',1350),('78140','대봉엘에스',7870),('3580','넥스트사이언스',3715),('139670','키네마스터',12400),('90710','휴림로봇',1060),('99440','스맥',3140),('57880','필로시스헬스케어',2180),('80720','한국유니온제약',14700),('49480','오픈베이스',2750),('90370','메타랩스',1650),('49630','재영솔루텍',1185),('122350','삼기오토모티브',2785),('21040','대호피앤씨',1175),('163560','동일고무벨트',6430),('6340','대원전선',1260),('46070','코다코',2195),('95500','미래나노텍',3680),('100660','서암기계공업',6760),('160980','싸이맥스',8050),('259630','엠플러스',16650),('45660','에이텍',10300),('214680','디알텍',1750),('71670','에이테크솔루션',8490),('86040','바이오톡스텍',5820),('33540','파라텍',4995),('17550','수산중공업',1570),('3547','대신증권2우B',8470),('80000','에스엔유',2465),('140670','알에스오토메이션',9290),('122310','제노레이',18450),('250060','모비스',2625),('21820','세원정공',8440),('65950','웰크론',3110),('149980','하이로닉',5980),('43290','케이맥',11800),('222110','팬젠',8740),('182360','큐브엔터',3170),('170920','엘티씨',11200),('37330','인지디스플레',2365),('94940','푸른기술',12800),('41650','상신브레이크',3900),('263690','디알젬',7390),('104460','동양피엔에프',7810),('14970','삼륭물산',5530),('900270','헝셩그룹',1045),('222420','쎄노텍',2080),('19660','글로본',2870),('2200','수출포장',20850),('108860','셀바스AI',3780),('105740','디케이락',10050),('25440','대성엘텍',833),('6660','삼성공조',10200),('126600','코프라',3925),('4780','대륙제관',5210),('198440','고려시멘트',2585),('83660','CSA 코스믹',4170),('9770','삼정펄프',32900),('57540','옴니시스템',2015),('39010','현대통신',9500),('220100','퓨쳐켐',14250),('10660','화천기계',3720),('2230','피에스텍',4160),('5360','모나미',4300),('67570','엔브이에이치코리아',2825),('102210','해덕파워웨이',1100),('44480','바이오제네틱스',6590),('41910','에스텍파마',6800),('53620','태양',9370),('109860','동일금속',11500),('40300','YTN',1915),('214610','미코바이오메드',7000),('84730','팅크웨어',7700),('285490','노바텍',17350),('58860','KTis',2305),('195990','유지인트',726),('137400','피엔티',4520),('196450','디오스텍',644),('112240','에스에프씨',1815),('204630','화이브라더스코리아',2785),('302550','리메드',15300),('56360','코위버',8120),('4910','조광페인트',6200),('67000','조이시티',6730),('36260','이매진아시아',2220),('66110','한프',1500),('10240','흥국',6420),('15230','대창단조',39500),('43340','에쎈테크',1095),('66130','하츠',6150),('03473K','SK우',139000),('24800','유성티엔에스',2890),('500','가온전선',18900),('39610','화성밸브',7550),('47080','한빛소프트',3165),('58630','엠게임',4010),('137950','제이씨케미칼',3670),('53590','한국테크놀로지',1100),('42040','케이피엠테크',847),('2140','고려산업',3135),('26150','특수건설',5210),('2920','유성기업',3010),('246720','아스타',6800),('8260','NI스틸',2730),('94840','슈프리마에이치큐',7450),('203400','에이비온',6290),('119650','KC코트렐',5970),('65350','신성델타테크',3210),('24880','케이피에프',4455),('900280','골든센츄리',830),('150440','피노텍',8060),('69540','라이트론',5420),('53450','세코닉스',6480),('4720','우리들제약',6600),('114810','아이원스',5690),('187870','디바이스이엔지',11250),('44960','이글벳',6030),('124500','아이티센',4700),('36090','위지트',1045),('157','두산2우B',77000),('17510','세명전기',4975),('32850','비트컴퓨터',4560),('14440','영보화학',3790),('14190','원익큐브',2140),('2720','국제약품',4115),('43090','팜스웰바이오',2610),('37350','성도이엔지',4890),('156100','엘앤케이바이오',7010),('78940','코드네이처',1490),('26940','부국철강',3770),('204840','지엘팜텍',2100),('36170','씨티젠',2320),('31310','아이즈비전',4755),('1080','만호제강',18050),('60370','KT서브마린',3420),('90740','연이정보통신',4670),('129260','인터지스',2510),('12790','신일제약',9450),('155660','DSR',4665),('14130','한익스프레스',6220),('84670','동양고속',25750),('68330','일신바이오',1685),('1020','페이퍼코리아',827),('9310','참엔지니어링',1475),('6740','영풍제지',3345),('66670','디스플레이텍',3950),('7630','폴루스바이오팜',1890),('83420','그린케미칼',3690),('4090','한국석유',112500),('66430','와이오엠',6040),('217500','러셀',2315),('40610','SG&G',2160),('134780','화진',3060),('225650','쿠첸',6880),('92070','디엔에프',6830),('105550','트루윈',6650),('308100','까스텔바쟉',11100),('76610','해성옵틱스',2580),('80010','이상네트웍스',8100),('78650','코렌',1785),('50320','에이앤티앤',3220),('51630','진양화학',6080),('14570','고려제약',6630),('49720','고려신용정보',5100),('6090','사조오양',7730),('900340','윙입푸드',1800),('5750','대림B&Co',4360),('214310','세미콘라이트',1100),('30350','드래곤플라이',4535),('290660','네오펙트',6070),('226610','한국비엔씨',12000),('5860','한일사료',1835),('18620','우진비앤지',2780),('13310','아진산업',2375),('65940','바이오빌',1635),('131400','액트',4140),('11090','에넥스',1195),('590','CS홀딩스',62000),('79950','인베니아',3085),('38530','골드퍼시픽',2160),('63440','SM Life Design',1585),('13360','일성건설',1320),('6140','피제이전자',4745),('910','유니온',4555),('6370','대구백화점',6570),('84180','수성',5820),('73010','케이에스피',1960),('241820','피씨엘',7930),('41590','에너전트',1500),('50860','아세아텍',4050),('50120','라이브플렉스',830),('38070','서린바이오',9700),('10400','우진아이엔에스',9280),('37270','YG PLUS',1215),('40160','누리텔레콤',5850),('66900','디에이피',3100),('123570','이엠넷',3160),('101400','엔시트론',597),('43710','서울리거',2380),('78860','아이오케이',1765),('37370','EG',9350),('215380','우정바이오',2790),('50540','한국코퍼레이션',1805),('115310','인포바인',21900),('123410','코리아에프티',2510),('19590','엠벤처투자',1160),('93520','매커스',4315),('43650','국순당',3900),('205500','액션스퀘어',2625),('42940','상지카일룸',1675),('86670','비엠티',8510),('69640','한세엠케이',5360),('305090','마이크로디지탈',19050),('49550','잉크테크',4310),('46390','삼화네트웍스',1600),('48470','대동스틸',6880),('220','유유제약',10800),('17650','대림제지',1525),('50760','에스폴리텍',4200),('119850','지엔씨에너지',4200),('49430','코메론',7560),('58220','아리온',755),('94360','칩스앤미디어',9220),('60480','국일신동',6160),('219750','지티지웰니스',10900),('148140','비디아이',8600),('114120','크루셜텍',1035),('66310','큐에스아이',8220),('53110','소리바다',1125),('46970','우리로',2730),('97870','효성오앤비',7970),('27830','대성창투',1690),('56730','포스링크',1460),('84870','TBH글로벌',3230),('83550','케이엠',6640),('1560','제일연마',6730),('69730','DSR제강',4670),('96350','대창솔루션',620),('92200','디아이씨',2800),('35480','제이테크놀로지',1475),('39230','에이아이비트',841),('171090','선익시스템',7450),('33430','디에스티',1195),('64510','에코마이스터',5280),('10770','평화홀딩스',4570),('24890','대원화성',1620),('32940','원익',3715),('39020','이건홀딩스',2950),('46940','우원개발',3885),('226440','한송네오텍',1680),('4590','한국가구',4425),('233250','메디안디노스틱',38000),('33200','모아텍',4630),('8870','금비',66300),('39420','케이엘넷',2740),('4410','서울식품',196),('12280','영화금속',1455),('78935','GS우',37050),('65450','빅텍',2695),('208640','썸에이지',863),('6805','미래에셋대우우',4670),('241520','DSC인베스트먼트',3645),('42110','에스씨디',1355),('110020','전진바이오팜',13800),('25550','한국선재',2660),('900040','차이나그레이트',518),('92780','동양피스톤',4950),('7610','선도전기',3620),('208350','지란지교시큐리티',1675),('48430','유라테크',5650),('206400','엔터메이트',780),('11500','한농화성',4155),('6880','신송홀딩스',5490),('234100','세원',2900),('17480','삼현철강',4130),('41520','이라이콤',5320),('66360','체리부로',2325),('160600','에스엔텍',5430),('31510','오스템',2490),('8600','윌비스',1135),('19180','티에이치엔',3585),('64290','인텍플러스',5840),('36480','대성미생물',16950),('54180','중앙오션',2385),('109070','컨버즈',3260),('53260','금강철강',3425),('24120','KB오토시스',5570),('2820','선창산업',5080),('303360','프로테옴텍',14650),('36010','아비코전자',4800),('68940','아이씨케이',2045),('277070','린드먼아시아',4720),('33310','디케이디앤아이',2900),('4830','덕성',4055),('25820','이구산업',1900),('18470','조일알미늄',908),('189980','흥국에프엔비',8600),('39310','세중',3480),('171010','램테크놀러지',5500),('290550','디케이티',7650),('39980','리노스',1590),('96610','알에프세미',7750),('117730','티로보틱스',11650),('90410','덕신하우징',1570),('6570','대림통상',4125),('109820','진매트릭스',3540),('4140','동방',1875),('54930','유신',20800),('138610','나이벡',6300),('204020','엠코르셋',6190),('147760','마이크로프랜드',5740),('71280','로체시스템즈',4060),('3010','혜인',4880),('48770','TPC',4805),('217330','싸이토젠',11000),('123840','한일진공',1100),('79650','서산',3090),('147830','제룡산업',6180),('225430','케이엠제약',2880),('59210','메타바이오메드',2580),('72770','네오디안테크놀로지',1710),('142210','유니트론텍',6190),('53660','현진소재',2565),('80520','오디텍',5230),('33560','블루콤',3390),('6890','태경화학',5280),('204990','현성바이탈',1935),('66410','버킷스튜디오',2605),('83650','비에이치아이',2340),('41920','메디아나',7030),('38870','에코바이오',5230),('252500','세화피앤씨',2910),('81150','티플랙스',2485),('154030','아시아종묘',6540),('52900','KMH하이텍',1285),('5305','롯데칠성우',77700),('56090','유앤아이',7780),('39290','인포뱅크',6900),('106240','파인테크닉스',1595),('114450','KPX생명과학',3995),('72990','에이치시티',8700),('131090','시큐브',1570),('114570','지스마트글로벌',630),('32680','소프트센',1815),('88390','이녹스',6370),('37440','희림',4270),('11700','한신기계',1830),('21050','서원',1250),('258250','셀젠텍',15300),('264660','씨앤지하이테크',7020),('57030','와이비엠넷',3615),('8420','문배철강',2875),('63760','이엘피',12000),('52670','제일바이오',3920),('213090','미래테크놀로지',9600),('218150','미래생명자원',3145),('1810','무림SP',2640),('10470','오리콤',5070),('42500','링네트',3895),('128660','피제이메탈',2345),('51490','나라엠앤디',4090),('80470','성창오토텍',7950),('208140','정다운',2825),('131180','딜리',1975),('115500','케이씨에스',4830),('5670','푸드웰',7230),('90080','평화산업',1540),('36690','코맥스',3955),('96040','이트론',240),('13700','까뮤이앤씨',1275),('36710','심텍홀딩스',1610),('23440','제일제강',1950),('1275','부국증권우',19150),('16670','포비스티앤씨',1430),('99220','SDN',1350),('65770','CS',3035),('120115','코오롱인더우',20650),('8800','스튜디오썸머',1770),('94190','이엘케이',787),('24830','세원물산',6800),('222980','한국맥널티',11400),('37760','쎄니트',1675),('1620','케이비아이동국실업',856),('65500','오리엔트정공',482),('49830','승일',9210),('220180','핸디소프트',3650),('32980','바이온',1185),('208710','바이오로그디바이스',2015),('140520','대창스틸',2815),('91340','S&K폴리텍',4800),('95910','에스에너지',4200),('46110','한일네트웍스',4695),('900080','에스앤씨엔진그룹',453),('104540','코렌텍',5630),('184230','SGA솔루션즈',1525),('20120','키다리스튜디오',3530),('118000','우리들휴브레인',2300),('54920','한컴시큐어',2970),('52220','iMBC',2425),('52190','이에스에이',1940),('97800','윈팩',1540),('24840','KBI메탈',1685),('68050','팬엔터테인먼트',4025),('17250','인터엠',2625),('18680','서울제약',6510),('208860','엔지스테크널러지',5760),('33230','인성정보',2870),('39670','한류타임즈',917),('6920','모헨즈',5020),('47920','씨트리',3955),('3280','흥아해운',562),('219550','MP한강',962),('37230','한국팩키지',2185),('60540','에스에이티',2090),('253590','네오셈',1515),('75130','플랜티넷',6080),('127710','아시아경제',2135),('44060','조광ILI',5500),('96300','베트남개발1',420),('115440','우리넷',8510),('123700','SJM',3470),('45510','정원엔시스',1680),('93240','형지엘리트',1735),('54090','삼진엘앤디',2160),('64820','케이프',2110),('66910','손오공',2460),('51980','센트럴바이오',1205),('196300','애니젠',10700),('52300','W홀딩컴퍼니',405),('83450','GST',5750),('23460','CNH',1440),('101390','아이엠',1265),('260870','시그넷이브이',11200),('81580','성우전자',3435),('89850','유비벨록스',7480),('7280','한국특수형강',1645),('54300','팬스타엔터프라이즈',1130),('45060','오공',3130),('71850','캐스텍코리아',3180),('11420','갤럭시아에스엠',1905),('84650','랩지노믹스',5760),('10100','한국프랜지',1720),('2710','TCC스틸',2340),('263810','상신전자',5500),('207490','에이펙스인텍',14500),('42600','새로닉스',4195),('49120','파인디앤씨',2000),('9620','삼보산업',2520),('92870','엑시콘',5840),('45890','GV',1795),('3310','대주산업',1460),('72130','유엔젤',3915),('83500','에프엔에스테크',6950),('187790','나노',2000),('138070','신진에스엠',5750),('265560','영화테크',9650),('92300','현우산업',3600),('101170','우림기계',3815),('246960','이노테라피',10200),('82850','우리바이오',1165),('221980','케이디켐',12700),('50090','휘닉스소재',741),('10280','쌍용정보통신',1265),('6110','삼아알미늄',4650),('59120','아진엑스텍',7360),('25950','동신건설',6070),('19540','일지테크',3770),('43220','에이치엘비파워',830),('230980','솔트웍스',4010),('32750','삼진',8430),('13000','세우글로벌',1760),('8110','대동전자',4810),('54940','엑사이엔씨',1515),('114630','우노앤컴퍼니',3700),('58530','슈펙스비앤피',783),('126340','비나텍',12100),('41020','인프라웨어',1335),('1000','신라섬유',2050),('00499K','롯데지주우',50300),('92600','앤씨앤',3690),('263800','데이타솔루션',3150),('105','유한양행우',209000),('87600','픽셀플러스',6010),('67920','이글루시큐리티',4455),('224110','에이텍티앤',9120),('189690','포시에스',6470),('215480','토박스코리아',1190),('88790','진도',3900),('57680','옴니텔',1440),('256940','케이피에스',11300),('101730','조이맥스',5680),('37030','파워넷',4020),('139050','데일리블록체인',1075),('760','이화산업',17200),('2870','신풍제지',1375),('217820','엔에스',9800),('33250','체시스',2000),('5320','국동',1735),('49470','SGA',989),('32800','판타지오',657),('228180','티씨엠생명과학',23000),('59100','아이컴포넌트',6750),('25530','SJM홀딩스',3195),('106520','디지탈옵틱',696),('96640','멜파스',2140),('128540','에코캡',3270),('217950','파마리서치바이오',11750),('263860','지니언스',5010),('10580','지코',818),('23150','MH에탄올',6400),('121890','에스디시스템',5210),('275630','에스에스알',8120),('85810','알티캐스트',2215),('44380','주연테크',440),('2220','한일철강',2100),('23350','한국종합기술',4280),('85670','뉴프렉스',2210),('154040','솔루에타',3740),('65570','삼영이엔씨',5300),('13810','스페코',3180),('8370','원풍',3880),('141020','포티스',885),('2070','남영비비안',6770),('2680','한탑',2235),('101930','인화정공',4980),('54630','에이디칩스',1720),('177830','파버나인',4285),('51380','피씨디렉트',5720),('133750','메가엠디',2075),('205470','휴마시스',1655),('111820','지와이커머스',2250),('39240','경남스틸',1850),('123330','제닉',6600),('53050','지에스이',1540),('43910','자연과환경',1360),('32960','동일기연',14050),('60900','퍼시픽바이오',870),('24740','한일단조',1540),('170030','현대공업',3000),('75970','동국알앤에스',2480),('27580','상보',1440),('86250','화신테크',3350),('155900','바다로19호',2985),('237750','피앤씨테크',6980),('20180','대신정보통신',1180),('14910','성문전자',2325),('28080','휴맥스홀딩스',3600),('159910','스킨앤스킨',392),('53290','NE능률',3350),('7120','미래아이앤지',349),('3780','진양산업',3470),('64850','에프앤가이드',4100),('31980','피에스케이홀딩스',8100),('3465','유화증권우',12850),('8470','부스타',5340),('7370','진양제약',3740),('73540','에프알텍',3935),('76080','웰크론한텍',2295),('50960','수산아이앤티',6620),('238120','로고스바이오',12400),('38620','위즈코프',1145),('49800','우진플라임',4445),('277410','인산가',1685),('104040','대성파인텍',1415),('24900','덕양산업',1360),('85910','네오티스',4020),('181340','이즈미디어',6280),('203450','유니온커뮤니티',3000),('12860','서연전자',1630),('136510','쎄미시스코',8140),('246690','TS인베스트먼트',1960),('71950','코아스',1420),('269620','시스웍',2435),('195440','퓨전데이타',454),('54540','삼영엠텍',3350),('38950','파인디지털',4265),('62860','티엘아이',4410),('78350','한양디지텍',4350),('32540','TJ미디어',3120),('131760','파인텍',1010),('122690','서진오토모티브',2215),('250000','보라티알',6400),('71090','하이스틸',21600),('65690','파커스',3090),('86060','진바이오텍',5010),('127120','디엔에이링크',3755),('52460','아이크래프트',2950),('21650','한국큐빅',2630),('19570','제미니투자',813),('94970','제이엠티',2560),('80530','코디',3590),('6050','국영지앤엠',1220),('150900','파수닷컴',4440),('440','중앙에너비스',6830),('51390','YW',3745),('170790','파이오링크',6190),('27970','세하',1435),('2410','범양건영',1705),('122050','아이엘사이언스',6290),('14940','오리엔탈정공',925),('900070','글로벌에스엠',779),('123010','옵토팩',8040),('89530','에이티세미콘',586),('36620','버추얼텍',902),('12340','뉴인텍',769),('53270','구영테크',1575),('192390','윈하이텍',4050),('2690','동일제강',2770),('4100','태양금속',1130),('153490','우리이앤엘',831),('65420','에스아이리소스',639),('177350','베셀',3685),('145270','케이탑리츠',909),('263020','디케이앤디',5280),('46310','백금T&A',2660),('293580','나우아이비캐피탈',4310),('60260','뉴보텍',1520),('225590','패션플랫폼',1530),('7770','한일화학',11600),('89150','케이씨티',2370),('65440','이루온',1490),('24070','WISCOM',2645),('109080','옵티시스',7180),('35460','기산텔레콤',2775),('302920','더콘텐츠온',15500),('24910','경창산업',1125),('246250','에스엘에스바이오',5900),('136660','큐엠씨',4260),('12620','원일특강',9140),('236030','씨알푸드',20300),('79000','와토스코리아',5580),('5820','원림',18250),('36640','HRS',2450),('126640','화신정공',1100),('900120','씨케이에이치',362),('32080','아즈텍WB',1900),('161570','THE MIDONG',2880),('51780','큐로홀딩스',624),('32580','피델릭스',1660),('9140','경인전자',25050),('38010','제일테크노스',4370),('2290','삼일기업공사',3170),('43100','솔고바이오',243),('28040','미래SCI',1120),('279600','미디어젠',10650),('19990','에너토크',4015),('23810','인팩',3915),('18500','동원금속',837),('64480','브리지텍',3250),('175140','인포마크',10700),('143540','영우디에스피',1285),('44180','KD건설',99),('3720','삼영화학',1140),('48830','엔피케이',2065),('114190','웰크론강원',2450),('131220','대한과학',5150),('115480','씨유메디칼',2410),('189860','서전기전',3945),('25880','케이씨피드',2285),('8775','호텔신라우',50800),('212560','네오오토',4845),('23960','에쓰씨엔지니어링',1520),('17000','신원종합개발',3745),('31860','엔에스엔',1580),('72950','빛샘전자',6270),('9180','한솔로지스틱스',1365),('186230','그린플러스',11700),('54040','한국컴퓨터',2330),('15540','메디파트너생명공학',6790),('89790','제이티',3625),('70590','한솔인티큐브',2690),('3680','한성기업',6150),('1420','태원물산',4910),('141070','맥스로텍',1500),('93640','다믈멀티미디어',3445),('32280','삼일',2290),('53160','프리엠스',6180),('30720','동원수산',7960),('6200','한국전자홀딩스',787),('16920','카스',1715),('311840','대원모방',23100),('258610','이더블유케이',4970),('119500','포메탈',3080),('172580','하이골드12호',2795),('45300','성우테크론',3950),('38110','에코플라스틱',1420),('258540','스템랩',20900),('219130','타이거일렉',5750),('66790','씨씨에스',423),('115530','씨엔플러스',839),('32860','GMR 머티리얼즈',530),('173130','오파스넷',8880),('260970','에스앤디',117500),('52600','한네트',3070),('29480','바른테크놀로지',1045),('28513K','SK케미칼우',24300),('251280','안지오랩',19500),('18700','바른손',2145),('122800','썬텍',1000),('10420','한솔PNS',1700),('233990','질경이',2590),('5450','신한',4945),('43590','크로바하이텍',1490),('200580','메디쎄이',9920),('130500','GH신소재',3135),('208370','셀바스헬스케어',2430),('88290','이원컴포텍',2390),('43260','성호전자',953),('251960','엠에프엠코리아',3260),('70300','한솔시큐어',4595),('158310','인터불스',2795),('93380','풍강',3405),('67010','이씨에스',4475),('73190','듀오백',2795),('23790','동일철강',4550),('11300','성안',587),('15260','에이엔피',403),('56000','신스타임즈',2380),('3925','남양유업우',199500),('134060','이퓨쳐',6970),('19770','서연탑메탈',2850),('227950','마이크로텍',1745),('223310','이에스브이',288),('21880','메이슨캐피탈',328),('1210','금호전기',3265),('197140','디지캡',4380),('206950','볼빅',7730),('236340','메디젠휴먼케어',14000),('12170','키위미디어그룹',162),('123750','알톤스포츠',2505),('24850','피에스엠씨',821),('44780','에이치케이',1700),('108675','LG하우시스우',30450),('187270','신화콘텍',3095),('35200','프럼파스트',3205),('284420','휴럼',8500),('196700','웹스',2235),('8830','대동기어',3400),('299480','지앤이헬스케어',2745),('191410','육일씨엔에쓰',3250),('20400','대동금속',12650),('226400','오스테오닉',3585),('60380','동양에스텍',3025),('221610','한솔씨앤피',7550),('281310','바이오시네틱스',11450),('86220','네추럴FNP',2830),('12600','청호컴넷',3570),('90150','광진윈텍',3095),('103230','에스앤더블류',4145),('79170','한창산업',5700),('99410','동방선기',2185),('11230','삼화전자',2825),('98660','에스티오',3475),('69140','누리플랜',5400),('232530','이엠티',2900),('101670','코리아에스이',1535),('950','전방',17200),('33050','제이엠아이',885),('153360','하이골드3호',1785),('211050','인카금융서비스',6370),('226350','아이엠텍',1160),('178600','대동고려삼',6400),('115570','스타플렉스',4400),('1465','BYC우',131500),('103130','웅진에너지',914),('134580','디엠티',2510),('91440','텔레필드',3100),('15020','이스타코',656),('64520','바른전자',418),('216400','바이오코아',4000),('77280','한컴지엠디',2345),('24940','PN풍년',2750),('3475','유안타증권우',2125),('98120','마이크로컨텍솔',3300),('1770','신화실업',22500),('115610','이미지스',3560),('99520','ITX엠투엠',1655),('60300','레드로버',572),('2355','넥센타이어1우B',4190),('39740','한국정보공학',3380),('37400','우리조명',1085),('82660','삼우엠스',559),('65370','위세아이텍',7950),('94860','코닉글로리',567),('54340','피앤텔',6680),('67730','로지시스',2870),('159650','하이골드8호',1795),('4920','씨아이테크',492),('130740','티피씨글로벌',2605),('2420','세기상사',65100),('79810','디이엔티',2950),('11080','형지I&C',673),('45340','토탈소프트',3005),('204210','모두투어리츠',3270),('105330','케이엔더블유',4500),('54220','비츠로시스',485),('52770','와이디온라인',805),('290270','휴네시온',5260),('43360','디지아이',2795),('4365','세방우',6810),('900110','이스트아시아홀딩스',230),('33600','럭슬',1140),('33790','스카이문스테크놀로지',1430),('288490','나라소프트',988),('54410','케이피티유',4775),('5030','부산주공',570),('178780','유테크',1385),('267060','명진홀딩스',3345),('222810','한류AI센터',1330),('153460','네이블',3645),('8500','일정실업',19750),('67770','세진티에스',2820),('227100','디자인',8870),('256630','엔에이치스팩10호',3350),('6125','SK디스커버리우',17250),('80580','오킨스전자',3760),('224810','엄지하우스',5500),('189330','씨이랩',10200),('10640','진양폴리',2280),('58110','멕아이씨에스',4230),('140910','에이리츠',6140),('7530','영신금속',1745),('26910','광진실업',3485),('69330','유아이디',1860),('58450','일야',1370),('149010','아이케이세미콘',6960),('25890','한국주강',1915),('135160','지오씨',3175),('217190','제너셈',2460),('221800','유투바이오',11250),('17680','데코앤이',1460),('19490','하이트론',3760),('121850','코이즈',1960),('00806K','대덕전자1우',6240),('182690','테라셈',1460),('101680','한국정밀기계',2410),('205290','케미메디',2480),('250930','케이비제10호스팩',3870),('13720','청보산업',2455),('239890','피엔에이치테크',9700),('217880','틸론',6000),('25870','신라에스지',4980),('230400','자비스',5570),('96870','엘디티',2960),('278380','원바이오젠',8970),('232830','시큐센',12100),('9415','태영건설우',7540),('113810','디젠스',591),('258050','테크트랜스',2650),('44990','에이치엔에스하이텍',2535),('58420','제이웨이',1025),('87','하이트진로2우B',16600),('99340','하나니켈1호',822),('242350','피엔아이컴퍼니',3900),('1685','대상우',13550),('232680','라온테크',4265),('210610','소프트캠프',8090),('18064K','한진칼우',33700),('319400','엔에이치스팩14호',2095),('76340','관악산업',3675),('112190','KC산업',2700),('3495','대한항공우',16000),('266870','파워풀엑스',2770),('53060','세동',804),('215570','크로넥스',16450),('123260','파인넥스',701),('725','현대건설우',169500),('2995','금호산업우',57100),('221670','주노콜렉션',4905),('106080','지투하이소닉',798),('273060','엔에이치스팩12호',2180),('225220','제놀루션',5190),('278990','파인이엠텍',4500),('323940','케이비제18호스팩',2070),('291230','삼성스팩2호',2125),('266170','앤유엔터테인먼트',7300),('303030','대신밸런스제5호스팩',3805),('243870','굿센',11600),('210120','빅텐츠',8090),('885','한화우',31650),('317320','한화에스비아이스팩',3455),('244880','나눔테크',3000),('75','삼양홀딩스우',48750),('256840','엔에이치스팩11호',2170),('199150','데이터스트림즈',3600),('9835','한화케미칼우',13100),('80440','에스제이케이',1550),('222670','플럼라인생명과학',6060),('5257','녹십자홀딩스2우',17100),('5725','넥센우',3785),('120780','전우정밀',4385),('145995','삼양사우',36500),('224880','SGA임베디드',2990),('19175','신풍제약우',5990),('194510','파티게임즈',536),('308700','테크엔',3250),('285770','라이프사이언스테크놀로지',4050),('277480','신한제4호스팩',2145),('202960','판도라티비',1080),('323350','다원넥스뷰',18050),('199290','바이오프로테크',3900),('254120','IBKS제5호스팩',2720),('2025','코오롱우',11250),('241510','이에스산업',2005),('4255','NPC우',2250),('1515','SK증권우',3030),('1745','SK네트웍스우',104000),('12205','계양전기우',8420),('311060','엘에이티',10450),('317030','케이비17호스팩',2110),('284620','하나금융11호스팩',2130),('08537M','루트로닉3우C',12650),('163430','디피코',3680),('265480','미래에셋대우스팩1호',2285),('121060','유니포인트',1830),('307070','SK4호스팩',2105),('183410','골프존데카',2640),('58970','엠로',2250),('307750','대신밸런스제6호스팩',2155),('291210','한국제7호스팩',2130),('107640','한중엔시에스',2835),('3535','한화투자증권우',2230),('66830','제노텍',1895),('262830','대신밸런스제4호스팩',2115),('281740','동부스팩5호',2175),('217320','썬테크',10000),('264850','IBKS제6호스팩',2430),('185190','수프로',2830),('306620','DB금융스팩6호',2125),('4105','태양금속우',3110),('307160','하나머스트제6호스팩',2195),('307870','상상인이안1호스팩',2120),('309930','삼성머스트스팩3호',2190),('8355','남선알미우',32500),('192410','감마누',408),('270520','하나금융10호스팩',2160),('297570','IBKS제9호스팩',3600),('270660','에브리봇',8830),('313750','유안타제4호스팩',2110),('267320','교보7호스팩',2420),('299170','IBKS제10호스팩',2240),('323230','신한제5호스팩',2245),('281410','한국제6호스팩',2145),('240340','인터코스',2885),('3415','쌍용양회우',6250),('158300','에스에이티이엔지',3000),('83470','KJ프리텍',387),('162120','루켄테크놀러지스',5820),('279060','이노벡스',1570),('322780','DB금융스팩7호',2095),('225850','미애부',2830),('265920','한화수성스팩',2120),('317240','하이제4호스팩',2125),('307180','신영스팩4호',2130),('200350','래몽래인',4790),('145','하이트진로홀딩스우',19550),('299670','에스엠비나',8410),('261200','하나금융9호스팩',2145),('14825','동원시스템즈우',34000),('287410','유안타제3호스팩',2130),('245450','씨앤에스링크',8600),('225860','엠앤씨생명과학',782),('4415','서울식품우',3950),('86460','에스엔피제네틱스',4755),('271740','한국제5호스팩',2165),('7575','일양약품우',19200),('270020','두원석재',2720),('222160','바이옵트로',1500),('6345','대원전선우',3210),('238500','로보쓰리',1795),('208850','이비테크',3710),('140290','청광종건',789),('276920','IBKS제7호스팩',2275),('1795','대한제당우',12800),('321260','유진스팩4호',2360),('5745','크라운해태홀딩스우',13700),('307280','교보8호스팩',2180),('148780','비플라이소프트',1695),('257730','신한제3호스팩',2290),('225','유유제약1우',7080),('4985','성신양회우',10850),('83380','동북아13호',5030),('83370','동북아12호',5010),('323280','신영스팩5호',2240),('267810','앙츠',5070),('311270','키움제5호스팩',2150),('7815','코리아써우',2610),('232330','SK3호스팩',2105),('30270','에스마크',998),('310840','엔에이치스팩13호',2200),('310200','미래에셋대우스팩2호',2465),('14915','성문전자우',12500),('279410','한화에이스스팩4호',2145),('310870','한국제8호스팩',2165),('103660','씨앗',1950),('258790','케이비제11호스팩',2240),('264290','한화에이스스팩3호',2330),('4565','현대비앤지스틸우',63000),('116100','태양기계',1095),('215050','비엔디생활건강',3165),('212310','휴벡셀',3295),('114920','대주이엔티',1900),('183350','LPK로보틱스',1400),('21045','대호피앤씨우',1540),('10145','삼성중공우',56700),('4545','깨끗한나라우',17400),('26490K','크라운제과우',8040),('11155','CJ씨푸드1우',30650),('189540','씨티네트웍스',2500),('4835','덕성우',4280),('14285','금강공업우',10100),('140660','위월드',2350),('179720','옐로페이',468),('84695','대상홀딩스우',5990),('276240','엘리비젼',2330),('270210','에스알바이오텍',11700),('220110','드림티엔터테인먼트',669),('252370','유쎌',3995),('3075','코오롱글로벌우',16850),('189350','코셋',1290),('1525','동양우',8250),('90355','노루페인트우',10900),('101360','이엔드디',817),('16385','동부제철우',31000),('99350','하나니켈2호',1510),('271780','비엔에프코퍼레이션',1650),('9275','신원우',54200),('2785','진흥기업우B',5630),('84440','유비온',1540),('224020','에스케이씨에스',1670),('5965','동부건설우',19700),('1755','한양증권우',8450),('995','DB하이텍1우',38700),('2787','진흥기업2우B',14700),('545','흥국화재우',5580),('217910','에스제이켐',321),('1065','JW중외제약우',24750),('92590','럭스피아',560),('271850','다이오진',1360),('1067','JW중외제약2우B',41750),('547','흥국화재2우B',23400),('32685','소프트센우',25150),('325','노루홀딩스우',19350),('00781K','코리아써키트2우B',4430),('149940','모다',155),('1527','동양2우B',10350),('227','유유제약2우B',18950),('1799','대한제당3우B',23000),('247300','인프라웨어테크놀러지',470),('223220','아이피몬스터',256),('1529','동양3우B',30500),('227420','포레스팅블록체인',346),('208890','에듀파트너',1310),('135270','세종머티리얼즈',197);
/*!40000 ALTER TABLE `tb_price_20190709` ENABLE KEYS */;
UNLOCK TABLES;

--
-- Table structure for table `tb_price_20190710`
--

DROP TABLE IF EXISTS `tb_price_20190710`;
/*!40101 SET @saved_cs_client     = @@character_set_client */;
/*!40101 SET character_set_client = utf8 */;
CREATE TABLE `tb_price_20190710` (
  `stock_code` char(6) DEFAULT NULL,
  `stock_name` varchar(50) DEFAULT NULL,
  `stock_price` int(11) DEFAULT '0'
) ENGINE=InnoDB DEFAULT CHARSET=utf8;
/*!40101 SET character_set_client = @saved_cs_client */;

--
-- Dumping data for table `tb_price_20190710`
--

LOCK TABLES `tb_price_20190710` WRITE;
/*!40000 ALTER TABLE `tb_price_20190710` DISABLE KEYS */;
INSERT INTO `tb_price_20190710` VALUES ('5930','삼성전자',46300),('660','SK하이닉스',74700),('5935','삼성전자우',38400),('5380','현대차',139500),('51910','LG화학',344500),('68270','셀트리온',188500),('12330','현대모비스',235500),('55550','신한지주',44550),('17670','SK텔레콤',260000),('5490','POSCO',237000),('207940','삼성바이오로직스',301500),('51900','LG생활건강',1260000),('35420','NAVER',117000),('105560','KB금융',43850),('28260','삼성물산',93600),('270','기아차',43000),('18260','삼성에스디에스',214500),('6400','삼성SDI',238000),('15760','한국전력',25450),('96770','SK이노베이션',175000),('32830','삼성생명',80300),('34730','SK',223500),('33780','KT&G',99200),('3550','LG',73900),('810','삼성화재',260500),('66570','LG전자',70800),('35720','카카오',131500),('36570','엔씨소프트',497500),('86790','하나금융지주',36100),('10950','S-Oil',93300),('90430','아모레퍼시픽',162000),('316140','우리금융지주',13850),('10130','고려아연',447000),('251270','넷마블',96400),('11170','롯데케미칼',239500),('9540','한국조선해양',115000),('24110','기업은행',13750),('91990','셀트리온헬스케어',52700),('30200','KT',28150),('9150','삼성전기',92400),('35250','강원랜드',30000),('18880','한온시스템',11500),('34220','LG디스플레이',17050),('32640','LG유플러스',13950),('86280','현대글로비스',160000),('21240','웅진코웨이',81100),('267250','현대중공업지주',337000),('720','현대건설',48850),('4020','현대제철',39850),('6800','미래에셋대우',7980),('2790','아모레G',62400),('10140','삼성중공업',7770),('78930','GS',52200),('81660','휠라코리아',72500),('71050','한국금융지주',79300),('97950','CJ제일제당',291000),('4990','롯데지주',41150),('29780','삼성카드',36750),('23530','롯데쇼핑',147000),('5940','NH투자증권',14350),('161390','한국타이어앤테크놀로지',32350),('36460','한국가스공사',43400),('88980','맥쿼리인프라',11350),('139480','이마트',140000),('35760','CJ ENM',176500),('5830','DB손해보험',53300),('12750','에스원',99200),('210','대림산업',107500),('241560','두산밥캣',36100),('271560','오리온',88700),('128940','한미약품',299500),('9830','한화케미칼',21500),('16360','삼성증권',38150),('42660','대우조선해양',31700),('282330','BGF리테일',194500),('47810','한국항공우주',34150),('28050','삼성엔지니어링',16900),('30000','제일기획',28750),('8560','메리츠종금증권',5280),('8770','호텔신라',82400),('3670','포스코케미칼',52900),('5387','현대차2우B',87800),('215600','신라젠',45150),('8930','한미사이언스',49000),('120','CJ대한통운',135500),('3410','쌍용양회',6080),('7070','GS리테일',39150),('100','유한양행',231000),('6360','GS건설',36150),('1040','CJ',98400),('2380','KCC',264500),('3490','대한항공',28600),('84990','헬릭스미스',169800),('4170','신세계',273500),('11780','금호석유',87500),('88350','한화생명',3035),('28670','팬오션',4810),('11070','LG이노텍',108500),('263750','펄어비스',191300),('7310','오뚜기',677000),('138930','BNK금융지주',7460),('86900','메디톡스',414700),('17800','현대엘리베이',88600),('1450','현대해상',26950),('79440','오렌지라이프',29300),('47050','포스코인터내셔널',18550),('60','메리츠화재',19450),('10060','OCI',87900),('880','한화',26050),('5385','현대차우',79600),('253450','스튜디오드래곤',68900),('12510','더존비즈온',65000),('138040','메리츠금융지주',13650),('69960','현대백화점',81300),('47040','대우건설',4575),('10620','현대미포조선',47200),('32500','케이엠더블유',48100),('20150','일진머티리얼즈',40400),('26960','동서',18000),('69620','대웅제약',154000),('39490','키움증권',78400),('150','두산',94700),('180640','한진칼',29100),('36490','SK머티리얼즈',160700),('64350','현대로템',19800),('145020','휴젤',379900),('294870','HDC현대산업개발',37300),('51905','LG생활건강우',780000),('111770','영원무역',36750),('12450','한화에어로스페이스',31500),('9240','한샘',68800),('11790','SKC',41750),('6260','LS',48600),('80','하이트진로',22050),('4800','효성',73100),('34230','파라다이스',16400),('3240','태광산업',1339000),('4370','농심',244000),('68760','셀트리온제약',42950),('10120','LS산전',48650),('240','한국테크놀로지그룹',15650),('51915','LG화학우',189000),('9420','한올바이오파마',27400),('214320','이노션',70400),('51600','한전KPS',31200),('11210','현대위아',51400),('56190','에스에프에이',38850),('204320','만도',29350),('31430','신세계인터내셔날',192500),('20560','아시아나항공',6140),('1740','SK네트웍스',5470),('6280','녹십자',115500),('4000','롯데정밀화학',51800),('139130','DGB금융지주',7840),('670','영풍',714000),('161890','한국콜마',57800),('181710','NHN',66000),('247540','에코프로비엠',63400),('41960','코미팜',21950),('28300','에이치엘비',32350),('42670','두산인프라코어',6070),('34020','두산중공업',6220),('5440','현대그린푸드',12850),('7700','F&F',81200),('95700','제넥신',60800),('78340','컴투스',96900),('5300','롯데칠성',155500),('57050','현대홈쇼핑',103500),('98460','고영',90500),('114090','GKL',19950),('73240','금호타이어',4215),('240810','원익IPS',24650),('25980','아난티',14050),('11200','현대상선',3630),('1800','오리온홀딩스',18250),('175330','JB금융지주',5770),('120110','코오롱인더',41850),('49770','동원F&B',291500),('192080','더블유게임즈',60700),('28150','GS홈쇼핑',168500),('307950','현대오토에버',52400),('10780','아이에스동서',35400),('9410','태영건설',14300),('14820','동원시스템즈',42550),('5850','에스엘',22000),('5250','녹십자홀딩스',22450),('298380','에이비엘바이오',23150),('46890','서울반도체',17950),('3000','부광약품',16450),('3380','하림지주',11150),('192820','코스맥스',103000),('48260','오스템임플란트',72100),('280360','롯데제과',160000),('284740','쿠쿠홈시스',44750),('36830','솔브레인',57400),('3690','코리안리',8260),('71840','롯데하이마트',40600),('3090','대웅',16450),('30190','NICE평가정보',15700),('18250','애경산업',36100),('178920','SKC코오롱PI',32050),('23590','다우기술',20950),('185750','종근당',90400),('38540','상상인',19900),('14680','한솔케미칼',81300),('2350','넥센타이어',9340),('58470','리노공업',59700),('90435','아모레퍼시픽우',86000),('192400','쿠쿠홀딩스',127500),('241590','화승엔터프라이즈',14900),('69260','휴켐스',22000),('20000','한섬',36300),('41510','에스엠',38200),('3520','영진약품',4855),('6040','동원산업',240000),('1680','대상',25100),('5610','SPC삼립',100500),('8060','대덕전자',11050),('22100','포스코 ICT',5630),('79160','CJ CGV',40050),('12630','HDC',14050),('214370','케어젠',76500),('32350','롯데관광개발',11900),('105630','한세실업',20450),('170900','동아에스티',96600),('250','삼천당제약',36750),('115390','락앤락',14900),('34310','NICE',21300),('6650','대한유화',123500),('214150','클래시스',12900),('35900','JYP Ent.',22500),('85660','차바이오텍',15150),('91700','파트론',14550),('145720','덴티움',71100),('93370','후성',8490),('33640','네패스',33800),('66970','엘앤에프',31150),('140410','메지온',88800),('200130','콜마비앤에이치',25950),('278280','천보',76600),('89590','제주항공',28700),('39030','이오테크닉스',61200),('85620','미래에셋생명',4240),('218410','RFHIC',32000),('1120','LG상사',19300),('52690','한전기술',19450),('67160','아프리카TV',64400),('9970','영원무역홀딩스',54100),('78070','유비쿼스홀딩스',38950),('93050','LF',24750),('267270','현대건설기계',36700),('103140','풍산',25700),('18670','SK가스',78400),('1230','동국제강',7320),('5290','동진쎄미켐',13550),('64760','티씨케이',59600),('82640','동양생명',4310),('96530','씨젠',26300),('112610','씨에스윈드',39900),('115450','지트리비앤티',27850),('25540','한국단자',65400),('64960','S&T모티브',46400),('267980','매일유업',86400),('5880','대한해운',27700),('36420','제이콘텐트리',4675),('5180','빙그레',68300),('3540','대신증권',13100),('27410','BGF',6920),('108320','실리콘웍스',40600),('33290','코웰패션',7170),('86450','동국제약',72000),('4490','세방전지',45250),('1430','세아베스틸',17650),('53800','안랩',63200),('69080','웹젠',17900),('70','삼양홀딩스',73800),('79550','LIG넥스원',28400),('298020','효성티앤씨',143500),('71320','지역난방공사',53300),('285130','SK케미칼',52400),('3470','유안타증권',3070),('1060','JW중외제약',30100),('2270','롯데푸드',540000),('990','DB하이텍',13650),('640','동아쏘시오홀딩스',98600),('39840','디오',38500),('33660','아주캐피탈',10350),('1440','대한전선',695),('6840','AK홀딩스',44700),('39200','오스코텍',21000),('815','삼성화재우',184500),('90460','비에이치',18400),('83790','크리스탈',14350),('42000','카페24',61400),('86520','에코프로',26150),('3620','쌍용차',3825),('141080','레고켐바이오',53800),('286940','롯데정보통신',39850),('6390','한일현대시멘트',33700),('48410','현대바이오',16400),('00680K','미래에셋대우2우B',4030),('151910','나노스',5160),('29960','코엔텍',11200),('145990','삼양사',54400),('1630','종근당홀딩스',111500),('34830','한국토지신탁',2210),('1720','신영증권',59200),('298050','효성첨단소재',123000),('23890','한국아트라스비엑스',59800),('272450','진에어',18200),('108670','LG하우시스',59900),('3850','보령제약',12100),('39130','하나투어',46000),('138080','오이솔루션',68900),('4430','송원산업',22200),('6060','화승인더',9610),('2210','동성제약',20200),('6120','SK디스커버리',27650),('3230','삼양식품',69500),('19680','대교',6170),('82270','젬백스',14550),('298000','효성화학',163000),('122870','와이지엔터테인먼트',28500),('10050','우리종금',769),('37560','CJ헬로',6670),('271980','제일약품',35100),('9450','경동나비엔',40500),('25860','남해화학',10350),('178320','서진시스템',28350),('6730','서부T&D',9250),('78160','메디포스트',32800),('66575','LG전자우',29800),('112040','위메이드',30400),('230360','에코마케팅',31500),('2240','고려제강',25450),('243070','휴온스',56500),('7390','네이처셀',9520),('61970','엘비세미콘',11550),('53210','스카이라이프',10500),('200230','텔콘RF제약',6030),('263050','유틸렉스',68000),('300720','한일시멘트',119500),('31390','녹십자셀',41150),('24720','한국콜마홀딩스',27300),('950160','코오롱티슈진',8010),('13120','동원개발',5370),('215000','골프존',77600),('226320','잇츠한불',22200),('7570','일양약품',25450),('1820','삼화콘덴서',46550),('272290','이녹스첨단소재',52400),('78130','국일제지',3990),('97230','한진중공업',5790),('5690','파미셀',8030),('2990','금호산업',13350),('183490','엔지켐생명과학',61100),('234340','세틀뱅크',51600),('239610','에이치엘사이언스',92800),('73070','에스모',5400),('29530','신도리코',46300),('210980','SK디앤디',24500),('192650','드림텍',8010),('60980','한라홀딩스',44100),('11160','두산건설',1420),('17810','풀무원',12100),('11280','태림포장',6430),('23410','유진기업',5870),('92040','아미코젠',23550),('123890','한국자산신탁',3995),('126560','현대에이치씨엔',3910),('199800','툴젠',67600),('950180','SNK',20850),('182400','엔케이맥스',14100),('370','한화손해보험',3725),('97520','엠씨넥스',24350),('48530','인트론바이오',14350),('249420','일동제약',18900),('43150','바텍',28800),('196170','알테오젠',31300),('14830','유니드',47550),('1520','동양',1765),('2960','한국쉘석유',323000),('11690','유양디앤유',7200),('88800','에이스테크',10700),('36540','SFA반도체',2935),('3530','한화투자증권',2400),('15350','부산가스',37500),('92730','네오팜',50000),('122990','와이솔',16950),('45390','대아티아이',5750),('84110','휴온스글로벌',37400),('2320','한진',34100),('42700','한미반도체',7130),('122900','아이마켓코리아',11300),('5500','삼진제약',29150),('72710','농심홀딩스',87200),('3920','남양유업',560000),('94800','맵스리얼티1',4320),('192440','슈피겐코리아',64500),('215200','메가스터디교육',33900),('65660','안트로젠',46300),('38500','삼표시멘트',3730),('47310','파워로직스',11600),('7460','에이프로젠 KIC',2630),('60250','NHN한국사이버결제',17200),('35600','KG이니시스',14150),('214450','파마리서치프로덕트',41150),('293480','하나제약',24200),('213420','덕산네오룩스',16250),('8350','남선알미늄',3535),('8490','서흥',33500),('268280','미원에스씨',74000),('298690','에어부산',7420),('17940','E1',56300),('88260','이리츠코크렙',6090),('228760','지노믹트리',19300),('70960','용평리조트',8000),('179900','유티아이',24250),('1725','신영증권우',54500),('9290','광동제약',7290),('33270','유나이티드제약',23500),('96760','JW홀딩스',5900),('314130','지놈앤컴퍼니',46500),('229500','노브메타파마',43200),('51500','CJ프레시웨이',32000),('68240','다원시스',14150),('60570','드림어스컴퍼니',6780),('234080','JW생명과학',23900),('52020','에스티큐브',14000),('49950','미래컴퍼니',46300),('17390','서울가스',75200),('152330','코리아오토글라스',18800),('950110','SBI핀테크솔루션즈',15150),('4690','삼천리',92100),('30610','교보증권',10350),('44340','위닉스',20750),('138250','엔에스쇼핑',11000),('79430','현대리바트',18000),('237880','클리오',21750),('81000','일진다이아',32700),('33180','필룩스',5740),('58650','세아홀딩스',91400),('41830','인바디',26600),('25900','동화기업',18000),('183190','아세아시멘트',93100),('224760','엔에스컴퍼니',91500),('16800','퍼시스',31250),('17960','한국카본',8090),('265520','AP시스템',25200),('3800','에이스침대',31800),('213500','한솔제지',14750),('99190','아이센스',25550),('95720','웅진씽크빅',2610),('80160','모두투어',18350),('480','조선내화',86700),('34120','SBS',19000),('25770','한국정보통신',8910),('2150','도화엔지니어링',10250),('2780','진흥기업',2375),('32190','다우데이타',9020),('2100','경농',15850),('5720','넥센',6420),('58820','CMG제약',3150),('67630','에이치엘비생명과학',7300),('19170','신풍제약',6450),('80420','모다이노칩',4280),('53580','웹케시',50300),('108230','톱텍',9160),('293940','신한알파리츠',7060),('144510','녹십자랩셀',31850),('1130','대한제분',198000),('255440','야스',25550),('9680','모토닉',10100),('2390','한독',24150),('2620','제일파마홀딩스',20800),('267260','현대일렉트릭',16250),('155','두산우',74800),('95610','테스',16650),('1510','SK증권',695),('16450','한세예스24홀딩스',8200),('31440','신세계푸드',84700),('35810','이지바이오',5630),('131970','테스나',47600),('7340','디티알오토모티브',32550),('2310','아세아제지',36300),('123860','아나패스',32100),('8730','율촌화학',13100),('281820','케이씨텍',16300),('237690','에스티팜',17250),('15750','성우하이텍',4015),('16580','환인제약',17250),('3220','대원제약',16250),('9580','무림P&P',5120),('30530','원익홀딩스',4115),('38290','마크로젠',29900),('36930','주성엔지니어링',6560),('102710','이엔에프테크놀로지',22150),('95270','웨이브일렉트로',29150),('101060','SBS미디어홀딩스',2250),('3300','한일홀딩스',52200),('50890','쏠리드',5990),('174900','앱클론',43550),('16590','신대양제지',77400),('00088K','한화3우B',13850),('32620','유비케어',5960),('100120','뷰웍스',31100),('78520','에이블씨엔씨',11500),('33920','무학',10900),('10170','대한광통신',4190),('95660','네오위즈',14050),('53030','바이넥스',9690),('119860','다나와',23500),('400','롯데손해보험',2285),('41140','넥슨지티',8660),('74600','원익QnC',11650),('970','한국주철관',13400),('217730','강스템바이오텍',14600),('60150','인선이엔티',7890),('78600','대주전자재료',20800),('115960','연우',24400),('89600','나스미디어',34550),('74610','나노메딕스',9190),('78020','이베스트투자증권',5440),('1880','삼호',19850),('52400','코나아이',19350),('1500','현대차증권',10250),('39560','다산네트웍스',9650),('41190','우리기술투자',3570),('5810','풍산홀딩스',38250),('34950','한국기업평가',65700),('208340','파멥신',43350),('14620','성광벤드',10400),('11760','현대상사',22300),('84680','이월드',3230),('65620','제낙스',13000),('36630','세종텔레콤',485),('36800','나이스정보통신',29050),('91810','티웨이항공',6180),('67990','도이치모터스',10350),('53950','경남제약',17200),('251970','펌텍코리아',153200),('18290','지엠피',10600),('298040','효성중공업',30850),('166090','하나머티리얼즈',14650),('2810','삼영무역',16300),('50','경방',10450),('35890','서희건설',1380),('3560','IHQ',1940),('19210','와이지-원',9290),('67080','대화제약',15550),('268600','셀리버리',36200),('104830','원익머트리얼즈',22450),('104480','티케이케미칼',3100),('28100','동아지질',24500),('67280','멀티캠퍼스',47400),('71055','한국금융지주우',47700),('30520','한글과컴퓨터',12100),('243840','신흥에스이씨',42600),('63570','한국전자금융',8160),('143240','사람인에이치알',23900),('5070','코스모신소재',14050),('89980','상아프론테크',18200),('25000','KPX케미칼',57300),('7690','국도화학',47500),('49070','인탑스',16000),('37710','광주신세계',172000),('12610','경인양행',6780),('23160','태광',10200),('104700','한국철강',5860),('226950','올릭스',41150),('4360','세방',13850),('214870','뉴지랩',10750),('299660','셀리드',27850),('20','동화약품',9530),('430','대원강업',4285),('86820','바이오솔루션',33200),('540','흥국화재',4120),('101530','해태제과식품',9070),('119610','인터로조',23250),('84370','유진테크',11500),('102940','코오롱생명과학',23000),('84690','대상홀딩스',7240),('272550','삼양패키징',18450),('102460','이연제약',15600),('6490','인스코비',2890),('159580','제로투세븐',13000),('7110','일신석재',3360),('102260','동성코퍼레이션',5710),('319660','피에스케이',17500),('63080','게임빌',39150),('16250','이테크건설',92200),('86390','유니테스트',12200),('7160','사조산업',51500),('4380','삼익THK',12250),('140860','파크시스템스',38450),('136490','선진',10750),('136480','하림',2940),('161000','애경유화',7970),('23900','풍국주정',20250),('66700','테라젠이텍스',8220),('680','LS네트웍스',3215),('10955','S-Oil우',62800),('214180','민앤지',19900),('1940','KISCO홀딩스',13650),('78150','HB테크놀러지',3190),('51370','인터플렉스',10800),('67390','아스트',9800),('87010','펩트론',16400),('143160','아이디스',23350),('15360','예스코홀딩스',41700),('230240','에치에프알',20850),('229640','LS전선아시아',8150),('9520','포스코엠텍',5990),('950170','JTC',7090),('206640','바디텍메드',10550),('200670','휴메딕스',24750),('13030','하이록코리아',18100),('54950','제이브이엠',38750),('79980','휴비스',7090),('1200','유진투자증권',2520),('42520','한스바이오메드',24650),('2030','아세아',111000),('92230','KPX홀딩스',57500),('228850','레이언스',14600),('3545','대신증권우',9300),('68400','AJ렌터카',10900),('36530','S&T홀딩스',14800),('267850','아시아나IDT',21700),('13580','계룡건설',26950),('4150','한솔홀딩스',5080),('3120','일성신약',90100),('54780','키이스트',2810),('4700','조광피혁',35900),('3070','코오롱글로벌',9460),('33500','동성화인텍',8830),('95570','AJ네트웍스',5070),('57500','SKC 솔믹스',3855),('3030','세아제강지주',57000),('43610','지니뮤직',4060),('11040','경동제약',8830),('3570','S&T중공업',7050),('5960','동부건설',11200),('140','하이트진로홀딩스',10050),('110790','크리스에프앤씨',19850),('183300','코미코',26500),('220630','해마로푸드서비스',2455),('82920','비츠로셀',10750),('238090','앤디포스',5510),('176440','에이치엔티',16000),('86980','쇼박스',3670),('52260','SK바이오랜드',15300),('236200','슈프리마',32300),('60280','큐렉소',6850),('293780','압타바이오',20900),('1250','GS글로벌',2755),('4980','성신양회',9250),('214390','경보제약',9480),('5680','삼영전자',11300),('18120','진로발효',30000),('3200','일신방직',93800),('195870','해성디에스',13200),('2020','코오롱',17750),('284610','TS트릴리온',5950),('207760','미스터블루',9100),('215360','우리산업',24300),('2840','미원상사',43950),('92130','이크레더블',18350),('65530','전파기지국',4180),('90360','로보스타',22650),('4970','신라교역',13700),('7660','이수페타시스',5300),('31330','에스에이엠티',2185),('26890','디피씨',5230),('36180','영인프런티어',12350),('131370','알서포트',4080),('67290','JW신약',5210),('1290','상상인증권',2255),('4060','SG세계물산',1070),('194700','노바렉스',24000),('45100','한양이엔지',12000),('1270','부국증권',20750),('263920','블러썸엠앤씨',22700),('39440','에스티아이',13550),('11810','STX',10850),('52330','코텍',13700),('35510','신세계 I&C',124000),('121800','비덴트',7650),('128820','대성산업',4710),('85370','루트로닉',8390),('7820','에스엠코어',10600),('93230','이아이디',535),('14990','인디에프',3580),('239340','줌인터넷',8890),('36580','팜스코',5740),('7720','대명코퍼레이션',2090),('35150','백산',8700),('37460','삼지전자',12900),('23910','대한약품',35050),('11930','신성이엔지',1210),('109740','디에스케이',10300),('60240','룽투코리아',8650),('201490','미투온',6690),('121440','골프존뉴딘홀딩스',4880),('16610','DB금융투자',4920),('91120','이엠텍',12950),('95190','이엠코리아',5720),('89030','테크윙',10750),('241710','코스메카코리아',19350),('189300','인텔리안테크',28500),('10600','웰바이오텍',4895),('64260','다날',3450),('8700','아남전자',2665),('44490','태웅',10250),('264450','유비쿼스',40000),('203690','프로스테믹스',4485),('191420','테고사이언스',25300),('97780','에스맥',924),('217270','넵튠',9300),('306200','세아제강',71700),('72020','중앙백신',20400),('46440','KG모빌리언스',6780),('52710','아모텍',20650),('25320','시노펙스',2860),('36190','금화피에스시',33400),('4960','한신공영',17300),('121600','나노신소재',18450),('9270','신원',2470),('64550','바이오니아',9020),('138490','코오롱플라스틱',5240),('1530','DI동일',82200),('260930','씨티케이코스메틱스',19650),('245620','EDGC',5490),('214420','토니모리',11250),('53610','프로텍',19100),('136540','윈스',16200),('23770','플레이위드',47400),('1780','알루코',2625),('72520','제넨바이오',2890),('43370','평화정공',9260),('138690','엘아이에스',12200),('16380','동부제철',7130),('123420','선데이토즈',20250),('9160','SIMPAC',2955),('251370','와이엠티',26050),('60720','KH바텍',9140),('84010','대한제강',7810),('29460','케이씨',14200),('33240','자화전자',10750),('91090','세원셀론텍',3150),('194370','제이에스코퍼레이션',14400),('222040','코스맥스엔비티',9290),('271400','알로이스',70100),('225570','넷게임즈',7940),('263720','디앤씨미디어',15800),('67170','오텍',12350),('206650','유바이오로직스',7090),('122640','예스티',13500),('44820','코스맥스비티아이',19650),('17890','한국알콜',8700),('5390','신성통상',1305),('8040','사조동아원',1325),('175250','아이큐어',29150),('312610','에이에프더블류',18450),('49960','쎌바이오텍',19800),('61040','알에프텍',8850),('33110','코너스톤네트웍스',1610),('77500','유니퀘스트',6800),('108790','인터파크',5580),('68930','디지털대성',8200),('700','유수홀딩스',7090),('5389','현대차3우B',75900),('1790','대한제당',20850),('93320','케이아이엔엑스',37700),('75580','세진중공업',4790),('54050','농우바이오',11450),('2170','삼양통상',61100),('5420','코스모화학',11350),('282690','동아타이어',13200),('30790','동양네트웍스',1790),('14470','부방',3830),('33160','엠케이전자',8300),('36890','진성티이씨',8040),('220250','카이노스메드',13100),('59090','미코',5740),('5090','삼광글라스',37000),('30210','KTB투자증권',2975),('5990','매일홀딩스',13000),('168490','한국패러랠',2225),('56700','신화인터텍',6100),('206560','덱스터',7150),('108490','로보티즈',15650),('100700','세운메디칼',4020),('110990','디아이티',9310),('9460','한창제지',2935),('299900','위지윅스튜디오',19000),('3960','사조대림',19100),('5740','크라운해태홀딩스',11750),('12030','DB',864),('137940','넥스트아이',2250),('131390','피앤이솔루션',12150),('299910','베스파',21600),('196490','디에이테크놀로지',3295),('5945','NH투자증권우',9170),('2795','아모레G우',26850),('2450','삼익악기',1910),('18310','삼목에스폼',11750),('15890','태경산업',5900),('125210','아모그린텍',10450),('115180','큐리언트',20100),('180400','캔서롭',7740),('520','삼일제약',26350),('40910','아이씨디',10150),('270870','뉴트리',18900),('6620','동구바이오제약',17750),('86890','이수앱지스',6400),('232140','와이아이케이',2755),('74430','아미노로직스',1935),('138580','비즈니스온',17800),('89470','HDC현대EP',5320),('30960','양지사',10600),('45970','코아시아',8450),('226340','본느',5620),('860','강남제비스코',25950),('78000','텔코웨어',17350),('58610','에스피지',8040),('33340','좋은사람들',5600),('2460','화성산업',13450),('302430','이노메트리',34700),('77970','STX엔진',7250),('12700','리드코프',6230),('290120','대유에이피',15300),('97955','CJ제일제당 우',125000),('36030','KTH',4645),('73490','이노와이어리스',27600),('6380','카프로',4115),('54670','대한뉴팜',11450),('54450','텔레칩스',12150),('216050','인크로스',20350),('37070','파세코',11700),('44450','KSS해운',7050),('39570','HDC아이콘트롤스',9920),('215','대림산업우',42950),('64240','홈캐스트',5050),('68290','삼성출판사',16300),('8290','원풍물산',4245),('78890','가온미디어',11000),('320','노루홀딩스',12200),('3555','LG우',48750),('14200','광림',3255),('8970','동양철관',1355),('52790','액토즈소프트',14200),('5160','동국산업',2965),('23600','삼보판지',9930),('38880','아이에이',663),('15860','일진홀딩스',3240),('100790','미래에셋벤처투자',5210),('27050','코리아나',3990),('217480','에스디생명공학',7120),('25620','제이준코스메틱',6010),('214430','아이쓰리시스템',22350),('251630','브이원텍',10550),('111870','삼본전자',3090),('290650','엘앤씨바이오',21550),('83640','인콘',2270),('67830','세이브존I&C',3850),('90470','제이스텍',10800),('111710','남화산업',7650),('65130','탑엔지니어링',9820),('11370','서한',1550),('73560','우리손에프앤지',2245),('203650','드림시큐리티',4340),('176560','포인트엔지니어링',25000),('153710','옵티팜',10750),('65650','메디프론',5250),('123690','한국화장품',9580),('16100','리더스코스메틱',8460),('90350','노루페인트',7680),('89970','에이피티씨',6600),('142760','바이오리더스',8660),('900140','엘브이엠씨홀딩스',2995),('7980','태평양물산',3065),('225530','보광산업',4265),('99320','쎄트렉아이',21000),('1390','KG케미칼',12250),('96775','SK이노베이션우',122000),('101490','에스앤에스텍',7690),('117580','대성에너지',5510),('166480','코아스템',9630),('21320','KCC건설',7060),('187420','제노포커스',6980),('290670','대보마그네틱',46500),('6220','제주은행',4665),('36810','에프에스티',7400),('7210','벽산',2180),('100590','머큐리',10100),('60310','3S',3330),('13570','디와이',5660),('122450','KMH',6560),('71200','인피니트헬스케어',6080),('49180','셀루메드',7190),('24810','이화전기',246),('241770','메카로',14700),('69110','코스온',7890),('900250','크리스탈신소재',2175),('100130','동국S&C',2580),('267290','경동도시가스',31250),('89010','켐트로닉스',10600),('82210','옵트론텍',6530),('289010','아이스크림에듀',11650),('6405','삼성SDI우',90900),('200880','서연이화',5440),('4270','남성',4060),('67900','와이엔텍',8060),('54620','APS홀딩스',7190),('4890','동일산업',60400),('38390','레드캡투어',17050),('4310','현대약품',4570),('171120','라이온켐텍',7960),('63160','종근당바이오',27900),('96240','청담러닝',19000),('190510','나무가',42400),('94480','갤럭시아컴즈',3700),('67370','선바이오',18900),('900100','뉴프라이드',1570),('4870','티웨이홀딩스',1890),('4250','NPC',3945),('27740','마니커',914),('39830','오로라',13450),('210540','디와이파워',13100),('1460','BYC',231500),('2700','신일산업',2035),('5950','이수화학',9460),('48550','SM C&C',1535),('58400','KNN',1090),('100250','진양홀딩스',2580),('36200','유니셈',4700),('4710','한솔테크닉스',6490),('3460','유화증권',12600),('115160','휴맥스',5970),('890','보해양조',1250),('241690','유니테크노',11950),('131030','디에이치피코리아',8590),('307930','컴퍼니케이',9110),('1360','삼성제약',2420),('53980','오상자이엘',7990),('102280','쌍방울',1095),('54800','아이디스홀딩스',13650),('37950','엘컴텍',1670),('200780','비씨월드제약',17600),('7680','대원',12750),('204620','글로벌텍스프리',3780),('143210','핸즈코퍼레이션',6430),('222080','씨아이에스',2615),('390','삼화페인트',5300),('3830','대한화섬',105500),('5430','한국공항',44200),('225190','삼양옵틱스',13850),('126700','하이비젼시스템',9340),('248170','샘표식품',30500),('24090','디씨엠',11900),('230','일동홀딩스',12650),('3650','미창석유',80000),('14790','한라',3575),('13520','화승알앤에이',2145),('60230','이그잭스',1935),('69510','에스텍',12650),('1540','안국약품',10550),('11320','유니크',7110),('144960','뉴파워프라즈마',16650),('490','대동공업',5780),('123040','엠에스오토텍',4400),('180','성창기업지주',1960),('45520','크린앤사이언스',21000),('900290','GRT',2025),('101330','모베이스',5690),('161580','필옵틱스',7860),('32790','엠젠플러스',8050),('4560','현대비앤지스틸',9010),('179290','엠아이텍',4460),('2360','SH에너지화학',1220),('92220','KEC',1160),('73110','엘엠에스',15200),('27360','아주IB투자',1135),('20760','일진디스플',4750),('15710','코콤',7640),('151860','KG ETS',3720),('290720','푸드나무',19650),('66980','브레인콘텐츠',842),('35080','인터파크홀딩스',2275),('91580','상신이디피',10500),('17900','광전자',2295),('35000','지투알',8020),('222800','심텍',5830),('36560','영풍정밀',8420),('46140','SBS콘텐츠허브',6150),('11330','유니켐',2060),('35620','바른손이앤에이',1865),('234920','자이글',9700),('65560','녹원씨엔아이',8430),('11390','부산산업',124000),('27390','한화갤러리아타임월드',21800),('149950','아바텍',8370),('14160','대영포장',1205),('54210','이랜텍',6210),('50110','캠시스',2185),('101000','상상인인더스트리',3125),('141000','비아트론',10750),('214270','퓨쳐스트림네트웍스',1455),('95340','ISC',9200),('130580','나이스디앤비',8430),('79370','제우스',12500),('2760','보락',2165),('3350','한국화장품제조',28600),('92440','기신정기',4430),('34590','인천도시가스',29500),('4200','고려개발',4235),('65060','지엔코',1315),('100090','삼강엠앤티',4675),('4650','창해에탄올',14000),('277880','티에스아이',16500),('1260','남광토건',13050),('72870','메가스터디',10750),('309900','티티씨디펜스',12800),('7330','푸른저축은행',8480),('40350','큐로컴',1165),('1340','백광산업',2840),('63170','서울옥션',7540),('900300','오가닉티코스메틱',2240),('39340','한국경제TV',5540),('77360','덕산하이메탈',5600),('12800','대창',1395),('9200','무림페이퍼',3055),('46210','파나진',3950),('38680','에스넷',7880),('3160','디아이',4020),('56080','유진로봇',3370),('144620','코오롱머티리얼',1840),('263540','샘코',15750),('4440','대림씨엔에스',9910),('60590','씨티씨바이오',6530),('263770','유에스티',5310),('39860','나노엔텍',4775),('89890','코세스',7450),('126870','뉴로스',5540),('289080','SV인베스트먼트',2345),('53280','예스24',7250),('16710','대성홀딩스',7740),('108380','대양전기공업',13000),('101140','비티원',3685),('109610','에스와이',4965),('7810','코리아써키트',5240),('10960','삼호개발',4950),('10040','한국내화',5410),('152550','한국ANKOR유전',1765),('19440','세아특수강',14400),('65710','서호전기',23950),('19550','SBI인베스트먼트',761),('14530','극동유화',3535),('5710','대원산업',6150),('290380','대유',13600),('82800','루미마이크로',1650),('160550','NEW',4390),('200710','에이디테크놀로지',13200),('42420','네오위즈홀딩스',13800),('138360','에이씨티',4480),('68790','DMS',5300),('87730','네패스신소재',6900),('227840','현대코퍼레이션홀딩스',13300),('1045','CJ우',53500),('17180','명문제약',4915),('238490','힘스',21300),('109960','에이프로젠 H&G',674),('214330','금호에이치티',5230),('23000','삼원강재',3005),('47400','유니온머티리얼',2860),('23760','한국캐피탈',712),('36670','KCI',10600),('42370','비츠로테크',5340),('35610','솔본',4365),('20710','시공테크',5950),('13870','지엠비코리아',6240),('264900','크라운제과',9500),('16090','대현',2680),('101160','월덱스',7180),('227610','아우딘퓨쳐스',11850),('288620','에스퓨얼셀',20600),('89140','넥스턴',9980),('34300','신세계건설',29500),('12690','모나리자',3225),('103590','일진전기',3180),('22220','정산애강',2275),('33530','세종공업',5220),('225330','씨엠에스에듀',6310),('51360','토비스',7030),('34940','조아제약',4150),('100840','S&TC',15650),('86960','한컴MDS',13300),('79940','가비아',8670),('71460','위니아딤채',3255),('7540','샘표',40700),('9780','엠에스씨',6650),('5110','한창',3355),('82740','HSD엔진',3540),('4840','DRB동일',5850),('40420','정상제이엘에스',7420),('12160','영흥철강',1355),('127160','매직마이크로',1945),('53300','한국정보인증',3720),('32560','황금에스티',8280),('13990','아가방컴퍼니',3515),('94280','효성ITX',10000),('197210','리드',6480),('9155','삼성전기우',39650),('65510','휴비츠',9680),('1550','조비',22150),('2630','오리엔트바이오',503),('33100','제룡전기',7150),('46120','오르비텍',4810),('130660','한전산업',3505),('155650','와이엠씨',5720),('117670','알파홀딩스',8000),('38160','팍스넷',10300),('14280','금강공업',4690),('16880','웅진',1535),('246710','티앤알바이오팹',13650),('73570','WI',8180),('02826K','삼성물산우B',69700),('66620','국보디자인',15100),('3100','선광',17150),('12200','계양전기',3470),('1840','이화공영',5710),('228340','동양파일',5650),('255220','SG',9030),('3060','에이프로젠제약',1045),('69460','대호에이엘',4150),('93190','빅솔론',5850),('185490','아이진',10150),('52420','오성첨단소재',2005),('33830','티비씨',1120),('10820','퍼스텍',2390),('14580','백광소재',4045),('43090','팜스웰바이오',3845),('53690','한미글로벌',10150),('2900','동양물산',1700),('52860','아이앤씨',6350),('96630','에스코넥',1695),('187220','디티앤씨',10100),('173940','에프엔씨엔터',7700),('89230','THE E&M',1050),('26180','현대정보기술',1855),('215100','로보로보',6200),('168330','내츄럴엔도텍',5330),('102120','어보브반도체',6300),('47770','코데즈컴바인',2900),('25750','한솔홈데코',1360),('9300','삼아제약',17200),('99750','이지케어텍',17150),('950140','잉글우드랩',5500),('48870','시너지이노베이션',1745),('5870','휴니드',7720),('100030','모바일리더',33100),('100220','비상교육',8360),('49520','유아이엘',4985),('60560','홈센타홀딩스',1275),('88910','동우팜투테이블',4200),('19010','베뉴지',2245),('17370','우신시스템',5900),('91970','나노캠텍',4715),('11785','금호석유우',35700),('25560','미래산업',170),('1070','대한방직',20350),('47820','초록뱀',1410),('58430','포스코강판',17950),('241790','오션브릿지',11300),('36000','예림당',4670),('1140','국보',6380),('18000','유니슨',1145),('6580','대양제지',3990),('5800','신영와코루',119000),('2880','대유에이텍',1000),('105840','우진',5640),('91590','남화토건',9060),('65150','MP그룹',1315),('17040','광명전기',2450),('34810','해성산업',10850),('15590','큐로',840),('219420','링크제니시스',10600),('14710','사조씨푸드',6140),('9320','대우부품',2215),('93920','서원인텍',5670),('83310','엘오티베큠',7930),('238200','비피도',25700),('67000','조이시티',8900),('69410','엔텔스',15200),('126880','제이엔케이히터',5110),('32820','우리기술',1095),('71970','STX중공업',3720),('120030','조선선재',83000),('2800','신신제약',6880),('67310','하나마이크론',4110),('211270','AP위성',6930),('120240','대정화금',14650),('650','천일고속',72700),('16790','현대사료',16850),('65170','넥스트BT',1670),('41440','에버다임',5760),('7860','서연',4395),('205100','엑셈',3045),('26040','제이에스티나',6250),('75180','새론오토모티브',5370),('42510','라온시큐어',3230),('216280','원텍',25350),('111110','호전실업',12800),('55490','테이팩스',21700),('3080','성보화학',5110),('94170','동운아나텍',7500),('9810','엔케이물산',1220),('53350','이니텍',5150),('234300','에스트래픽',8540),('267790','배럴',13000),('83930','아바코',6350),('1470','삼부토건',819),('69920','아이에스이커머스',3975),('215790','이노인스트루먼트',5000),('195990','유지인트',918),('38460','바이오스마트',5070),('242040','나무기술',3475),('9730','코센',1580),('85310','엔케이',1265),('11560','세보엠이씨',9580),('58730','다스코',6550),('33130','디지틀조선',2715),('104200','NHN벅스',6770),('79970','투비소프트',3785),('9470','삼화전기',15150),('192250','케이사인',1545),('66590','우수AMS',4040),('6910','보성파워텍',2175),('850','화천기공',45300),('221840','하이즈항공',5630),('1570','금양',2260),('6980','우성사료',3220),('53700','삼보모터스',6230),('14100','보령메디앙스',8410),('3480','한진중공업홀딩스',3360),('64800','필링크',1545),('118990','모트렉스',3625),('78590','두올산업',1870),('140610','엔솔바이오사이언스',11450),('80220','제주반도체',3440),('194480','데브시스터즈',8790),('4450','삼화왕관',45700),('107590','미원홀딩스',42200),('2600','조흥',164000),('253840','수젠텍',7610),('7590','동방아그로',7200),('131100','리켐',3625),('226360','이엑스티',3625),('119830','아이텍',15250),('33320','제이씨현시스템',5120),('9070','KCTC',3260),('48910','대원미디어',7770),('94850','참좋은여행',6980),('217620','디딤',2640),('263700','케어랩스',15200),('4080','신흥',10150),('88130','동아엘텍',8920),('234070','에이원알폼',27500),('31820','콤텍시스템',2030),('191600','티케이씨',37350),('217600','켐온',1515),('49480','오픈베이스',3075),('19660','글로본',3320),('21080','에이티넘인베스트',2010),('950130','엑세스바이오',3560),('24060','흥구석유',6420),('170920','엘티씨',12800),('900260','로스웰',1060),('38060','루멘스',2035),('51160','지어소프트',6600),('140070','서플러스글로벌',2600),('8250','이건산업',8770),('14970','삼륭물산',6350),('3580','넥스트사이언스',4090),('224060','코디엠',657),('260660','알리코제약',9990),('27710','팜스토리',1085),('200470','하이셈',5450),('1750','한양증권',7510),('257370','명성티엔에스',15000),('35290','더블유에프엠',3990),('41930','동아화성',6040),('139670','키네마스터',13600),('300','대유플러스',906),('40','KR모터스',500),('1380','SG충방',2105),('258830','세종메디칼',13950),('3610','방림',2230),('23800','인지컨트롤스',6220),('133820','화인베스틸',3190),('101240','씨큐브',11700),('73640','삼원테크',1700),('290740','액트로',9400),('12320','경동인베스트',39800),('87260','모바일어플라이언스',6270),('9190','대양금속',7600),('90850','이지웰페어',8570),('11150','CJ씨푸드',2595),('16600','큐캐피탈',666),('58850','KTcs',2180),('49080','기가레인',1780),('4770','써니전자',3030),('2300','한국제지',18550),('94820','일진파워',6150),('174880','장원테크',3060),('9440','KC그린홀딩스',4120),('10690','화신',2645),('5010','휴스틸',12100),('33170','시그네틱스',1075),('106190','하이텍팜',13000),('49630','재영솔루텍',1265),('86080','다이노나',6000),('11000','진원생명과학',4345),('64090','에프앤리퍼블릭',1420),('86040','바이오톡스텍',6290),('220260','켐트로스',3815),('96690','제이스테판',2530),('180060','탑선',11400),('193250','와이제이엠게임즈',2000),('900270','헝셩그룹',1140),('79960','동양이엔피',11600),('148250','알엔투테크놀로지',13350),('61250','화일약품',6320),('4540','깨끗한나라',2445),('229000','젠큐릭스',16800),('222420','쎄노텍',2255),('134790','시디즈',45250),('5190','동성화학',16950),('92460','한라IMS',7700),('250060','모비스',2810),('78140','대봉엘에스',8150),('142280','녹십자엠에스',9390),('6340','대원전선',1325),('90370','메타랩스',1725),('900310','컬러레이',1670),('27040','서울전자통신',1295),('104620','노랑풍선',18900),('80720','한국유니온제약',15250),('263600','덕우전자',11300),('23450','동남합성',24850),('41460','한국전자인증',4185),('90710','휴림로봇',1095),('72470','우리산업홀딩스',4745),('259630','엠플러스',17500),('16740','두올',3300),('38340','UCI',5900),('150840','인트로메딕',4075),('65680','우주일렉트로',8980),('176750','듀켐바이오',10050),('327610','펨토바이오메드',16300),('122350','삼기오토모티브',2870),('198440','고려시멘트',2775),('308100','까스텔바쟉',13450),('78940','코드네이처',1490),('90740','연이정보통신',5540),('160980','싸이맥스',8380),('47080','한빛소프트',3575),('214680','디알텍',1825),('17550','수산중공업',1640),('131290','티에스이',8000),('134380','미원화학',40350),('79190','EMW',2780),('71670','에이테크솔루션',8830),('94940','푸른기술',13400),('145210','세화아이엠씨',2990),('36120','SCI평가정보',2475),('182360','큐브엔터',3305),('43200','파루',2515),('19685','대교우B',4515),('37330','인지디스플레',2460),('263690','디알젬',7730),('80000','에스엔유',2550),('65950','웰크론',3225),('149980','하이로닉',6200),('24950','삼천리자전거',6520),('163560','동일고무벨트',6440),('105740','디케이락',10400),('100660','서암기계공업',6820),('140670','알에스오토메이션',9420),('46070','코다코',2195),('99440','스맥',3095),('57880','필로시스헬스케어',2150),('137400','피엔티',4825),('41650','상신브레이크',3980),('3547','대신증권2우B',8540),('66130','하츠',6670),('47560','이스트소프트',8590),('43290','케이맥',11900),('21820','세원정공',8480),('95500','미래나노텍',3640),('122310','제노레이',18500),('285490','노바텍',18300),('25440','대성엘텍',849),('42040','케이피엠테크',916),('220100','퓨쳐켐',14700),('2200','수출포장',21050),('104460','동양피엔에프',7840),('214610','미코바이오메드',7300),('56360','코위버',8550),('33540','파라텍',4930),('10240','흥국',6790),('4780','대륙제관',5260),('57540','옴니시스템',2055),('39010','현대통신',9690),('84730','팅크웨어',8010),('108860','셀바스AI',3780),('222110','팬젠',8620),('92070','디엔에프',7720),('119650','KC코트렐',6390),('26150','특수건설',5530),('6660','삼성공조',10200),('14190','원익큐브',2340),('43340','에쎈테크',1150),('40300','YTN',1970),('76610','해성옵틱스',2670),('58630','엠게임',4230),('39610','화성밸브',7940),('196450','디오스텍',666),('21040','대호피앤씨',1130),('83660','CSA 코스믹',4170),('41910','에스텍파마',6920),('24800','유성티엔에스',3025),('105550','트루윈',7440),('187870','디바이스이엔지',12100),('109860','동일금속',11700),('9770','삼정펄프',32750),('24880','케이피에프',4675),('4910','조광페인트',6340),('2230','피에스텍',4125),('58860','KTis',2330),('102210','해덕파워웨이',1100),('44960','이글벳',6410),('204630','화이브라더스코리아',2830),('66430','와이오엠',6630),('53620','태양',9400),('67570','엔브이에이치코리아',2810),('2140','고려산업',3230),('44480','바이오제네틱스',6550),('900280','골든센츄리',861),('53450','세코닉스',6800),('17510','세명전기',5260),('53590','한국테크놀로지',1125),('112240','에스에프씨',1815),('114810','아이원스',5950),('204840','지엘팜텍',2230),('137950','제이씨케미칼',3735),('65350','신성델타테크',3295),('2920','유성기업',3065),('2720','국제약품',4320),('10660','화천기계',3605),('03473K','SK우',140000),('500','가온전선',19050),('36260','이매진아시아',2220),('31310','아이즈비전',5020),('4720','우리들제약',6830),('126600','코프라',3740),('8260','NI스틸',2760),('66110','한프',1495),('15230','대창단조',39450),('13310','아진산업',2600),('68330','일신바이오',1780),('37350','성도이엔지',5080),('1080','만호제강',18900),('40610','SG&G',2295),('246720','아스타',6810),('18620','우진비앤지',3010),('217500','러셀',2455),('203400','에이비온',6280),('36090','위지트',1070),('155660','DSR',4865),('124500','아이티센',4800),('131400','액트',4475),('900340','윙입푸드',1920),('78650','코렌',1895),('66310','큐에스아이',9350),('26940','부국철강',3870),('129260','인터지스',2600),('30350','드래곤플라이',4830),('13360','일성건설',1430),('32850','비트컴퓨터',4645),('225650','쿠첸',7220),('910','유니온',4935),('14440','영보화학',3850),('114120','크루셜텍',1170),('60370','KT서브마린',3510),('14130','한익스프레스',6400),('50540','한국코퍼레이션',1980),('69540','라이트론',5420),('19180','티에이치엔',4260),('51630','진양화학',6390),('157','두산2우B',77700),('14570','고려제약',6940),('63440','SM Life Design',1695),('215380','우정바이오',3035),('123570','이엠넷',3415),('94840','슈프리마에이치큐',7220),('156100','엘앤케이바이오',7010),('66670','디스플레이텍',4040),('302550','리메드',14500),('37370','EG',10050),('6740','영풍제지',3395),('12790','신일제약',9540),('123410','코리아에프티',2705),('11090','에넥스',1255),('45660','에이텍',9100),('50860','아세아텍',4280),('5860','한일사료',1900),('228180','티씨엠생명과학',23500),('150440','피노텍',7810),('36170','씨티젠',2305),('84670','동양고속',25750),('241820','피씨엘',8320),('10400','우진아이엔에스',9750),('48470','대동스틸',7420),('73010','케이에스피',2050),('5750','대림B&Co',4450),('5360','모나미',3920),('38530','골드퍼시픽',2235),('83420','그린케미칼',3680),('37270','YG PLUS',1265),('134780','화진',3060),('50120','라이브플렉스',862),('78860','아이오케이',1850),('49720','고려신용정보',5130),('4090','한국석유',111500),('6090','사조오양',7750),('84870','TBH글로벌',3500),('50320','에이앤티앤',3220),('9310','참엔지니어링',1445),('66900','디에이피',3200),('290660','네오펙트',6090),('64510','에코마이스터',5730),('1020','페이퍼코리아',805),('226610','한국비엔씨',12000),('590','CS홀딩스',62500),('60480','국일신동',6500),('171090','선익시스템',8010),('205500','액션스퀘어',2720),('65940','바이오빌',1635),('80010','이상네트웍스',7970),('6140','피제이전자',4785),('58220','아리온',791),('79950','인베니아',3085),('219750','지티지웰니스',11450),('93520','매커스',4425),('40160','누리텔레콤',5930),('94360','칩스앤미디어',9580),('305090','마이크로디지탈',19550),('84180','수성',5820),('69730','DSR제강',4915),('6370','대구백화점',6540),('148140','비디아이',8930),('66410','버킷스튜디오',3015),('220','유유제약',11100),('92200','디아이씨',2945),('69640','한세엠케이',5470),('50760','에스폴리텍',4315),('38070','서린바이오',9650),('41590','에너전트',1490),('46970','우리로',2835),('119850','지엔씨에너지',4310),('83550','케이엠',6920),('7630','폴루스바이오팜',1795),('43710','서울리거',2375),('114450','KPX생명과학',4670),('17650','대림제지',1555),('97870','효성오앤비',8240),('65450','빅텍',2855),('115310','인포바인',21900),('46940','우원개발',4070),('12280','영화금속',1535),('19590','엠벤처투자',1160),('46390','삼화네트웍스',1620),('226440','한송네오텍',1760),('6880','신송홀딩스',5890),('24890','대원화성',1685),('214310','세미콘라이트',1040),('42110','에스씨디',1435),('208350','지란지교시큐리티',1780),('32940','원익',3850),('1560','제일연마',6900),('27830','대성창투',1725),('43650','국순당',3860),('101400','엔시트론',585),('208640','썸에이지',902),('7610','선도전기',3820),('10770','평화홀딩스',4700),('49550','잉크테크',4285),('33430','디에스티',1225),('39420','케이엘넷',2840),('49430','코메론',7580),('290550','디케이티',8330),('39020','이건홀딩스',3035),('17480','삼현철강',4360),('42940','상지카일룸',1645),('39230','에이아이비트',837),('138610','나이벡',6880),('241520','DSC인베스트먼트',3765),('4590','한국가구',4520),('234100','세원',3025),('171010','램테크놀러지',5900),('53110','소리바다',1110),('31510','오스템',2600),('92780','동양피스톤',5130),('160600','에스엔텍',5660),('56730','포스링크',1460),('24120','KB오토시스',5840),('41520','이라이콤',5510),('35480','제이테크놀로지',1475),('83650','비에이치아이',2580),('206400','엔터메이트',804),('54930','유신',22300),('263800','데이타솔루션',4255),('6805','미래에셋대우우',4750),('48430','유라테크',5800),('4410','서울식품',198),('25820','이구산업',1995),('25550','한국선재',2720),('8600','윌비스',1170),('36480','대성미생물',17550),('277070','린드먼아시아',4930),('2820','선창산업',5270),('117730','티로보틱스',12300),('86670','비엠티',8150),('233250','메디안디노스틱',38000),('78935','GS우',37150),('3010','혜인',5210),('8870','금비',66200),('66360','체리부로',2370),('90410','덕신하우징',1645),('53260','금강철강',3520),('79650','서산',3290),('110020','전진바이오팜',13900),('189980','흥국에프엔비',8950),('68940','아이씨케이',2100),('11500','한농화성',4180),('131090','시큐브',1720),('54180','중앙오션',2420),('900040','차이나그레이트',518),('147830','제룡산업',6510),('204020','엠코르셋',6430),('33560','블루콤',3580),('56090','유앤아이',8350),('11700','한신기계',1990),('6570','대림통상',4240),('39980','리노스',1630),('114570','지스마트글로벌',681),('81150','티플랙스',2655),('64290','인텍플러스',5830),('32980','바이온',1350),('6890','태경화학',5540),('53660','현진소재',2680),('109070','컨버즈',3260),('71280','로체시스템즈',4190),('264660','씨앤지하이테크',7620),('72770','네오디안테크놀로지',1780),('154030','아시아종묘',6940),('36010','아비코전자',4800),('80520','오디텍',5430),('33310','디케이디앤아이',2900),('33200','모아텍',4445),('252500','세화피앤씨',3065),('18470','조일알미늄',911),('57030','와이비엠넷',3880),('4140','동방',1890),('41920','메디아나',7310),('123840','한일진공',1125),('142210','유니트론텍',6360),('21050','서원',1330),('8420','문배철강',3060),('42500','링네트',4200),('225430','케이엠제약',2925),('39310','세중',3445),('59210','메타바이오메드',2615),('109820','진매트릭스',3510),('48770','TPC',4825),('38870','에코바이오',5360),('118000','우리들휴브레인',2560),('204990','현성바이탈',1965),('4830','덕성',3945),('52670','제일바이오',4120),('97800','윈팩',1710),('217330','싸이토젠',10950),('218150','미래생명자원',3300),('39290','인포뱅크',7080),('20120','키다리스튜디오',3885),('208860','엔지스테크널러지',6270),('220180','핸디소프트',3965),('75970','동국알앤에스',3330),('96610','알에프세미',7540),('65770','CS',3250),('54940','엑사이엔씨',1845),('63760','이엘피',12450),('16670','포비스티앤씨',1525),('128660','피제이메탈',2460),('51490','나라엠앤디',4290),('88390','이녹스',6480),('37440','희림',4350),('184230','SGA솔루션즈',1650),('90080','평화산업',1615),('10470','오리콤',5250),('303360','프로테옴텍',13850),('140520','대창스틸',3015),('72990','에이치시티',8760),('80470','성창오토텍',8230),('36690','코맥스',4125),('131180','딜리',2045),('5670','푸드웰',7460),('99220','SDN',1405),('37760','쎄니트',1760),('52900','KMH하이텍',1270),('208140','정다운',2895),('23440','제일제강',2015),('106240','파인테크닉스',1580),('44060','조광ILI',5990),('5305','롯데칠성우',76200),('1620','케이비아이동국실업',894),('115500','케이씨에스',4920),('59120','아진엑스텍',8490),('36710','심텍홀딩스',1650),('1810','무림SP',2655),('208710','바이오로그디바이스',2100),('13700','까뮤이앤씨',1300),('96350','대창솔루션',541),('91340','S&K폴리텍',5000),('213090','미래테크놀로지',9510),('95910','에스에너지',4345),('24840','KBI메탈',1760),('46110','한일네트웍스',4840),('54920','한컴시큐어',3070),('115440','우리넷',9050),('37230','한국팩키지',2300),('1275','부국증권우',19100),('54300','팬스타엔터프라이즈',1210),('3280','흥아해운',588),('196300','애니젠',11400),('120115','코오롱인더우',20650),('219550','MP한강',1005),('8800','스튜디오썸머',1770),('49830','승일',9300),('24830','세원물산',6820),('94190','이엘케이',787),('147760','마이크로프랜드',5250),('54090','삼진엘앤디',2275),('19540','일지테크',4200),('83450','GST',6090),('900080','에스앤씨엔진그룹',458),('51980','센트럴바이오',1270),('47920','씨트리',4090),('17250','인터엠',2690),('60540','에스에이티',2165),('52220','iMBC',2455),('96040','이트론',235),('33230','인성정보',2930),('18680','서울제약',6600),('104540','코렌텍',5630),('10100','한국프랜지',1835),('253590','네오셈',1550),('6920','모헨즈',5110),('246960','이노테라피',11050),('42600','새로닉스',4485),('84650','랩지노믹스',6120),('127710','아시아경제',2185),('68050','팬엔터테인먼트',4050),('215090','리퓨어유니맥스',2830),('32680','소프트센',1690),('65500','오리엔트정공',473),('23460','CNH',1490),('45060','오공',3270),('49120','파인디앤씨',2125),('75130','플랜티넷',6170),('263810','상신전자',5810),('27580','상보',1740),('101730','조이맥스',6470),('93240','형지엘리트',1765),('39670','한류타임즈',917),('64820','케이프',2150),('83500','에프엔에스테크',7380),('52300','W홀딩컴퍼니',413),('96300','베트남개발1',422),('52190','이에스에이',1900),('92870','엑시콘',6120),('123700','SJM',3480),('7280','한국특수형강',1675),('72130','유엔젤',4100),('2710','TCC스틸',2420),('101390','아이엠',1280),('13000','세우글로벌',1880),('45510','정원엔시스',1675),('81580','성우전자',3465),('50090','휘닉스소재',777),('265560','영화테크',10050),('71850','캐스텍코리아',3240),('82850','우리바이오',1190),('6110','삼아알미늄',4850),('8110','대동전자',5080),('260870','시그넷이브이',11200),('32800','판타지오',732),('11420','갤럭시아에스엠',1930),('138070','신진에스엠',5920),('187790','나노',2055),('222980','한국맥널티',10650),('3310','대주산업',1495),('41020','인프라웨어',1410),('92300','현우산업',3680),('58530','슈펙스비앤피',820),('37030','파워넷',4370),('89850','유비벨록스',7350),('32750','삼진',8710),('51380','피씨디렉트',6430),('45890','GV',1805),('10580','지코',899),('25950','동신건설',6180),('221980','케이디켐',12850),('101170','우림기계',3840),('10280','쌍용정보통신',1280),('33250','체시스',2150),('96640','멜파스',2315),('1000','신라섬유',2100),('258250','셀젠텍',13150),('66910','손오공',2320),('230980','솔트웍스',4010),('43220','에이치엘비파워',825),('00499K','롯데지주우',51200),('126340','비나텍',12200),('114630','우노앤컴퍼니',3720),('217950','파마리서치바이오',12450),('207490','에이펙스인텍',14000),('154040','솔루에타',4030),('59100','아이컴포넌트',7090),('85810','알티캐스트',2345),('85670','뉴프렉스',2345),('275630','에스에스알',8550),('217820','엔에스',10100),('67920','이글루시큐리티',4495),('92600','앤씨앤',3675),('87600','픽셀플러스',6050),('5320','국동',1790),('170030','현대공업',3220),('189690','포시에스',6570),('263860','지니언스',5220),('105','유한양행우',208500),('29480','바른테크놀로지',1120),('71950','코아스',1590),('54630','에이디칩스',1815),('73540','에프알텍',4275),('31980','피에스케이홀딩스',8750),('104040','대성파인텍',1555),('215480','토박스코리아',1190),('2870','신풍제지',1390),('13810','스페코',3310),('760','이화산업',17300),('25530','SJM홀딩스',3240),('49470','SGA',1000),('2680','한탑',2325),('9620','삼보산업',2340),('23350','한국종합기술',4405),('3780','진양산업',3710),('128540','에코캡',3305),('88790','진도',3865),('237750','피앤씨테크',7400),('131760','파인텍',1120),('205470','휴마시스',1710),('14910','성문전자',2460),('256940','케이피에스',11200),('177830','파버나인',4420),('65570','삼영이엔씨',5440),('24740','한일단조',1600),('139050','데일리블록체인',1065),('12860','서연전자',1770),('60900','케이알피앤이',900),('20180','대신정보통신',1240),('8370','원풍',3970),('181340','이즈미디어',6750),('2220','한일철강',2130),('133750','메가엠디',2125),('28080','휴맥스홀딩스',3770),('141020','포티스',902),('23150','MH에탄올',6420),('86250','화신테크',3480),('43910','자연과환경',1390),('123330','제닉',6740),('32960','동일기연',14350),('106520','디지탈옵틱',674),('38620','위즈코프',1205),('53050','지에스이',1560),('7120','미래아이앤지',361),('269620','시스웍',2595),('136510','쎄미시스코',8640),('39240','경남스틸',1865),('24900','덕양산업',1430),('44380','주연테크',436),('57680','옴니텔',1380),('111820','지와이커머스',2250),('2070','남영비비안',6730),('159910','스킨앤스킨',400),('8470','부스타',5490),('7370','진양제약',3845),('203450','유니온커뮤니티',3135),('238120','로고스바이오',12800),('224110','에이텍티앤',8610),('246690','TS인베스트먼트',2050),('32540','TJ미디어',3295),('121890','에스디시스템',5070),('277410','인산가',1740),('50960','수산아이앤티',6760),('86060','진바이오텍',5300),('101930','인화정공',4880),('54540','삼영엠텍',3500),('53290','NE능률',3370),('76080','웰크론한텍',2330),('122690','서진오토모티브',2320),('65690','파커스',3245),('250000','보라티알',6700),('62860','티엘아이',4580),('155900','바다로19호',2970),('3465','유화증권우',12900),('170790','파이오링크',6560),('94970','제이엠티',2685),('78350','한양디지텍',4490),('85910','네오티스',4065),('52460','아이크래프트',3025),('263020','디케이앤디',5690),('53270','구영테크',1670),('71090','하이스틸',22000),('123010','옵토팩',8460),('6050','국영지앤엠',1255),('21650','한국큐빅',2670),('150900','파수닷컴',4550),('127120','디엔에이링크',3790),('143540','영우디에스피',1440),('2410','범양건영',1750),('38950','파인디지털',4215),('27970','세하',1450),('19990','에너토크',4385),('192390','윈하이텍',4160),('440','중앙에너비스',6850),('49800','우진플라임',4265),('14940','오리엔탈정공',935),('290270','휴네시온',8870),('2690','동일제강',2840),('80530','코디',3590),('89150','케이씨티',2480),('51390','YW',3745),('293580','나우아이비캐피탈',4485),('177350','베셀',3795),('19570','리더스 기술투자',802),('89790','제이티',4110),('60260','뉴보텍',1575),('900120','씨케이에이치',383),('24910','경창산업',1180),('12340','뉴인텍',780),('4100','태양금속',1150),('35460','기산텔레콤',2895),('46310','백금T&A',2735),('126640','화신정공',1155),('89530','에이티세미콘',590),('9140','경인전자',26700),('36620','버추얼텍',908),('65440','이루온',1535),('900070','글로벌에스엠',778),('64850','에프앤가이드',3795),('32080','아즈텍WB',1995),('31860','엔에스엔',1750),('7770','한일화학',11850),('302920','더콘텐츠온',15950),('36640','HRS',2530),('161570','THE MIDONG',3000),('122050','아이엘사이언스',6150),('65420','에스아이리소스',639),('153490','우리이앤엘',827),('145270','케이탑리츠',915),('24070','WISCOM',2680),('279600','미디어젠',11150),('225590','패션플랫폼',1540),('109080','옵티시스',7270),('189860','서전기전',4220),('18500','동원금속',875),('79000','와토스코리아',5680),('28040','미래SCI',1165),('5820','원림',18450),('131220','대한과학',5440),('23810','인팩',4050),('32580','피델릭스',1700),('2290','삼일기업공사',3250),('236030','씨알푸드',20300),('12620','원일특강',9130),('175140','인포마크',11050),('212560','네오오토',5090),('186230','그린플러스',12500),('43100','솔고바이오',247),('258540','스템랩',22900),('219130','타이거일렉',6300),('25880','케이씨피드',2370),('246250','에스엘에스바이오',5800),('48830','엔피케이',2115),('51780','큐로홀딩스',624),('38010','제일테크노스',4395),('72950','빛샘전자',6560),('64480','브리지텍',3280),('9180','한솔로지스틱스',1420),('115480','씨유메디칼',2450),('3720','삼영화학',1145),('44180','KD건설',99),('8775','호텔신라우',51500),('3680','한성기업',6300),('173130','오파스넷',9530),('70590','한솔인티큐브',2760),('70300','한솔시큐어',5200),('114190','웰크론강원',2440),('38110','에코플라스틱',1490),('30720','동원수산',8200),('23960','에쓰씨엔지니어링',1520),('251280','안지오랩',21000),('17000','신원종합개발',3760),('32280','삼일',2330),('1420','태원물산',4970),('52600','한네트',3265),('136660','큐엠씨',3990),('54040','한국컴퓨터',2335),('93640','다믈멀티미디어',3460),('6200','한국전자홀딩스',798),('258610','이더블유케이',5050),('16920','카스',1735),('53160','프리엠스',6160),('32860','GMR 머티리얼즈',546),('311840','대원모방',23100),('141070','맥스로텍',1480),('119500','포메탈',3095),('130500','GH신소재',3330),('172580','하이골드12호',2790),('18700','바른손',2205),('66790','씨씨에스',423),('15540','메디파트너생명공학',6540),('45300','성우테크론',3895),('195440','퓨전데이타',374),('115530','씨엔플러스',839),('260970','에스앤디',117500),('56000','신스타임즈',2540),('23790','동일철강',4820),('28513K','SK케미칼우',24250),('122800','썬텍',1000),('93380','풍강',3540),('73190','듀오백',2920),('43260','성호전자',979),('10420','한솔PNS',1695),('5450','신한',4945),('43590','크로바하이텍',1490),('15260','에이엔피',419),('19770','서연탑메탈',2960),('67010','이씨에스',4555),('251960','엠에프엠코리아',3260),('196700','웹스',2475),('3925','남양유업우',203000),('227950','마이크로텍',1770),('233990','질경이',2500),('1210','금호전기',3370),('134060','이퓨쳐',7010),('208370','셀바스헬스케어',2365),('206950','볼빅',7890),('223310','이에스브이',292),('11300','성안',580),('21880','메이슨캐피탈',331),('197140','디지캡',4430),('44780','에이치케이',1745),('99410','동방선기',2380),('187270','신화콘텍',3170),('35200','프럼파스트',3300),('24850','피에스엠씨',829),('221610','한솔씨앤피',8020),('69140','누리플랜',5900),('12170','키위미디어그룹',162),('8830','대동기어',3515),('20400','대동금속',13100),('108675','LG하우시스우',30300),('158310','인터불스',2590),('226400','오스테오닉',3685),('98660','에스티오',3680),('123750','알톤스포츠',2440),('86220','네추럴FNP',2940),('284420','휴럼',8500),('11230','삼화전자',2950),('103230','에스앤더블류',4255),('79170','한창산업',5890),('191410','육일씨엔에쓰',3270),('90150','광진윈텍',3160),('60380','동양에스텍',3045),('12600','청호컴넷',3625),('178600','대동고려삼',6800),('230400','자비스',8460),('236340','메디젠휴먼케어',13000),('88290','이원컴포텍',2095),('226350','아이엠텍',1210),('33050','제이엠아이',915),('101670','코리아에스이',1565),('91440','텔레필드',3235),('115570','스타플렉스',4535),('299480','지앤이헬스케어',2635),('232530','이엠티',2900),('134580','디엠티',2585),('60300','레드로버',610),('200580','메디쎄이',8320),('115610','이미지스',3765),('79810','디이엔티',3215),('1465','BYC우',134000),('153360','하이골드3호',1785),('211050','인카금융서비스',6370),('39740','한국정보공학',3570),('15020','이스타코',664),('159650','하이골드8호',1900),('950','전방',16850),('103130','웅진에너지',914),('67730','로지시스',3015),('77280','한컴지엠디',2390),('94860','코닉글로리',590),('3475','유안타증권우',2170),('4920','씨아이테크',516),('37400','우리조명',1120),('64520','바른전자',418),('130740','티피씨글로벌',2705),('11080','형지I&C',706),('1770','신화실업',22500),('10640','진양폴리',2730),('2355','넥센타이어1우B',4200),('222810','한류AI센터',1510),('99520','ITX엠투엠',1640),('54340','피앤텔',6680),('82660','삼우엠스',556),('98120','마이크로컨텍솔',3235),('43360','디지아이',2975),('281310','바이오시네틱스',10200),('24940','PN풍년',2650),('105330','케이엔더블유',4610),('2420','세기상사',63800),('65370','위세아이텍',7630),('216400','바이오코아',3745),('33790','스카이문스테크놀로지',1495),('54220','비츠로시스',485),('52770','와이디온라인',805),('45340','토탈소프트',2950),('204210','모두투어리츠',3215),('4365','세방우',6820),('227100','디자인',9430),('900110','이스트아시아홀딩스',230),('224810','엄지하우스',5900),('288490','나라소프트',1000),('5030','부산주공',584),('6125','SK디스커버리우',18100),('256630','엔에이치스팩10호',3500),('267060','명진홀딩스',3400),('8500','일정실업',20000),('153460','네이블',3660),('54410','케이피티유',4675),('67770','세진티에스',2810),('58110','멕아이씨에스',4390),('80580','오킨스전자',3730),('58450','일야',1425),('26910','광진실업',3520),('189330','씨이랩',10050),('7530','영신금속',1745),('178780','유테크',1285),('140910','에이리츠',6060),('19490','하이트론',4010),('33600','럭슬',1030),('217190','제너셈',2520),('182690','테라셈',1565),('149010','아이케이세미콘',6970),('25890','한국주강',1910),('69330','유아이디',1805),('135160','지오씨',3145),('17680','데코앤이',1460),('00806K','대덕전자1우',6400),('243870','굿센',15600),('221800','유투바이오',11000),('121850','코이즈',1970),('96870','엘디티',3100),('13720','청보산업',2530),('76340','관악산업',4225),('25870','신라에스지',5120),('250930','케이비제10호스팩',3930),('101680','한국정밀기계',2410),('205290','케미메디',2480),('210610','소프트캠프',9000),('278380','원바이오젠',9300),('58420','제이웨이',1080),('239890','피엔에이치테크',9700),('217880','틸론',6000),('18064K','한진칼우',37150),('9415','태영건설우',7750),('44990','에이치엔에스하이텍',2600),('113810','디젠스',593),('112190','KC산업',2900),('232830','시큐센',11800),('99340','하나니켈1호',830),('87','하이트진로2우B',16700),('258050','테크트랜스',2610),('1685','대상우',13550),('3495','대한항공우',16650),('232680','라온테크',4200),('319400','엔에이치스팩14호',2095),('53060','세동',843),('199150','데이터스트림즈',4390),('266870','파워풀엑스',2750),('725','현대건설우',178000),('242350','피엔아이컴퍼니',3665),('222670','플럼라인생명과학',7200),('266170','앤유엔터테인먼트',7800),('303030','대신밸런스제5호스팩',4130),('123260','파인넥스',701),('273060','엔에이치스팩12호',2215),('2995','금호산업우',56800),('106080','지투하이소닉',798),('225220','제놀루션',5190),('278990','파인이엠텍',4500),('323940','케이비제18호스팩',2075),('291230','삼성스팩2호',2130),('885','한화우',32100),('75','삼양홀딩스우',49600),('317320','한화에스비아이스팩',3430),('256840','엔에이치스팩11호',2170),('224880','SGA임베디드',2990),('5257','녹십자홀딩스2우',17350),('9835','한화케미칼우',13000),('210120','빅텐츠',7680),('80440','에스제이케이',1510),('329050','구스앤홈',11500),('241510','이에스산업',2300),('120780','전우정밀',4385),('145995','삼양사우',36250),('244880','나눔테크',2650),('19175','신풍제약우',6020),('5725','넥센우',3670),('194510','파티게임즈',536),('285770','라이프사이언스테크놀로지',4100),('202960','판도라티비',1095),('254120','IBKS제5호스팩',2860),('277480','신한제4호스팩',2140),('308700','테크엔',3205),('1745','SK네트웍스우',111500),('323350','다원넥스뷰',18050),('185190','수프로',3400),('2025','코오롱우',11500),('1515','SK증권우',3100),('12205','계양전기우',8630),('4255','NPC우',2285),('311060','엘에이티',10650),('183410','골프존데카',2900),('284620','하나금융11호스팩',2130),('317030','케이비17호스팩',2105),('08537M','루트로닉3우C',12500),('265480','미래에셋대우스팩1호',2295),('163430','디피코',3670),('270660','에브리봇',9740),('199290','바이오프로테크',3410),('307070','SK4호스팩',2115),('291210','한국제7호스팩',2150),('8355','남선알미우',35200),('58970','엠로',2245),('158300','에스에이티이엔지',3350),('279060','이노벡스',1765),('3535','한화투자증권우',2235),('222160','바이옵트로',1900),('262830','대신밸런스제4호스팩',2130),('307750','대신밸런스제6호스팩',2125),('281740','동부스팩5호',2195),('297570','IBKS제9호스팩',3845),('217320','썬테크',10000),('264850','IBKS제6호스팩',2430),('4105','태양금속우',3175),('306620','DB금융스팩6호',2120),('270520','하나금융10호스팩',2200),('121060','유니포인트',1690),('66830','제노텍',1800),('307870','상상인이안1호스팩',2120),('200350','래몽래인',5200),('307160','하나머스트제6호스팩',2190),('309930','삼성머스트스팩3호',2180),('3415','쌍용양회우',6460),('192410','감마누',408),('240340','인터코스',2945),('313750','유안타제4호스팩',2115),('299170','IBKS제10호스팩',2265),('281410','한국제6호스팩',2170),('323230','신한제5호스팩',2265),('267320','교보7호스팩',2420),('322780','DB금융스팩7호',2105),('83470','KJ프리텍',387),('162120','루켄테크놀러지스',5820),('245450','씨앤에스링크',5970),('225850','미애부',2830),('265920','한화수성스팩',2120),('307180','신영스팩4호',2150),('317240','하이제4호스팩',2120),('261200','하나금융9호스팩',2185),('14825','동원시스템즈우',34900),('148780','비플라이소프트',1940),('299670','에스엠비나',8410),('140290','청광종건',862),('287410','유안타제3호스팩',2140),('4415','서울식품우',3985),('271740','한국제5호스팩',2175),('7575','일양약품우',19400),('225860','엠앤씨생명과학',755),('6345','대원전선우',3265),('238500','로보쓰리',1825),('270020','두원석재',2720),('4985','성신양회우',11400),('1795','대한제당우',12900),('5745','크라운해태홀딩스우',13900),('107640','한중엔시에스',2200),('276920','IBKS제7호스팩',2285),('208850','이비테크',3650),('225','유유제약1우',7230),('307280','교보8호스팩',2180),('257730','신한제3호스팩',2310),('189540','씨티네트웍스',3315),('7815','코리아써우',2685),('83380','동북아13호',5010),('83370','동북아12호',5010),('321260','유진스팩4호',2275),('86460','에스엔피제네틱스',4295),('323280','신영스팩5호',2220),('267810','앙츠',5010),('311270','키움제5호스팩',2150),('14915','성문전자우',12900),('232330','SK3호스팩',2105),('310840','엔에이치스팩13호',2215),('30270','에스마크',998),('310200','미래에셋대우스팩2호',2465),('279410','한화에이스스팩4호',2150),('145','하이트진로홀딩스우',15750),('310870','한국제8호스팩',2165),('103660','씨앗',2000),('116100','태양기계',1180),('270210','에스알바이오텍',15900),('114920','대주이엔티',2110),('264290','한화에이스스팩3호',2370),('258790','케이비제11호스팩',2250),('4565','현대비앤지스틸우',65200),('10145','삼성중공우',59000),('212310','휴벡셀',3340),('21045','대호피앤씨우',1560),('183350','LPK로보틱스',1400),('215050','비엔디생활건강',3085),('11155','CJ씨푸드1우',31800),('26490K','크라운제과우',8140),('4545','깨끗한나라우',17000),('14285','금강공업우',10500),('101360','이엔드디',985),('4835','덕성우',4200),('179720','옐로페이',469),('140660','위월드',2220),('84695','대상홀딩스우',5930),('215570','크로넥스',5170),('3075','코오롱글로벌우',17100),('252370','유쎌',4000),('220110','드림티엔터테인먼트',669),('16385','동부제철우',32650),('90355','노루페인트우',11200),('9275','신원우',57100),('189350','코셋',1290),('1525','동양우',8340),('99350','하나니켈2호',1530),('271780','비엔에프코퍼레이션',1650),('2785','진흥기업우B',5670),('224020','에스케이씨에스',1800),('217910','에스제이켐',367),('276240','엘리비젼',2000),('5965','동부건설우',20650),('995','DB하이텍1우',40350),('1755','한양증권우',8460),('2787','진흥기업2우B',14850),('1065','JW중외제약우',25800),('545','흥국화재우',5430),('92590','럭스피아',565),('84440','유비온',1360),('271850','다이오진',1280),('1067','JW중외제약2우B',41900),('325','노루홀딩스우',19400),('547','흥국화재2우B',23000),('32685','소프트센우',24550),('00781K','코리아써키트2우B',4395),('221670','주노콜렉션',1000),('149940','모다',155),('1527','동양2우B',10400),('227','유유제약2우B',18700),('1799','대한제당3우B',23600),('223220','아이피몬스터',256),('208890','에듀파트너',1375),('1529','동양3우B',30400),('227420','포레스팅블록체인',349),('247300','인프라웨어테크놀러지',430),('135270','세종머티리얼즈',122);
/*!40000 ALTER TABLE `tb_price_20190710` ENABLE KEYS */;
UNLOCK TABLES;

--
-- Table structure for table `tb_price_20190711`
--

DROP TABLE IF EXISTS `tb_price_20190711`;
/*!40101 SET @saved_cs_client     = @@character_set_client */;
/*!40101 SET character_set_client = utf8 */;
CREATE TABLE `tb_price_20190711` (
  `stock_code` char(6) DEFAULT NULL,
  `stock_name` varchar(50) DEFAULT NULL,
  `stock_price` int(11) DEFAULT '0'
) ENGINE=InnoDB DEFAULT CHARSET=utf8;
/*!40101 SET character_set_client = @saved_cs_client */;

--
-- Dumping data for table `tb_price_20190711`
--

LOCK TABLES `tb_price_20190711` WRITE;
/*!40000 ALTER TABLE `tb_price_20190711` DISABLE KEYS */;
INSERT INTO `tb_price_20190711` VALUES ('5930','삼성전자',45550),('660','SK하이닉스',72900),('5935','삼성전자우',37850),('5380','현대차',137000),('68270','셀트리온',189000),('51910','LG화학',337500),('12330','현대모비스',231500),('5490','POSCO',239000),('55550','신한지주',43600),('17670','SK텔레콤',254500),('207940','삼성바이오로직스',299500),('51900','LG생활건강',1261000),('35420','NAVER',115500),('105560','KB금융',43350),('270','기아차',42950),('28260','삼성물산',91300),('18260','삼성에스디에스',212000),('15760','한국전력',25250),('32830','삼성생명',80100),('6400','삼성SDI',231500),('34730','SK',220000),('96770','SK이노베이션',165500),('33780','KT&G',97700),('3550','LG',75100),('810','삼성화재',261500),('66570','LG전자',70600),('35720','카카오',131000),('86790','하나금융지주',35950),('36570','엔씨소프트',486500),('10950','S-Oil',89500),('90430','아모레퍼시픽',159000),('316140','우리금융지주',13650),('11170','롯데케미칼',248500),('10130','고려아연',439500),('251270','넷마블',94100),('9540','한국조선해양',113000),('24110','기업은행',13550),('91990','셀트리온헬스케어',52800),('30200','KT',27650),('9150','삼성전기',90100),('35250','강원랜드',29700),('18880','한온시스템',11350),('34220','LG디스플레이',16800),('86280','현대글로비스',160000),('32640','LG유플러스',13650),('21240','웅진코웨이',78100),('720','현대건설',48450),('267250','현대중공업지주',328500),('4020','현대제철',40000),('6800','미래에셋대우',7870),('2790','아모레G',62800),('10140','삼성중공업',7600),('78930','GS',50900),('81660','휠라코리아',72400),('71050','한국금융지주',77900),('29780','삼성카드',36850),('97950','CJ제일제당',283000),('4990','롯데지주',40400),('23530','롯데쇼핑',148000),('161390','한국타이어앤테크놀로지',32600),('88980','맥쿼리인프라',11500),('5940','NH투자증권',14200),('36460','한국가스공사',43000),('139480','이마트',138500),('210','대림산업',108500),('35760','CJ ENM',170000),('5830','DB손해보험',52400),('12750','에스원',97600),('241560','두산밥캣',35550),('9830','한화케미칼',21800),('271560','오리온',86100),('128940','한미약품',292500),('42660','대우조선해양',31500),('16360','삼성증권',37450),('8770','호텔신라',83900),('47810','한국항공우주',33700),('28050','삼성엔지니어링',16700),('30000','제일기획',28350),('282330','BGF리테일',188500),('8560','메리츠종금증권',5250),('5387','현대차2우B',87400),('215600','신라젠',44800),('3670','포스코케미칼',51200),('8930','한미사이언스',47850),('120','CJ대한통운',131000),('3410','쌍용양회',5930),('7070','GS리테일',38400),('100','유한양행',230000),('6360','GS건설',35650),('1040','CJ',95100),('84990','헬릭스미스',173700),('2380','KCC',260000),('11780','금호석유',88500),('3490','대한항공',28400),('4170','신세계',270000),('88350','한화생명',2990),('263750','펄어비스',199000),('28670','팬오션',4795),('11070','LG이노텍',106500),('86900','메디톡스',423300),('79440','오렌지라이프',29950),('7310','오뚜기',676000),('1450','현대해상',26900),('138930','BNK금융지주',7300),('47050','포스코인터내셔널',18550),('17800','현대엘리베이',83100),('60','메리츠화재',19500),('10060','OCI',87200),('253450','스튜디오드래곤',69400),('12510','더존비즈온',65600),('880','한화',25900),('5385','현대차우',79200),('138040','메리츠금융지주',13700),('47040','대우건설',4600),('69960','현대백화점',78800),('10620','현대미포조선',46050),('26960','동서',18150),('20150','일진머티리얼즈',37900),('69620','대웅제약',150500),('32500','케이엠더블유',44650),('39490','키움증권',77600),('150','두산',93100),('180640','한진칼',28450),('294870','HDC현대산업개발',37850),('145020','휴젤',375300),('64350','현대로템',19200),('51905','LG생활건강우',776000),('9240','한샘',68700),('111770','영원무역',36000),('12450','한화에어로스페이스',30600),('36490','SK머티리얼즈',147500),('4800','효성',72400),('80','하이트진로',21700),('11790','SKC',40300),('6260','LS',46700),('3240','태광산업',1350000),('4370','농심',243500),('34230','파라다이스',16000),('51915','LG화학우',189000),('68760','셀트리온제약',42350),('10120','LS산전',47850),('9420','한올바이오파마',27400),('240','한국테크놀로지그룹',15350),('214320','이노션',69700),('51600','한전KPS',30550),('56190','에스에프에이',38050),('31430','신세계인터내셔날',190000),('6280','녹십자',116000),('11210','현대위아',49750),('204320','만도',28750),('20560','아시아나항공',6100),('1740','SK네트웍스',5420),('4000','롯데정밀화학',52000),('41960','코미팜',23000),('181710','NHN',68100),('139130','DGB금융지주',7820),('670','영풍',704000),('161890','한국콜마',57800),('7700','F&F',82900),('28300','에이치엘비',32400),('5440','현대그린푸드',13000),('5300','롯데칠성',158000),('114090','GKL',20000),('57050','현대홈쇼핑',102500),('95700','제넥신',59800),('78340','컴투스',95500),('34020','두산중공업',5980),('42670','두산인프라코어',5750),('98460','고영',86000),('240810','원익IPS',23700),('247540','에코프로비엠',56800),('11200','현대상선',3645),('175330','JB금융지주',5720),('73240','금호타이어',3910),('14820','동원시스템즈',43600),('307950','현대오토에버',53100),('49770','동원F&B',288500),('120110','코오롱인더',41250),('10780','아이에스동서',35900),('25980','아난티',13400),('192080','더블유게임즈',60300),('5850','에스엘',22500),('9410','태영건설',14150),('28150','GS홈쇼핑',163700),('298380','에이비엘바이오',23650),('1800','오리온홀딩스',17100),('284740','쿠쿠홈시스',46700),('5250','녹십자홀딩스',21900),('3000','부광약품',16200),('46890','서울반도체',17500),('48260','오스템임플란트',71400),('280360','롯데제과',158500),('3380','하림지주',10850),('192820','코스맥스',101000),('3690','코리안리',8230),('36830','솔브레인',55600),('71840','롯데하이마트',40800),('30190','NICE평가정보',15750),('23590','다우기술',21050),('3090','대웅',16200),('185750','종근당',89300),('18250','애경산업',35050),('90435','아모레퍼시픽우',87300),('192400','쿠쿠홀딩스',128000),('14680','한솔케미칼',80300),('41510','에스엠',38450),('69260','휴켐스',21950),('20000','한섬',36250),('2350','넥센타이어',9100),('58470','리노공업',58300),('3520','영진약품',4815),('6040','동원산업',238500),('241590','화승엔터프라이즈',14300),('1680','대상',24950),('38540','상상인',18350),('178920','SKC코오롱PI',28900),('8060','대덕전자',10800),('79160','CJ CGV',39450),('5610','SPC삼립',96300),('6650','대한유화',127500),('32350','롯데관광개발',11950),('214370','케어젠',76500),('22100','포스코 ICT',5400),('35900','JYP Ent.',23050),('170900','동아에스티',96600),('105630','한세실업',20250),('34310','NICE',21250),('12630','HDC',13400),('145720','덴티움',71100),('91700','파트론',14500),('250','삼천당제약',35350),('140410','메지온',90000),('89590','제주항공',29300),('115390','락앤락',14250),('85660','차바이오텍',14700),('200130','콜마비앤에이치',25850),('9970','영원무역홀딩스',55800),('85620','미래에셋생명',4240),('78070','유비쿼스홀딩스',39950),('214150','클래시스',12000),('52690','한전기술',19300),('267270','현대건설기계',37300),('93370','후성',7920),('67160','아프리카TV',63700),('39030','이오테크닉스',58900),('33640','네패스',31400),('18670','SK가스',79100),('278280','천보',72000),('1120','LG상사',18450),('103140','풍산',25350),('218410','RFHIC',30300),('96530','씨젠',26900),('93050','LF',23850),('112610','씨에스윈드',40100),('82640','동양생명',4290),('25540','한국단자',66100),('5180','빙그레',69700),('36420','제이콘텐트리',4735),('64960','S&T모티브',46550),('1230','동국제강',7110),('115450','지트리비앤티',27550),('66970','엘앤에프',27100),('3540','대신증권',13050),('5290','동진쎄미켐',12800),('5880','대한해운',26750),('27410','BGF',6790),('267980','매일유업',82500),('64760','티씨케이',55400),('33290','코웰패션',7110),('108320','실리콘웍스',39250),('1430','세아베스틸',17650),('69080','웹젠',17800),('70','삼양홀딩스',73000),('285130','SK케미칼',53200),('79550','LIG넥스원',28250),('53800','안랩',62000),('86450','동국제약',69400),('71320','지역난방공사',53000),('298020','효성티앤씨',141000),('2270','롯데푸드',539000),('990','DB하이텍',13500),('33660','아주캐피탈',10400),('3470','유안타증권',2995),('4490','세방전지',42600),('1060','JW중외제약',29300),('815','삼성화재우',185000),('1440','대한전선',685),('48410','현대바이오',16950),('640','동아쏘시오홀딩스',94900),('39200','오스코텍',20650),('6840','AK홀딩스',43800),('39840','디오',37150),('42000','카페24',60700),('286940','롯데정보통신',39900),('83790','크리스탈',14000),('272450','진에어',18800),('151910','나노스',5160),('145990','삼양사',54600),('90460','비에이치',17500),('34830','한국토지신탁',2210),('00680K','미래에셋대우2우B',3985),('298050','효성첨단소재',124500),('1630','종근당홀딩스',110500),('1720','신영증권',58900),('29960','코엔텍',11050),('6390','한일현대시멘트',32400),('39130','하나투어',46700),('141080','레고켐바이오',51100),('6060','화승인더',9790),('86520','에코프로',24500),('3620','쌍용차',3610),('112040','위메이드',32150),('108670','LG하우시스',59800),('23890','한국아트라스비엑스',58300),('9450','경동나비엔',40900),('122870','와이지엔터테인먼트',28600),('4430','송원산업',21650),('3850','보령제약',11700),('3230','삼양식품',68500),('298000','효성화학',161500),('66575','LG전자우',29950),('6730','서부T&D',9280),('37560','CJ헬로',6630),('2240','고려제강',25650),('19680','대교',6050),('300720','한일시멘트',123500),('230360','에코마케팅',31500),('82270','젬백스',14200),('10050','우리종금',750),('6120','SK디스커버리',26550),('271980','제일약품',34250),('200230','텔콘RF제약',6080),('263050','유틸렉스',68800),('53210','스카이라이프',10450),('25860','남해화학',10050),('243070','휴온스',55500),('2210','동성제약',19100),('61970','엘비세미콘',11350),('138080','오이솔루션',63800),('78160','메디포스트',31450),('950160','코오롱티슈진',8010),('178320','서진시스템',26750),('7390','네이처셀',9080),('78130','국일제지',3980),('13120','동원개발',5310),('24720','한국콜마홀딩스',26850),('31390','녹십자셀',40150),('210980','SK디앤디',25200),('239610','에이치엘사이언스',93000),('7570','일양약품',24950),('272290','이녹스첨단소재',51400),('5690','파미셀',7890),('29530','신도리코',46500),('2990','금호산업',13000),('73070','에스모',5330),('183490','엔지켐생명과학',59300),('226320','잇츠한불',21150),('97230','한진중공업',5540),('17810','풀무원',12000),('1820','삼화콘덴서',43950),('60980','한라홀딩스',43500),('215000','골프존',72500),('11280','태림포장',6400),('11160','두산건설',1395),('92040','아미코젠',23350),('123890','한국자산신탁',3965),('60250','NHN한국사이버결제',19400),('199800','툴젠',68000),('370','한화손해보험',3755),('126560','현대에이치씨엔',3840),('23410','유진기업',5600),('97520','엠씨넥스',24300),('249420','일동제약',19000),('950180','SNK',20400),('192650','드림텍',7390),('182400','엔케이맥스',13700),('14830','유니드',47550),('43150','바텍',28400),('196170','알테오젠',30900),('11690','유양디앤유',7190),('48530','인트론바이오',13900),('2960','한국쉘석유',320500),('314130','지놈앤컴퍼니',50800),('15350','부산가스',37550),('1520','동양',1730),('36540','SFA반도체',2910),('35600','KG이니시스',14700),('5500','삼진제약',29350),('92730','네오팜',49700),('72710','농심홀딩스',87600),('94800','맵스리얼티1',4375),('122990','와이솔',16650),('3530','한화투자증권',2330),('84110','휴온스글로벌',36750),('3920','남양유업',556000),('88800','에이스테크',10300),('122900','아이마켓코리아',11100),('2320','한진',33200),('7460','에이프로젠 KIC',2625),('192440','슈피겐코리아',63700),('293480','하나제약',24400),('42700','한미반도체',6880),('215200','메가스터디교육',33200),('47310','파워로직스',11400),('88260','이리츠코크렙',6160),('152330','코리아오토글라스',19500),('65660','안트로젠',45000),('45390','대아티아이',5470),('950110','SBI핀테크솔루션즈',15750),('268280','미원에스씨',74000),('17940','E1',56200),('214450','파마리서치프로덕트',40050),('213420','덕산네오룩스',15900),('52020','에스티큐브',14150),('38500','삼표시멘트',3545),('1725','신영증권우',53900),('9290','광동제약',7220),('8490','서흥',32550),('17390','서울가스',75200),('237880','클리오',22150),('229500','노브메타파마',42600),('4690','삼천리',92000),('96760','JW홀딩스',5770),('25900','동화기업',18400),('138250','엔에스쇼핑',11000),('60570','드림어스컴퍼니',6640),('234080','JW생명과학',23350),('33180','필룩스',5750),('30610','교보증권',10250),('228760','지노믹트리',18450),('8350','남선알미늄',3345),('58650','세아홀딩스',92100),('298690','에어부산',7060),('33270','유나이티드제약',22600),('51500','CJ프레시웨이',30650),('68240','다원시스',13550),('17960','한국카본',8250),('183190','아세아시멘트',93000),('81000','일진다이아',32050),('224760','엔에스컴퍼니',91500),('49950','미래컴퍼니',43800),('255440','야스',27250),('44340','위닉스',19850),('99190','아이센스',25650),('79430','현대리바트',17150),('16800','퍼시스',30600),('3800','에이스침대',31600),('70960','용평리조트',7210),('80160','모두투어',18350),('213500','한솔제지',14500),('53580','웹케시',51000),('67630','에이치엘비생명과학',7350),('58820','CMG제약',3160),('32190','다우데이타',8970),('41830','인바디',25100),('480','조선내화',85600),('34120','SBS',18700),('1880','삼호',22450),('5720','넥센',6340),('293940','신한알파리츠',7120),('2780','진흥기업',2320),('25770','한국정보통신',8690),('95720','웅진씽크빅',2510),('1130','대한제분',199000),('80420','모다이노칩',4215),('267260','현대일렉트릭',16450),('265520','AP시스템',23700),('19170','신풍제약',6300),('2150','도화엔지니어링',9830),('9680','모토닉',10000),('2390','한독',23800),('155','두산우',74200),('2310','아세아제지',36500),('144510','녹십자랩셀',30850),('7340','디티알오토모티브',32550),('8730','율촌화학',13050),('16450','한세예스24홀딩스',8090),('2100','경농',14850),('35810','이지바이오',5560),('108230','톱텍',8730),('2620','제일파마홀딩스',20100),('3300','한일홀딩스',53300),('1510','SK증권',676),('281820','케이씨텍',16050),('123860','아나패스',31400),('15750','성우하이텍',3970),('3220','대원제약',16150),('31440','신세계푸드',81900),('970','한국주철관',13900),('38290','마크로젠',29750),('131970','테스나',46000),('16580','환인제약',16900),('16590','신대양제지',78000),('00088K','한화3우B',13950),('74610','나노메딕스',9900),('101060','SBS미디어홀딩스',2230),('41190','우리기술투자',3690),('39560','다산네트웍스',9950),('9580','무림P&P',4950),('100120','뷰웍스',30850),('52400','코나아이',19800),('119860','다나와',23550),('217730','강스템바이오텍',14750),('237690','에스티팜',16450),('36930','주성엔지니어링',6340),('33920','무학',10700),('400','롯데손해보험',2265),('30530','원익홀딩스',3935),('174900','앱클론',42250),('50890','쏠리드',5800),('65620','제낙스',13450),('10170','대한광통신',4090),('5810','풍산홀딩스',38400),('34950','한국기업평가',66000),('208340','파멥신',43550),('53030','바이넥스',9430),('89600','나스미디어',34100),('78020','이베스트투자증권',5380),('60150','인선이엔티',7770),('91810','티웨이항공',6340),('1500','현대차증권',10150),('95610','테스',15050),('78520','에이블씨엔씨',11000),('74600','원익QnC',11300),('95660','네오위즈',13550),('41140','넥슨지티',8380),('115960','연우',23800),('14620','성광벤드',10300),('67990','도이치모터스',10500),('32620','유비케어',5640),('251970','펌텍코리아',155700),('268600','셀리버리',37350),('179900','유티아이',18250),('53950','경남제약',17200),('2810','삼영무역',16300),('36630','세종텔레콤',475),('298040','효성중공업',30400),('11760','현대상사',21350),('50','경방',10300),('67280','멀티캠퍼스',47400),('166090','하나머티리얼즈',14300),('102940','코오롱생명과학',24550),('143240','사람인에이치알',23950),('71055','한국금융지주우',47550),('84680','이월드',3070),('7690','국도화학',47800),('19210','와이지-원',9100),('37710','광주신세계',173500),('214870','뉴지랩',11200),('3560','IHQ',1895),('102710','이엔에프테크놀로지',19450),('104480','티케이케미칼',3040),('226950','올릭스',42450),('35890','서희건설',1330),('25000','KPX케미칼',56900),('104830','원익머트리얼즈',21800),('12610','경인양행',6790),('30520','한글과컴퓨터',11850),('67080','대화제약',15000),('18290','지엠피',9980),('104700','한국철강',5870),('49070','인탑스',15600),('63570','한국전자금융',7830),('272550','삼양패키징',18700),('78600','대주전자재료',18200),('119610','인터로조',23300),('28100','동아지질',22950),('214180','민앤지',20750),('540','흥국화재',4085),('430','대원강업',4230),('20','동화약품',9380),('23160','태광',9870),('4360','세방',13500),('159580','제로투세븐',13000),('102260','동성코퍼레이션',5730),('299660','셀리드',27150),('229640','LS전선아시아',8470),('243840','신흥에스이씨',39500),('102460','이연제약',15400),('86820','바이오솔루션',32350),('84690','대상홀딩스',7120),('16250','이테크건설',91900),('143160','아이디스',24000),('101530','해태제과식품',8750),('7160','사조산업',50900),('136480','하림',2925),('95270','웨이브일렉트로',23550),('140860','파크시스템스',38050),('6490','인스코비',2810),('4380','삼익THK',12050),('680','LS네트웍스',3210),('66700','테라젠이텍스',8120),('15360','예스코홀딩스',41700),('87010','펩트론',16300),('1940','KISCO홀딩스',13500),('63080','게임빌',37750),('84370','유진테크',10850),('136490','선진',10450),('89980','상아프론테크',16850),('950170','JTC',7080),('42520','한스바이오메드',25000),('54950','제이브이엠',39100),('51370','인터플렉스',10600),('36800','나이스정보통신',24700),('5070','코스모신소재',12500),('200670','휴메딕스',24700),('161000','애경유화',7680),('23900','풍국주정',19500),('10955','S-Oil우',61000),('92230','KPX홀딩스',58000),('79980','휴비스',7090),('78150','HB테크놀러지',3080),('36530','S&T홀딩스',14900),('206640','바디텍메드',10350),('33500','동성화인텍',8950),('228850','레이언스',14550),('1200','유진투자증권',2480),('11040','경동제약',9040),('2030','아세아',109500),('86390','유니테스트',11350),('3545','대신증권우',9220),('4700','조광피혁',36000),('4150','한솔홀딩스',5060),('54780','키이스트',2800),('68400','AJ렌터카',10750),('3120','일성신약',89500),('13580','계룡건설',26600),('13030','하이록코리아',17450),('319660','피에스케이',16000),('9520','포스코엠텍',5670),('3030','세아제강지주',57000),('121800','비덴트',8460),('67390','아스트',9130),('140','하이트진로홀딩스',10100),('267850','아시아나IDT',21100),('7110','일신석재',3020),('236200','슈프리마',32900),('3570','S&T중공업',7000),('82920','비츠로셀',10800),('194370','제이에스코퍼레이션',17400),('3070','코오롱글로벌',9190),('95570','AJ네트웍스',4940),('220630','해마로푸드서비스',2435),('52260','SK바이오랜드',15350),('60280','큐렉소',6850),('16380','동부제철',8380),('176440','에이치엔티',15800),('5680','삼영전자',11400),('110790','크리스에프앤씨',19350),('36180','영인프런티어',12850),('43610','지니뮤직',3890),('86980','쇼박스',3610),('214390','경보제약',9430),('293780','압타바이오',20700),('195870','해성디에스',13250),('5960','동부건설',10750),('1250','GS글로벌',2715),('18120','진로발효',29750),('183300','코미코',25500),('284610','TS트릴리온',5940),('3200','일신방직',93100),('2020','코오롱',17650),('230240','에치에프알',18550),('2840','미원상사',44000),('57500','SKC 솔믹스',3600),('31330','에스에이엠티',2200),('90360','로보스타',22500),('4970','신라교역',13700),('92130','이크레더블',18000),('1290','상상인증권',2250),('35510','신세계 I&C',125500),('26890','디피씨',5170),('238090','앤디포스',5130),('131370','알서포트',4035),('7660','이수페타시스',5190),('65530','전파기지국',4050),('4980','성신양회',8730),('4060','SG세계물산',1055),('1270','부국증권',20450),('128820','대성산업',4685),('64260','다날',3555),('194700','노바렉스',23500),('11810','STX',10700),('215360','우리산업',23100),('7820','에스엠코어',10500),('52330','코텍',13500),('239340','줌인터넷',8850),('263920','블러썸엠앤씨',22200),('67290','JW신약',5030),('45100','한양이엔지',11600),('23910','대한약품',34800),('35150','백산',8620),('72020','중앙백신',20850),('109740','디에스케이',10200),('93230','이아이디',523),('85370','루트로닉',8130),('36580','팜스코',5610),('23770','플레이위드',52500),('11930','신성이엔지',1185),('16610','DB금융투자',4840),('306200','세아제강',72000),('97780','에스맥',922),('264450','유비쿼스',39750),('46440','KG모빌리언스',6790),('191420','테고사이언스',25050),('5390','신성통상',1405),('1530','DI동일',83300),('8700','아남전자',2615),('95190','이엠코리아',5550),('241710','코스메카코리아',18850),('36190','금화피에스시',33500),('4960','한신공영',17350),('7720','대명코퍼레이션',1990),('260930','씨티케이코스메틱스',19800),('201490','미투온',6400),('37460','삼지전자',12250),('121440','골프존뉴딘홀딩스',4665),('39440','에스티아이',12600),('138490','코오롱플라스틱',5240),('64550','바이오니아',9000),('25320','시노펙스',2835),('10600','웰바이오텍',4755),('189300','인텔리안테크',27400),('222040','코스맥스엔비티',9600),('203690','프로스테믹스',4325),('91120','이엠텍',12300),('44490','태웅',9860),('214420','토니모리',11100),('217270','넵튠',8930),('138690','엘아이에스',12250),('245620','EDGC',5390),('84010','대한제강',7850),('1780','알루코',2595),('91090','세원셀론텍',3170),('89030','테크윙',10000),('29460','케이씨',14250),('121600','나노신소재',17800),('9160','SIMPAC',2950),('33110','코너스톤네트웍스',1675),('52710','아모텍',19750),('136540','윈스',15850),('60720','KH바텍',9080),('33240','자화전자',10700),('220250','카이노스메드',13900),('49960','쎌바이오텍',20300),('93320','케이아이엔엑스',39100),('53610','프로텍',18450),('123420','선데이토즈',19800),('312610','에이에프더블류',18650),('68930','디지털대성',8310),('43370','평화정공',8910),('282690','동아타이어',13600),('17890','한국알콜',8640),('263720','디앤씨미디어',15500),('72520','제넨바이오',2765),('175250','아이큐어',29000),('30790','동양네트웍스',1835),('2170','삼양통상',61900),('1790','대한제당',21000),('700','유수홀딩스',7120),('251370','와이엠티',24950),('206650','유바이오로직스',6890),('8040','사조동아원',1300),('5389','현대차3우B',74800),('33160','엠케이전자',8330),('54050','농우바이오',11300),('67170','오텍',11750),('77500','유니퀘스트',6620),('5990','매일홀딩스',13100),('75580','세진중공업',4670),('36890','진성티이씨',7970),('108790','인터파크',5380),('168490','한국패러랠',2225),('299900','위지윅스튜디오',19250),('206560','덱스터',7170),('14470','부방',3735),('9270','신원',2185),('61040','알에프텍',8500),('12030','DB',872),('3960','사조대림',19100),('44820','코스맥스비티아이',18200),('30210','KTB투자증권',2880),('2450','삼익악기',1915),('225570','넷게임즈',7220),('108490','로보티즈',15400),('216050','인크로스',21400),('125210','아모그린텍',10450),('5945','NH투자증권우',9130),('9460','한창제지',2880),('74430','아미노로직스',1955),('180400','캔서롭',7740),('100700','세운메디칼',3910),('5090','삼광글라스',35100),('2795','아모레G우',26400),('59090','미코',5430),('137940','넥스트아이',2205),('5420','코스모화학',10550),('18310','삼목에스폼',11550),('115180','큐리언트',19850),('89470','HDC현대EP',5300),('45970','코아시아',8420),('15890','태경산업',5760),('860','강남제비스코',25900),('520','삼일제약',25800),('5740','크라운해태홀딩스',11250),('58610','에스피지',8000),('30960','양지사',10450),('270870','뉴트리',18450),('6620','동구바이오제약',17350),('232140','와이아이케이',2695),('86890','이수앱지스',6250),('131390','피앤이솔루션',11650),('271400','알로이스',61000),('56700','신화인터텍',5700),('12700','리드코프',6190),('78000','텔코웨어',17050),('2460','화성산업',13250),('23600','삼보판지',10200),('215','대림산업우',43300),('14990','인디에프',2785),('36030','KTH',4590),('122640','예스티',11700),('77970','STX엔진',7100),('97955','CJ제일제당 우',123000),('37070','파세코',11650),('138580','비즈니스온',17050),('44450','KSS해운',7010),('299910','베스파',20250),('39570','HDC아이콘트롤스',9850),('196490','디에이테크놀로지',3080),('320','노루홀딩스',12150),('54450','텔레칩스',11950),('78890','가온미디어',10900),('54670','대한뉴팜',11200),('100790','미래에셋벤처투자',5230),('290120','대유에이피',14700),('73490','이노와이어리스',26650),('14200','광림',3220),('60240','룽투코리아',6600),('3555','LG우',47800),('8970','동양철관',1330),('60310','3S',3530),('111870','삼본전자',3075),('290650','엘앤씨바이오',21500),('67830','세이브존I&C',3835),('217480','에스디생명공학',7020),('110990','디아이티',8300),('6380','카프로',3920),('83640','인콘',2260),('38880','아이에이',648),('27050','코리아나',3910),('99320','쎄트렉아이',21450),('40910','아이씨디',9230),('11370','서한',1540),('226340','본느',5150),('176560','포인트엔지니어링',25000),('4270','남성',4280),('111710','남화산업',7500),('25620','제이준코스메틱',5820),('203650','드림시큐리티',4305),('8290','원풍물산',4010),('15860','일진홀딩스',3115),('123690','한국화장품',9550),('52790','액토즈소프트',13500),('5160','동국산업',2810),('65130','탑엔지니어링',9500),('64240','홈캐스트',4700),('68290','삼성출판사',15150),('7980','태평양물산',3035),('90350','노루페인트',7560),('65650','메디프론',5130),('142760','바이오리더스',8530),('117580','대성에너지',5480),('302430','이노메트리',31200),('207760','미스터블루',6120),('251630','브이원텍',9950),('214430','아이쓰리시스템',21050),('900140','엘브이엠씨홀딩스',2925),('16100','리더스코스메틱',8210),('190510','나무가',43500),('73560','우리손에프앤지',2155),('96775','SK이노베이션우',119500),('21320','KCC건설',6960),('90470','제이스텍',10200),('67900','와이엔텍',8180),('1390','KG케미칼',11950),('225530','보광산업',4150),('122450','KMH',6560),('6220','제주은행',4615),('187420','제노포커스',6870),('166480','코아스템',9400),('54620','APS홀딩스',7240),('4890','동일산업',60800),('100130','동국S&C',2580),('267290','경동도시가스',31250),('7210','벽산',2150),('13570','디와이',5600),('153710','옵티팜',10250),('171120','라이온켐텍',8000),('69110','코스온',7840),('115160','휴맥스',6120),('24810','이화전기',243),('71200','인피니트헬스케어',5990),('27740','마니커',922),('200880','서연이화',5400),('89970','에이피티씨',6280),('4310','현대약품',4550),('38390','레드캡투어',16950),('4250','NPC',3960),('5950','이수화학',9510),('82210','옵트론텍',6440),('1460','BYC',232500),('96240','청담러닝',18850),('3460','유화증권',12750),('36810','에프에스티',7140),('6405','삼성SDI우',89100),('100590','머큐리',9750),('2700','신일산업',2025),('63160','종근당바이오',27500),('4710','한솔테크닉스',6500),('33340','좋은사람들',4800),('54800','아이디스홀딩스',13850),('241690','유니테크노',12000),('58400','KNN',1080),('53980','오상자이엘',8040),('4870','티웨이홀딩스',1860),('230','일동홀딩스',12950),('94480','갤럭시아컴즈',3625),('48550','SM C&C',1510),('67370','선바이오',18500),('210540','디와이파워',12850),('290670','대보마그네틱',43850),('143210','핸즈코퍼레이션',6470),('60230','이그잭스',1980),('89010','켐트로닉스',10150),('49180','셀루메드',6850),('20760','일진디스플',4980),('100250','진양홀딩스',2520),('101330','모베이스',5870),('36200','유니셈',4585),('24090','디씨엠',12000),('390','삼화페인트',5300),('225190','삼양옵틱스',13900),('1360','삼성제약',2390),('7680','대원',12650),('200780','비씨월드제약',17450),('5430','한국공항',44100),('37950','엘컴텍',1650),('890','보해양조',1220),('131030','디에이치피코리아',8400),('241770','메카로',13800),('102280','쌍방울',1070),('3830','대한화섬',104000),('900100','뉴프라이드',1495),('290720','푸드나무',20200),('3650','미창석유',78700),('11330','유니켐',2135),('204620','글로벌텍스프리',3665),('277880','티에스아이',17500),('1540','안국약품',10450),('248170','샘표식품',29800),('180','성창기업지주',1950),('17900','광전자',2345),('35000','지투알',8200),('900250','크리스탈신소재',2000),('130580','나이스디앤비',8800),('69510','에스텍',12400),('490','대동공업',5700),('11320','유니크',6990),('126700','하이비젼시스템',8990),('14790','한라',3455),('101490','에스앤에스텍',6790),('2360','SH에너지화학',1205),('66980','브레인콘텐츠',845),('222080','씨아이에스',2495),('307930','컴퍼니케이',8550),('27360','아주IB투자',1120),('151860','KG ETS',3680),('92220','KEC',1130),('39830','오로라',12250),('27390','한화갤러리아타임월드',21950),('179290','엠아이텍',4325),('4560','현대비앤지스틸',8710),('144960','뉴파워프라즈마',15900),('900290','GRT',1945),('35080','인터파크홀딩스',2240),('35620','바른손이앤에이',1855),('15710','코콤',7470),('46140','SBS콘텐츠허브',6090),('45520','크린앤사이언스',20100),('101000','상상인인더스트리',3125),('161580','필옵틱스',7530),('101140','비티원',3870),('36560','영풍정밀',8250),('13520','화승알앤에이',2010),('54210','이랜텍',6150),('34590','인천도시가스',29500),('141000','비아트론',10650),('82800','루미마이크로',1730),('4200','고려개발',4230),('100090','삼강엠앤티',4660),('3350','한국화장품제조',28150),('72870','메가스터디',10700),('123040','엠에스오토텍',4090),('7330','푸른저축은행',8450),('222800','심텍',5600),('234920','자이글',9410),('2760','보락',2120),('89890','코세스',7530),('92440','기신정기',4340),('50110','캠시스',2120),('1340','백광산업',2815),('4650','창해에탄올',13750),('65560','녹원씨엔아이',8120),('3160','디아이',4010),('14160','대영포장',1165),('9200','무림페이퍼',3025),('56080','유진로봇',3340),('11390','부산산업',118500),('16710','대성홀딩스',7770),('73110','엘엠에스',14050),('149950','아바텍',8000),('63170','서울옥션',7360),('19550','SBI인베스트먼트',768),('4440','대림씨엔에스',9760),('38680','에스넷',7730),('289080','SV인베스트먼트',2330),('108380','대양전기공업',12950),('1260','남광토건',12600),('46210','파나진',3850),('65710','서호전기',24000),('144620','코오롱머티리얼',1800),('152550','한국ANKOR유전',1765),('900300','오가닉티코스메틱',2170),('40350','큐로컴',1125),('95340','ISC',8720),('20710','시공테크',6150),('79370','제우스',11850),('126870','뉴로스',5430),('32790','엠젠플러스',7250),('228340','동양파일',6120),('138360','에이씨티',4480),('60590','씨티씨바이오',6320),('5710','대원산업',6090),('19440','세아특수강',14200),('53280','예스24',7070),('91580','상신이디피',9600),('39340','한국경제TV',5280),('117670','알파홀딩스',8500),('10960','삼호개발',4840),('14530','극동유화',3470),('109960','에이프로젠 H&G',677),('39860','나노엔텍',4600),('52420','오성첨단소재',2160),('263770','유에스티',5090),('34300','신세계건설',30100),('7810','코리아써키트',5090),('87730','네패스신소재',6830),('214270','퓨쳐스트림네트웍스',1340),('238490','힘스',21150),('109610','에스와이',4790),('77360','덕산하이메탈',5250),('42420','네오위즈홀딩스',13450),('65060','지엔코',1215),('225330','씨엠에스에듀',6390),('12800','대창',1305),('17180','명문제약',4845),('71460','대유위니아',3300),('214330','금호에이치티',5150),('89140','넥스턴',10000),('160550','NEW',4240),('227840','현대코퍼레이션홀딩스',13000),('1045','CJ우',52300),('13870','지엠비코리아',6190),('23000','삼원강재',2950),('47400','유니온머티리얼',2805),('42370','비츠로테크',5270),('23760','한국캐피탈',699),('100840','S&TC',15650),('68790','DMS',5100),('35610','솔본',4290),('13990','아가방컴퍼니',3565),('264900','크라운제과',9360),('227610','아우딘퓨쳐스',11700),('78590','두올산업',2215),('1140','국보',6950),('103590','일진전기',3140),('4840','DRB동일',5840),('290380','대유',12850),('200710','에이디테크놀로지',12550),('40420','정상제이엘에스',7410),('79940','가비아',8570),('309900','티티씨디펜스',11600),('33530','세종공업',5130),('3060','에이프로젠제약',1070),('34940','조아제약',4080),('9780','엠에스씨',6560),('36670','KCI',10200),('69460','대호에이엘',4235),('215100','로보로보',6450),('86960','한컴MDS',13000),('130660','한전산업',3520),('7540','샘표',39850),('22220','정산애강',2210),('73570','WI',8250),('94280','효성ITX',9900),('2630','오리엔트바이오',500),('16090','대현',2580),('65510','휴비츠',9610),('53300','한국정보인증',3660),('100030','모바일리더',34650),('185490','아이진',10300),('101160','월덱스',6890),('12160','영흥철강',1325),('9810','엔케이물산',1360),('9155','삼성전기우',39100),('288620','에스퓨얼셀',19650),('82740','HSD엔진',3420),('12690','모나리자',3080),('168330','내츄럴엔도텍',5450),('02826K','삼성물산우B',69200),('38160','팍스넷',10150),('10040','한국내화',4915),('51360','토비스',6720),('3100','선광',17000),('12200','계양전기',3435),('197210','리드',6270),('93190','빅솔론',5800),('32560','황금에스티',7960),('127160','매직마이크로',1865),('17370','우신시스템',6050),('26180','현대정보기술',1855),('10820','퍼스텍',2360),('1550','조비',21250),('263540','샘코',13750),('219420','링크제니시스',11000),('66620','국보디자인',14650),('2900','동양물산',1680),('100220','비상교육',8450),('246710','티앤알바이오팹',13150),('48870','시너지이노베이션',1755),('53690','한미글로벌',10000),('255220','SG',8750),('15590','큐로',867),('238200','비피도',26750),('91970','나노캠텍',4775),('88910','동우팜투테이블',4210),('173940','에프엔씨엔터',7570),('49520','유아이엘',4990),('9300','삼아제약',17050),('99750','이지케어텍',17000),('25750','한솔홈데코',1345),('187220','디티앤씨',9880),('5110','한창',3110),('14280','금강공업',4455),('1070','대한방직',20400),('16880','웅진',1455),('102120','어보브반도체',6180),('6580','대양제지',4010),('11785','금호석유우',35600),('170920','엘티씨',14300),('25560','미래산업',169),('47770','코데즈컴바인',2835),('1840','이화공영',5410),('5800','신영와코루',119000),('96630','에스코넥',1640),('155650','와이엠씨',5350),('14580','백광소재',3870),('241790','오션브릿지',11200),('950140','잉글우드랩',5360),('65150','MP그룹',1315),('58430','포스코강판',17700),('33100','제룡전기',6610),('89230','THE E&M',1005),('14710','사조씨푸드',6130),('60560','홈센타홀딩스',1240),('34810','해성산업',10750),('19010','베뉴지',2180),('52860','아이앤씨',6000),('36000','예림당',4550),('2880','대유에이텍',980),('93920','서원인텍',5630),('18000','유니슨',1115),('9320','대우부품',2190),('71970','STX중공업',3700),('650','천일고속',72600),('120030','조선선재',82500),('211270','AP위성',6900),('33830','티비씨',1030),('5870','휴니드',7280),('47820','초록뱀',1345),('75180','새론오토모티브',5340),('17040','광명전기',2365),('69410','엔텔스',14850),('7860','서연',4360),('91590','남화토건',8690),('83310','엘오티베큠',7680),('2800','신신제약',6710),('42510','라온시큐어',3195),('120240','대정화금',14300),('16790','현대사료',16500),('33130','디지틀조선',2730),('220260','켐트로스',4210),('1470','삼부토건',816),('3080','성보화학',5050),('38460','바이오스마트',5060),('126880','제이엔케이히터',4920),('111110','호전실업',12600),('69920','아이에스이커머스',3950),('55490','테이팩스',21300),('67310','하나마이크론',3955),('65170','넥스트BT',1620),('79970','투비소프트',3785),('192250','케이사인',1550),('267790','배럴',12900),('83930','아바코',6250),('46120','오르비텍',4190),('850','화천기공',45300),('3480','한진중공업홀딩스',3370),('32820','우리기술',1040),('4450','삼화왕관',46050),('51160','지어소프트',6800),('221840','하이즈항공',5600),('104200','NHN벅스',6680),('53350','이니텍',5000),('58730','다스코',6420),('11560','세보엠이씨',9360),('107590','미원홀딩스',42250),('33320','제이씨현시스템',5150),('140610','엔솔바이오사이언스',11400),('94850','참좋은여행',7010),('16740','두올',3625),('234300','에스트래픽',8230),('14100','보령메디앙스',8310),('85310','엔케이',1225),('205100','엑셈',2885),('118990','모트렉스',3580),('66590','우수AMS',3950),('215790','이노인스트루먼트',4795),('263700','케어랩스',15150),('234070','에이원알폼',27500),('191600','티케이씨',37350),('73640','삼원테크',1750),('35290','더블유에프엠',4050),('253840','수젠텍',7490),('216280','원텍',23950),('31820','콤텍시스템',2020),('64800','필링크',1510),('41440','에버다임',5390),('7590','동방아그로',7090),('6910','보성파워텍',2105),('1570','금양',2190),('224060','코디엠',659),('119830','아이텍',15000),('80220','제주반도체',3355),('4080','신흥',10000),('2600','조흥',160000),('53700','삼보모터스',6010),('4540','깨끗한나라',2570),('242040','나무기술',3280),('217620','디딤',2580),('1750','한양증권',7490),('38060','루멘스',2015),('9070','KCTC',3175),('86080','다이노나',6200),('950130','엑세스바이오',3515),('96690','제이스테판',2625),('88130','동아엘텍',8710),('194480','데브시스터즈',8480),('260660','알리코제약',9900),('105840','우진',5010),('38340','UCI',6380),('40','KR모터스',500),('131100','리켐',3490),('290740','액트로',9420),('9190','대양금속',7650),('21080','에이티넘인베스트',1960),('3610','방림',2220),('6980','우성사료',3040),('9470','삼화전기',14200),('48910','대원미디어',7460),('94170','동운아나텍',6890),('140070','서플러스글로벌',2535),('24060','흥구석유',6250),('200470','하이셈',5320),('263600','덕우전자',11500),('900260','로스웰',1025),('258830','세종메디칼',13700),('226360','이엑스티',3435),('133820','화인베스틸',3140),('9730','코센',1515),('327610','펨토바이오메드',17000),('41930','동아화성',5860),('94820','일진파워',6140),('300','대유플러스',882),('174880','장원테크',3055),('27710','팜스토리',1045),('139670','키네마스터',13150),('58850','KTcs',2160),('8250','이건산업',8410),('19660','글로본',3155),('1380','SG충방',2040),('2300','한국제지',18300),('106190','하이텍팜',12900),('12320','경동인베스트',38600),('5190','동성화학',17100),('36120','SCI평가정보',2570),('16600','큐캐피탈',650),('23800','인지컨트롤스',6000),('49080','기가레인',1740),('92460','한라IMS',7740),('11150','CJ씨푸드',2530),('4770','써니전자',2960),('26040','제이에스티나',5500),('87260','모바일어플라이언스',6050),('11000','진원생명과학',4280),('9440','KC그린홀딩스',4040),('180060','탑선',11300),('78140','대봉엘에스',8160),('257370','명성티엔에스',14200),('10690','화신',2590),('90850','이지웰페어',8290),('222420','쎄노텍',2250),('41460','한국전자인증',4200),('217600','켐온',1410),('150840','인트로메딕',4110),('134790','시디즈',44950),('100660','서암기계공업',7130),('148250','알엔투테크놀로지',13150),('61250','화일약품',6220),('104620','노랑풍선',18800),('3580','넥스트사이언스',3800),('79960','동양이엔피',11350),('5010','휴스틸',11700),('33170','시그네틱스',1040),('134380','미원화학',40650),('23450','동남합성',24500),('65680','우주일렉트로',8930),('90370','메타랩스',1690),('79190','EMW',2780),('72470','우리산업홀딩스',4675),('176750','듀켐바이오',9950),('142280','녹십자엠에스',9150),('145210','세화아이엠씨',2990),('49480','오픈베이스',2795),('24950','삼천리자전거',6610),('90710','휴림로봇',1070),('19685','대교우B',4515),('193250','와이제이엠게임즈',1920),('229000','젠큐릭스',16200),('214680','디알텍',1800),('263690','디알젬',7710),('900310','컬러레이',1615),('99440','스맥',3150),('64090','에프앤리퍼블릭',1345),('27040','서울전자통신',1250),('43090','팜스웰바이오',3000),('250060','모비스',2700),('122350','삼기오토모티브',2805),('131290','티에스이',7830),('101240','씨큐브',10750),('37330','인지디스플레',2430),('6340','대원전선',1270),('95500','미래나노텍',3710),('49630','재영솔루텍',1185),('182360','큐브엔터',3245),('80720','한국유니온제약',14600),('160980','싸이맥스',8140),('122310','제노레이',18800),('198440','고려시멘트',2690),('149980','하이로닉',6100),('163560','동일고무벨트',6440),('259630','엠플러스',16800),('65950','웰크론',3165),('46070','코다코',2195),('47560','이스트소프트',8660),('43200','파루',2450),('86040','바이오톡스텍',5860),('80000','에스엔유',2490),('222110','팬젠',8830),('195990','유지인트',770),('17550','수산중공업',1575),('71670','에이테크솔루션',8500),('3547','대신증권2우B',8500),('14970','삼륭물산',5600),('105740','디케이락',10250),('43290','케이맥',11850),('94940','푸른기술',12850),('140670','알에스오토메이션',9280),('126600','코프라',4000),('900270','헝셩그룹',1055),('21820','세원정공',8420),('41650','상신브레이크',3920),('33540','파라텍',4940),('104460','동양피엔에프',7820),('25440','대성엘텍',840),('67000','조이시티',7100),('39010','현대통신',9670),('108860','셀바스AI',3780),('285490','노바텍',18000),('57880','필로시스헬스케어',2090),('2200','수출포장',20800),('21040','대호피앤씨',1135),('215090','리퓨어유니맥스',4220),('4780','대륙제관',5210),('57540','옴니시스템',2035),('214610','미코바이오메드',7200),('10660','화천기계',3750),('83660','CSA 코스믹',4170),('41910','에스텍파마',6920),('45660','에이텍',9950),('6660','삼성공조',10100),('9770','삼정펄프',32800),('220100','퓨쳐켐',14250),('4910','조광페인트',6400),('137400','피엔티',4610),('10240','흥국',6630),('66130','하츠',6380),('40300','YTN',1940),('5360','모나미',4305),('109860','동일금속',11600),('56360','코위버',8280),('58860','KTis',2330),('44480','바이오제네틱스',6600),('102210','해덕파워웨이',1100),('196450','디오스텍',653),('84730','팅크웨어',7750),('2230','피에스텍',4105),('119650','KC코트렐',6210),('42040','케이피엠테크',873),('58630','엠게임',4115),('47080','한빛소프트',3245),('217500','러셀',2525),('66110','한프',1520),('53620','태양',9310),('187870','디바이스이엔지',11800),('124500','아이티센',4940),('2140','고려산업',3205),('112240','에스에프씨',1815),('67570','엔브이에이치코리아',2775),('302550','리메드',15300),('26150','특수건설',5290),('500','가온전선',19050),('36260','이매진아시아',2220),('43340','에쎈테크',1100),('24800','유성티엔에스',2910),('2920','유성기업',3050),('39610','화성밸브',7570),('900280','골든센츄리',843),('90740','연이정보통신',4905),('03473K','SK우',138500),('137950','제이씨케미칼',3670),('15230','대창단조',39050),('2720','국제약품',4240),('203400','에이비온',6290),('8260','NI스틸',2725),('150440','피노텍',8130),('44960','이글벳',6150),('4720','우리들제약',6710),('24880','케이피에프',4460),('14190','원익큐브',2190),('68330','일신바이오',1750),('246720','아스타',6730),('204630','화이브라더스코리아',2700),('157','두산2우B',78300),('31310','아이즈비전',4875),('69540','라이트론',5420),('204840','지엘팜텍',2145),('36090','위지트',1055),('53450','세코닉스',6500),('78650','코렌',1875),('65350','신성델타테크',3165),('17510','세명전기',5000),('53590','한국테크놀로지',1070),('94840','슈프리마에이치큐',7270),('114810','아이원스',5670),('36170','씨티젠',2350),('30350','드래곤플라이',4750),('32850','비트컴퓨터',4560),('14440','영보화학',3790),('66670','디스플레이텍',4055),('1080','만호제강',18250),('14130','한익스프레스',6310),('156100','엘앤케이바이오',7010),('78940','코드네이처',1490),('26940','부국철강',3775),('84670','동양고속',26050),('40610','SG&G',2210),('129260','인터지스',2530),('155660','DSR',4700),('6740','영풍제지',3385),('60370','KT서브마린',3430),('50540','한국코퍼레이션',1935),('37350','성도이엔지',4850),('18620','우진비앤지',2870),('92070','디엔에프',6920),('14570','고려제약',6770),('910','유니온',4770),('12790','신일제약',9410),('9310','참엔지니어링',1475),('308100','까스텔바쟉',11250),('225650','쿠첸',6920),('66430','와이오엠',6060),('900340','윙입푸드',1825),('13310','아진산업',2430),('134780','화진',3060),('51630','진양화학',6130),('83420','그린케미칼',3675),('6090','사조오양',7800),('5860','한일사료',1865),('105550','트루윈',6650),('4090','한국석유',112000),('80010','이상네트웍스',8140),('1020','페이퍼코리아',816),('49720','고려신용정보',5120),('10400','우진아이엔에스',9600),('50860','아세아텍',4180),('5750','대림B&Co',4380),('50320','에이앤티앤',3220),('63440','SM Life Design',1610),('290660','네오펙트',6070),('226610','한국비엔씨',12000),('49550','잉크테크',4515),('590','CS홀딩스',62600),('66310','큐에스아이',8730),('123570','이엠넷',3240),('205500','액션스퀘어',2725),('13360','일성건설',1335),('305090','마이크로디지탈',19850),('76610','해성옵틱스',2540),('11090','에넥스',1200),('65940','바이오빌',1635),('7630','폴루스바이오팜',1840),('37370','EG',9580),('79950','인베니아',3085),('123410','코리아에프티',2570),('38530','골드퍼시픽',2160),('241820','피씨엘',7990),('66900','디에이피',3140),('50120','라이브플렉스',836),('37270','YG PLUS',1225),('6140','피제이전자',4750),('40160','누리텔레콤',5900),('41590','에너전트',1505),('131400','액트',4090),('6370','대구백화점',6560),('84180','수성',5820),('73010','케이에스피',1960),('38070','서린바이오',9690),('220','유유제약',11050),('114120','크루셜텍',1070),('219750','지티지웰니스',11250),('215380','우정바이오',2800),('42940','상지카일룸',1695),('43710','서울리거',2380),('86670','비엠티',8620),('46970','우리로',2830),('93520','매커스',4335),('48470','대동스틸',7000),('84870','TBH글로벌',3355),('60480','국일신동',6300),('19590','엠벤처투자',1160),('17650','대림제지',1550),('50760','에스폴리텍',4270),('64510','에코마이스터',5500),('115310','인포바인',21800),('78860','아이오케이',1750),('101400','엔시트론',590),('69640','한세엠케이',5380),('58220','아리온',766),('214310','세미콘라이트',1050),('148140','비디아이',8750),('83550','케이엠',6820),('43650','국순당',3870),('53110','소리바다',1145),('94360','칩스앤미디어',9280),('119850','지엔씨에너지',4220),('69730','DSR제강',4750),('171090','선익시스템',7600),('49430','코메론',7550),('226440','한송네오텍',1725),('208350','지란지교시큐리티',1755),('46390','삼화네트웍스',1580),('27830','대성창투',1700),('65450','빅텍',2775),('39020','이건홀딩스',3010),('12280','영화금속',1495),('6880','신송홀딩스',5730),('33430','디에스티',1210),('92200','디아이씨',2825),('97870','효성오앤비',7980),('46940','우원개발',3950),('10770','평화홀딩스',4630),('1560','제일연마',6770),('110020','전진바이오팜',14300),('19180','티에이치엔',3760),('56730','포스링크',1460),('35480','제이테크놀로지',1475),('234100','세원',3000),('24890','대원화성',1625),('39230','에이아이비트',838),('53660','현진소재',2790),('4410','서울식품',198),('241520','DSC인베스트먼트',3700),('32940','원익',3710),('277070','린드먼아시아',4920),('233250','메디안디노스틱',38000),('48430','유라테크',5760),('39420','케이엘넷',2745),('66360','체리부로',2375),('208640','썸에이지',867),('41520','이라이콤',5420),('4590','한국가구',4400),('25550','한국선재',2690),('78935','GS우',36950),('68940','아이씨케이',2110),('160600','에스엔텍',5510),('17480','삼현철강',4185),('7610','선도전기',3650),('90410','덕신하우징',1640),('24120','KB오토시스',5710),('6805','미래에셋대우우',4660),('92780','동양피스톤',4980),('36480','대성미생물',17250),('290550','디케이티',7950),('96350','대창솔루션',603),('33200','모아텍',4560),('11500','한농화성',4175),('900040','차이나그레이트',518),('189980','흥국에프엔비',8870),('33560','블루콤',3600),('53260','금강철강',3475),('42110','에스씨디',1345),('8870','금비',65000),('8600','윌비스',1140),('31510','오스템',2490),('2820','선창산업',5120),('4830','덕성',4115),('64290','인텍플러스',5840),('138610','나이벡',6500),('25820','이구산업',1920),('36010','아비코전자',4830),('33310','디케이디앤아이',2920),('39980','리노스',1620),('109070','컨버즈',3260),('6570','대림통상',4210),('206400','엔터메이트',768),('109820','진매트릭스',3605),('171010','램테크놀러지',5560),('66410','버킷스튜디오',2710),('117730','티로보틱스',11750),('204020','엠코르셋',6290),('54930','유신',21100),('79650','서산',3155),('18470','조일알미늄',905),('142210','유니트론텍',6340),('39310','세중',3470),('6890','태경화학',5420),('131090','시큐브',1650),('59210','메타바이오메드',2625),('80520','오디텍',5330),('71280','로체시스템즈',4090),('217330','싸이토젠',11100),('3010','혜인',4910),('123840','한일진공',1110),('4140','동방',1860),('147830','제룡산업',6220),('54180','중앙오션',2305),('83650','비에이치아이',2390),('52900','KMH하이텍',1325),('41920','메디아나',7180),('114450','KPX생명과학',4115),('96610','알에프세미',7600),('225430','케이엠제약',2885),('32980','바이온',1295),('48770','TPC',4775),('81150','티플랙스',2535),('154030','아시아종묘',6670),('264660','씨앤지하이테크',7310),('57030','와이비엠넷',3765),('252500','세화피앤씨',2955),('114570','지스마트글로벌',646),('39290','인포뱅크',7010),('204990','현성바이탈',1925),('56090','유앤아이',7850),('97800','윈팩',1680),('32680','소프트센',1845),('90080','평화산업',1620),('38870','에코바이오',5210),('52670','제일바이오',4020),('21050','서원',1270),('72770','네오디안테크놀로지',1675),('218150','미래생명자원',3225),('8420','문배철강',2935),('5305','롯데칠성우',77500),('11700','한신기계',1850),('106240','파인테크닉스',1595),('72990','에이치시티',8720),('42500','링네트',4000),('88390','이녹스',6360),('63760','이엘피',12100),('37440','희림',4265),('10470','오리콤',5160),('96040','이트론',247),('75970','동국알앤에스',3220),('258250','셀젠텍',15300),('147760','마이크로프랜드',5470),('65770','CS',3140),('128660','피제이메탈',2375),('23440','제일제강',1995),('1810','무림SP',2655),('220180','핸디소프트',3795),('20120','키다리스튜디오',3700),('51490','나라엠앤디',4125),('36690','코맥스',4020),('80470','성창오토텍',8000),('131180','딜리',1985),('140520','대창스틸',2910),('115500','케이씨에스',4850),('52190','이에스에이',2025),('208140','정다운',2825),('5670','푸드웰',7240),('91340','S&K폴리텍',4945),('118000','우리들휴브레인',2380),('36710','심텍홀딩스',1615),('16670','포비스티앤씨',1440),('19540','일지테크',4270),('37760','쎄니트',1705),('184230','SGA솔루션즈',1570),('13700','까뮤이앤씨',1275),('95910','에스에너지',4300),('126340','비나텍',13850),('1275','부국증권우',19100),('49830','승일',9340),('99220','SDN',1350),('8800','스튜디오썸머',1770),('120115','코오롱인더우',20600),('24840','KBI메탈',1730),('94190','이엘케이',787),('1620','케이비아이동국실업',860),('208710','바이오로그디바이스',2030),('303360','프로테옴텍',13000),('33230','인성정보',2950),('65500','오리엔트정공',481),('213090','미래테크놀로지',9200),('18680','서울제약',6630),('46110','한일네트웍스',4700),('75130','플랜티넷',6260),('208860','엔지스테크널러지',5870),('44060','조광ILI',5670),('52220','iMBC',2435),('68050','팬엔터테인먼트',4075),('104540','코렌텍',5630),('196300','애니젠',11150),('900080','에스앤씨엔진그룹',451),('17250','인터엠',2650),('54920','한컴시큐어',2965),('253590','네오셈',1545),('47920','씨트리',4020),('24830','세원물산',6660),('127710','아시아경제',2180),('37230','한국팩키지',2220),('54090','삼진엘앤디',2220),('60540','에스에이티',2115),('6920','모헨즈',5050),('39670','한류타임즈',917),('115440','우리넷',8630),('45510','정원엔시스',1700),('219550','MP한강',963),('83450','GST',5870),('83500','에프엔에스테크',7350),('3280','흥아해운',560),('45890','GV',1890),('23460','CNH',1460),('54300','팬스타엔터프라이즈',1145),('123700','SJM',3470),('45060','오공',3195),('96300','베트남개발1',418),('222980','한국맥널티',10850),('10100','한국프랜지',1770),('11420','갤럭시아에스엠',1955),('263810','상신전자',5660),('89850','유비벨록스',7540),('93240','형지엘리트',1720),('7280','한국특수형강',1655),('51980','센트럴바이오',1200),('52300','W홀딩컴퍼니',404),('49120','파인디앤씨',2050),('138070','신진에스엠',5940),('265560','영화테크',9930),('260870','시그넷이브이',11150),('71850','캐스텍코리아',3200),('66910','손오공',2420),('72130','유엔젤',4015),('81580','성우전자',3415),('64820','케이프',2070),('2710','TCC스틸',2360),('246960','이노테라피',10450),('101390','아이엠',1245),('92870','엑시콘',5900),('42600','새로닉스',4215),('54940','엑사이엔씨',1575),('84650','랩지노믹스',5720),('50090','휘닉스소재',753),('32800','판타지오',716),('32750','삼진',8660),('3310','대주산업',1460),('82850','우리바이오',1150),('187790','나노',2000),('92300','현우산업',3590),('41020','인프라웨어',1370),('43220','에이치엘비파워',836),('101730','조이맥스',6030),('13000','세우글로벌',1785),('101170','우림기계',3795),('25950','동신건설',6090),('8110','대동전자',4870),('59120','아진엑스텍',7340),('221980','케이디켐',12600),('6110','삼아알미늄',4620),('207490','에이펙스인텍',14100),('230980','솔트웍스',4010),('1000','신라섬유',2085),('58530','슈펙스비앤피',790),('37030','파워넷',4210),('114630','우노앤컴퍼니',3715),('10280','쌍용정보통신',1245),('92600','앤씨앤',3735),('96640','멜파스',2250),('263800','데이타솔루션',3185),('139050','데일리블록체인',1110),('217950','파마리서치바이오',12300),('105','유한양행우',210500),('00499K','롯데지주우',50300),('88790','진도',3985),('189690','포시에스',6590),('9620','삼보산업',2400),('67920','이글루시큐리티',4485),('217820','엔에스',10000),('2870','신풍제지',1400),('215480','토박스코리아',1195),('256940','케이피에스',11400),('275630','에스에스알',8400),('5320','국동',1760),('85670','뉴프렉스',2295),('57680','옴니텔',1440),('49470','SGA',999),('760','이화산업',17250),('85810','알티캐스트',2275),('87600','픽셀플러스',5910),('170030','현대공업',3135),('263860','지니언스',5090),('224110','에이텍티앤',9000),('228180','티씨엠생명과학',23100),('10580','지코',827),('25530','SJM홀딩스',3200),('59100','아이컴포넌트',6750),('8370','원풍',3975),('27580','상보',1505),('28080','휴맥스홀딩스',3790),('12860','서연전자',1760),('106520','디지탈옵틱',682),('141020','포티스',902),('33250','체시스',1975),('205470','휴마시스',1690),('54630','에이디칩스',1755),('73540','에프알텍',4155),('14910','성문전자',2430),('51380','피씨디렉트',5830),('23350','한국종합기술',4320),('44380','주연테크',443),('154040','솔루에타',3785),('133750','메가엠디',2110),('23150','MH에탄올',6390),('60900','퍼시픽바이오',889),('2220','한일철강',2105),('121890','에스디시스템',5190),('86250','화신테크',3460),('65570','삼영이엔씨',5330),('13810','스페코',3195),('2070','남영비비안',6800),('2680','한탑',2245),('101930','인화정공',5000),('53050','지에스이',1555),('39240','경남스틸',1865),('31980','피에스케이홀딩스',8370),('159910','스킨앤스킨',403),('24740','한일단조',1555),('237750','피앤씨테크',7140),('32960','동일기연',14100),('20180','대신정보통신',1205),('128540','에코캡',3180),('269620','시스웍',2570),('111820','지와이커머스',2250),('53290','NE능률',3425),('43910','자연과환경',1360),('3780','진양산업',3550),('21650','한국큐빅',2820),('32540','TJ미디어',3300),('177830','파버나인',4235),('181340','이즈미디어',6500),('104040','대성파인텍',1460),('123330','제닉',6520),('8470','부스타',5430),('65690','파커스',3260),('131760','파인텍',1060),('238120','로고스바이오',12650),('24900','덕양산업',1395),('7370','진양제약',3780),('7120','미래아이앤지',350),('155900','바다로19호',2980),('50960','수산아이앤티',6700),('277410','인산가',1710),('150900','파수닷컴',4695),('246690','TS인베스트먼트',2005),('71950','코아스',1450),('3465','유화증권우',12800),('38620','위즈코프',1150),('62860','티엘아이',4515),('85910','네오티스',4035),('49800','우진플라임',4430),('94970','제이엠티',2645),('203450','유니온커뮤니티',3015),('54540','삼영엠텍',3400),('76080','웰크론한텍',2265),('136510','쎄미시스코',8180),('78350','한양디지텍',4410),('64850','에프앤가이드',4000),('122690','서진오토모티브',2245),('86060','진바이오텍',5090),('52460','아이크래프트',3000),('51390','YW',3845),('250000','보라티알',6450),('123010','옵토팩',8350),('71090','하이스틸',21600),('127120','디엔에이링크',3760),('170790','파이오링크',6290),('53270','구영테크',1630),('192390','윈하이텍',4190),('19570','제미니투자',812),('6050','국영지앤엠',1225),('14940','오리엔탈정공',937),('2410','범양건영',1715),('80530','코디',3590),('440','중앙에너비스',6800),('27970','세하',1430),('60260','뉴보텍',1570),('7770','한일화학',12000),('109080','옵티시스',7450),('2690','동일제강',2790),('89530','에이티세미콘',588),('36620','버추얼텍',906),('12340','뉴인텍',770),('38950','파인디지털',4080),('900070','글로벌에스엠',775),('65440','이루온',1525),('153490','우리이앤엘',833),('302920','더콘텐츠온',15950),('263020','디케이앤디',5340),('89150','케이씨티',2415),('177350','베셀',3690),('65420','에스아이리소스',639),('293580','나우아이비캐피탈',4350),('24910','경창산업',1150),('36640','HRS',2515),('4100','태양금속',1120),('126640','화신정공',1130),('35460','기산텔레콤',2815),('122050','아이엘사이언스',6100),('145270','케이탑리츠',909),('24070','WISCOM',2670),('143540','영우디에스피',1355),('900120','씨케이에이치',369),('46310','백금T&A',2640),('79000','와토스코리아',5630),('9140','경인전자',25800),('225590','패션플랫폼',1520),('32080','아즈텍WB',1935),('28040','미래SCI',1155),('246250','에스엘에스바이오',5900),('175140','인포마크',11100),('161570','THE MIDONG',2920),('5820','원림',18300),('236030','씨알푸드',20300),('64480','브리지텍',3340),('12620','원일특강',9050),('89790','제이티',3860),('258540','스템랩',22900),('279600','미디어젠',10800),('18500','동원금속',849),('2290','삼일기업공사',3200),('32580','피델릭스',1665),('23810','인팩',3960),('51780','큐로홀딩스',624),('186230','그린플러스',12300),('131220','대한과학',5280),('19990','에너토크',4025),('233990','질경이',2920),('38010','제일테크노스',4360),('189860','서전기전',4035),('212560','네오오토',4950),('31860','엔에스엔',1630),('43100','솔고바이오',240),('44180','KD건설',99),('25880','케이씨피드',2315),('114190','웰크론강원',2460),('195440','퓨전데이타',401),('9180','한솔로지스틱스',1400),('8775','호텔신라우',51100),('48830','엔피케이',2040),('115480','씨유메디칼',2390),('72950','빛샘전자',6300),('17000','신원종합개발',3745),('56000','신스타임즈',2690),('3680','한성기업',6160),('141070','맥스로텍',1515),('1420','태원물산',4955),('32280','삼일',2320),('30720','동원수산',8050),('53160','프리엠스',6240),('15540','메디파트너생명공학',6790),('258610','이더블유케이',5060),('54040','한국컴퓨터',2320),('70590','한솔인티큐브',2685),('173130','오파스넷',9200),('6200','한국전자홀딩스',790),('119500','포메탈',3120),('32860','GMR 머티리얼즈',547),('219130','타이거일렉',5850),('38110','에코플라스틱',1435),('311840','대원모방',23100),('93640','다믈멀티미디어',3385),('172580','하이골드12호',2795),('16920','카스',1695),('130500','GH신소재',3305),('45300','성우테크론',3925),('66790','씨씨에스',423),('52600','한네트',3125),('3720','삼영화학',1060),('18700','바른손',2195),('136660','큐엠씨',3795),('115530','씨엔플러스',839),('260970','에스앤디',117500),('23960','에쓰씨엔지니어링',1425),('23790','동일철강',4850),('28513K','SK케미칼우',24400),('251280','안지오랩',19500),('122800','썬텍',1000),('29480','바른테크놀로지',1035),('73190','듀오백',2930),('5450','신한',4945),('43590','크로바하이텍',1490),('19770','서연탑메탈',2970),('43260','성호전자',971),('208370','셀바스헬스케어',2440),('15260','에이엔피',412),('67010','이씨에스',4540),('93380','풍강',3440),('251960','엠에프엠코리아',3260),('70300','한솔시큐어',4600),('3925','남양유업우',203000),('10420','한솔PNS',1645),('134060','이퓨쳐',7040),('227950','마이크로텍',1740),('200580','메디쎄이',9500),('12170','키위미디어그룹',167),('290270','휴네시온',6830),('178600','대동고려삼',7360),('21880','메이슨캐피탈',329),('206950','볼빅',7800),('197140','디지캡',4395),('1210','금호전기',3265),('223310','이에스브이',287),('187270','신화콘텍',3190),('11300','성안',567),('20400','대동금속',13400),('158310','인터불스',2660),('88290','이원컴포텍',2230),('24850','피에스엠씨',819),('86220','네추럴FNP',2995),('44780','에이치케이',1710),('35200','프럼파스트',3235),('103230','에스앤더블류',4370),('123750','알톤스포츠',2465),('196700','웹스',2290),('99410','동방선기',2305),('108675','LG하우시스우',30200),('236340','메디젠휴먼케어',13450),('284420','휴럼',8500),('8830','대동기어',3445),('98660','에스티오',3650),('226400','오스테오닉',3610),('191410','육일씨엔에쓰',3260),('69140','누리플랜',5590),('60380','동양에스텍',3030),('11230','삼화전자',2895),('12600','청호컴넷',3585),('79170','한창산업',5760),('90150','광진윈텍',3100),('33050','제이엠아이',917),('221610','한솔씨앤피',7450),('281310','바이오시네틱스',11350),('79810','디이엔티',3300),('299480','지앤이헬스케어',2635),('232530','이엠티',2900),('91440','텔레필드',3200),('60300','레드로버',610),('1465','BYC우',134500),('226350','아이엠텍',1175),('153360','하이골드3호',1790),('101670','코리아에스이',1515),('211050','인카금융서비스',6370),('159650','하이골드8호',1920),('950','전방',17000),('134580','디엠티',2535),('115570','스타플렉스',4410),('15020','이스타코',663),('103130','웅진에너지',914),('115610','이미지스',3670),('77280','한컴지엠디',2370),('64520','바른전자',418),('67730','로지시스',2960),('3475','유안타증권우',2135),('94860','코닉글로리',578),('39740','한국정보공학',3435),('4920','씨아이테크',505),('99520','ITX엠투엠',1655),('216400','바이오코아',3945),('2355','넥센타이어1우B',4185),('1770','신화실업',22300),('37400','우리조명',1085),('98120','마이크로컨텍솔',3250),('130740','티피씨글로벌',2640),('54340','피앤텔',6680),('65370','위세아이텍',7890),('82660','삼우엠스',553),('24940','PN풍년',2670),('2420','세기상사',65200),('11080','형지I&C',678),('105330','케이엔더블유',4555),('204210','모두투어리츠',3280),('4365','세방우',6950),('222810','한류AI센터',1420),('45340','토탈소프트',2980),('54220','비츠로시스',485),('43360','디지아이',2815),('52770','와이디온라인',805),('33790','스카이문스테크놀로지',1465),('900110','이스트아시아홀딩스',230),('5030','부산주공',586),('288490','나라소프트',1000),('33600','럭슬',1150),('10640','진양폴리',2470),('178780','유테크',1395),('67770','세진티에스',2880),('256630','엔에이치스팩10호',3380),('267060','명진홀딩스',3295),('54410','케이피티유',4670),('227100','디자인',8870),('153460','네이블',3600),('189330','씨이랩',10500),('6125','SK디스커버리우',17250),('182690','테라셈',1665),('8500','일정실업',19350),('58110','멕아이씨에스',4260),('26910','광진실업',3560),('80580','오킨스전자',3675),('230400','자비스',6400),('7530','영신금속',1745),('140910','에이리츠',6090),('69330','유아이디',1880),('224810','엄지하우스',5290),('58450','일야',1390),('221800','유투바이오',11550),('149010','아이케이세미콘',6950),('25890','한국주강',1900),('121850','코이즈',2040),('135160','지오씨',3150),('217190','제너셈',2445),('19490','하이트론',3855),('17680','데코앤이',1460),('217880','틸론',6370),('250930','케이비제10호스팩',4000),('00806K','대덕전자1우',6270),('76340','관악산업',4225),('232830','시큐센',12800),('13720','청보산업',2490),('101680','한국정밀기계',2410),('205290','케미메디',2480),('25870','신라에스지',5030),('239890','피엔에이치테크',9700),('96870','엘디티',2975),('9415','태영건설우',7760),('113810','디젠스',601),('278380','원바이오젠',9030),('87','하이트진로2우B',17000),('18064K','한진칼우',35750),('58420','제이웨이',1030),('210610','소프트캠프',8500),('44990','에이치엔에스하이텍',2535),('99340','하나니켈1호',825),('258050','테크트랜스',2600),('3495','대한항공우',16600),('1685','대상우',13450),('53060','세동',848),('319400','엔에이치스팩14호',2095),('242350','피엔아이컴퍼니',3780),('266870','파워풀엑스',2770),('232680','라온테크',4100),('725','현대건설우',174500),('112190','KC산업',2600),('123260','파인넥스',701),('221670','주노콜렉션',4905),('2995','금호산업우',56500),('273060','엔에이치스팩12호',2195),('106080','지투하이소닉',798),('225220','제놀루션',5200),('278990','파인이엠텍',4500),('323940','케이비제18호스팩',2065),('243870','굿센',11950),('291230','삼성스팩2호',2130),('266170','앤유엔터테인먼트',7300),('303030','대신밸런스제5호스팩',3825),('215570','크로넥스',14950),('80440','에스제이케이',1630),('317320','한화에스비아이스팩',3510),('222670','플럼라인생명과학',6310),('885','한화우',31400),('75','삼양홀딩스우',48900),('256840','엔에이치스팩11호',2170),('199150','데이터스트림즈',3600),('9835','한화케미칼우',13100),('210120','빅텐츠',7590),('5257','녹십자홀딩스2우',16950),('244880','나눔테크',2795),('120780','전우정밀',4385),('5725','넥센우',3770),('145995','삼양사우',36300),('19175','신풍제약우',6060),('254120','IBKS제5호스팩',2940),('224880','SGA임베디드',2990),('308700','테크엔',3300),('194510','파티게임즈',536),('202960','판도라티비',1100),('285770','라이프사이언스테크놀로지',4050),('277480','신한제4호스팩',2140),('323350','다원넥스뷰',18050),('199290','바이오프로테크',3900),('183410','골프존데카',3000),('1515','SK증권우',3115),('2025','코오롱우',11300),('311060','엘에이티',10700),('4255','NPC우',2280),('241510','이에스산업',2005),('12205','계양전기우',8450),('284620','하나금융11호스팩',2130),('317030','케이비17호스팩',2105),('08537M','루트로닉3우C',12600),('1745','SK네트웍스우',99900),('270660','에브리봇',10100),('185190','수프로',3000),('163430','디피코',3680),('307070','SK4호스팩',2125),('265480','미래에셋대우스팩1호',2260),('58970','엠로',2250),('3535','한화투자증권우',2255),('291210','한국제7호스팩',2135),('307750','대신밸런스제6호스팩',2155),('279060','이노벡스',1760),('281740','동부스팩5호',2200),('262830','대신밸런스제4호스팩',2120),('217320','썬테크',10000),('264850','IBKS제6호스팩',2430),('306620','DB금융스팩6호',2140),('4105','태양금속우',3130),('8355','남선알미우',33300),('297570','IBKS제9호스팩',3695),('121060','유니포인트',1700),('307160','하나머스트제6호스팩',2195),('307870','상상인이안1호스팩',2120),('309930','삼성머스트스팩3호',2190),('270520','하나금융10호스팩',2180),('192410','감마누',408),('158300','에스에이티이엔지',3085),('299170','IBKS제10호스팩',2270),('313750','유안타제4호스팩',2110),('3415','쌍용양회우',6330),('66830','제노텍',1745),('281410','한국제6호스팩',2160),('267320','교보7호스팩',2420),('240340','인터코스',2900),('323230','신한제5호스팩',2235),('222160','바이옵트로',1700),('83470','KJ프리텍',387),('162120','루켄테크놀러지스',5820),('107640','한중엔시에스',2500),('322780','DB금융스팩7호',2085),('225850','미애부',2830),('265920','한화수성스팩',2120),('307180','신영스팩4호',2155),('261200','하나금융9호스팩',2185),('317240','하이제4호스팩',2105),('14825','동원시스템즈우',34650),('200350','래몽래인',4750),('299670','에스엠비나',8410),('287410','유안타제3호스팩',2135),('145','하이트진로홀딩스우',18900),('4415','서울식품우',3965),('271740','한국제5호스팩',2180),('225860','엠앤씨생명과학',764),('86460','에스엔피제네틱스',4750),('7575','일양약품우',19150),('6345','대원전선우',3240),('270020','두원석재',2720),('276920','IBKS제7호스팩',2290),('238500','로보쓰리',1780),('1795','대한제당우',12850),('208850','이비테크',3650),('321260','유진스팩4호',2345),('148780','비플라이소프트',1710),('5745','크라운해태홀딩스우',13500),('307280','교보8호스팩',2180),('225','유유제약1우',7110),('257730','신한제3호스팩',2290),('140290','청광종건',760),('4985','성신양회우',10900),('83380','동북아13호',5030),('83370','동북아12호',5020),('311270','키움제5호스팩',2175),('7815','코리아써우',2620),('323280','신영스팩5호',2215),('267810','앙츠',4995),('245450','씨앤에스링크',7400),('14915','성문전자우',12650),('232330','SK3호스팩',2105),('103660','씨앗',2045),('30270','에스마크',998),('279410','한화에이스스팩4호',2155),('310200','미래에셋대우스팩2호',2465),('310870','한국제8호스팩',2195),('264290','한화에이스스팩3호',2425),('114920','대주이엔티',2150),('310840','엔에이치스팩13호',2180),('258790','케이비제11호스팩',2275),('4565','현대비앤지스틸우',63800),('212310','휴벡셀',3375),('116100','태양기계',1090),('215050','비엔디생활건강',3160),('21045','대호피앤씨우',1565),('183350','LPK로보틱스',1400),('10145','삼성중공우',57100),('16385','동부제철우',40300),('4545','깨끗한나라우',17500),('26490K','크라운제과우',8150),('14285','금강공업우',10650),('189540','씨티네트웍스',2600),('11155','CJ씨푸드1우',30350),('4835','덕성우',4250),('270210','에스알바이오텍',12700),('140660','위월드',2350),('101360','이엔드디',930),('179720','옐로페이',468),('3075','코오롱글로벌우',17650),('84695','대상홀딩스우',5930),('276240','엘리비젼',2295),('252370','유쎌',4000),('220110','드림티엔터테인먼트',669),('224020','에스케이씨에스',1900),('1525','동양우',8290),('5965','동부건설우',22650),('189350','코셋',1270),('90355','노루페인트우',10750),('9275','신원우',54800),('2785','진흥기업우B',5790),('99350','하나니켈2호',1510),('271780','비엔에프코퍼레이션',1650),('84440','유비온',1595),('217910','에스제이켐',365),('995','DB하이텍1우',40300),('2787','진흥기업2우B',15050),('1755','한양증권우',8420),('1065','JW중외제약우',25100),('545','흥국화재우',5420),('92590','럭스피아',569),('271850','다이오진',1230),('1067','JW중외제약2우B',41850),('32685','소프트센우',25400),('547','흥국화재2우B',23350),('325','노루홀딩스우',19050),('00781K','코리아써키트2우B',4395),('149940','모다',155),('227','유유제약2우B',19400),('1527','동양2우B',10250),('1799','대한제당3우B',23400),('223220','아이피몬스터',256),('1529','동양3우B',30300),('227420','포레스팅블록체인',355),('208890','에듀파트너',1350),('247300','인프라웨어테크놀러지',410),('135270','세종머티리얼즈',168);
/*!40000 ALTER TABLE `tb_price_20190711` ENABLE KEYS */;
UNLOCK TABLES;

--
-- Table structure for table `tb_price_20190712`
--

DROP TABLE IF EXISTS `tb_price_20190712`;
/*!40101 SET @saved_cs_client     = @@character_set_client */;
/*!40101 SET character_set_client = utf8 */;
CREATE TABLE `tb_price_20190712` (
  `stock_code` char(6) DEFAULT NULL,
  `stock_name` varchar(50) DEFAULT NULL,
  `stock_price` int(11) DEFAULT '0'
) ENGINE=InnoDB DEFAULT CHARSET=utf8;
/*!40101 SET character_set_client = @saved_cs_client */;

--
-- Dumping data for table `tb_price_20190712`
--

LOCK TABLES `tb_price_20190712` WRITE;
/*!40000 ALTER TABLE `tb_price_20190712` DISABLE KEYS */;
INSERT INTO `tb_price_20190712` VALUES ('5930','삼성전자',46200),('660','SK하이닉스',75500),('5935','삼성전자우',38500),('5380','현대차',139000),('68270','셀트리온',191500),('51910','LG화학',341000),('12330','현대모비스',231500),('55550','신한지주',44300),('5490','POSCO',237000),('17670','SK텔레콤',254500),('207940','삼성바이오로직스',301500),('51900','LG생활건강',1265000),('35420','NAVER',117000),('105560','KB금융',43350),('28260','삼성물산',93300),('270','기아차',42850),('18260','삼성에스디에스',214500),('15760','한국전력',25300),('32830','삼성생명',79900),('96770','SK이노베이션',172500),('6400','삼성SDI',231000),('34730','SK',223000),('33780','KT&G',98000),('3550','LG',73400),('810','삼성화재',261500),('66570','LG전자',70600),('35720','카카오',130500),('36570','엔씨소프트',490500),('86790','하나금융지주',35800),('10950','S-Oil',91300),('90430','아모레퍼시픽',165000),('316140','우리금융지주',13900),('10130','고려아연',443500),('11170','롯데케미칼',242000),('251270','넷마블',96500),('9540','한국조선해양',114500),('24110','기업은행',13600),('91990','셀트리온헬스케어',53200),('30200','KT',27800),('9150','삼성전기',90600),('35250','강원랜드',29650),('18880','한온시스템',11500),('34220','LG디스플레이',16800),('32640','LG유플러스',13650),('21240','웅진코웨이',80500),('86280','현대글로비스',156500),('720','현대건설',49500),('267250','현대중공업지주',336000),('4020','현대제철',40300),('6800','미래에셋대우',8020),('2790','아모레G',63300),('10140','삼성중공업',7680),('78930','GS',51200),('71050','한국금융지주',79200),('81660','휠라코리아',71500),('29780','삼성카드',37300),('4990','롯데지주',40900),('97950','CJ제일제당',285000),('23530','롯데쇼핑',148500),('161390','한국타이어앤테크놀로지',32700),('36460','한국가스공사',43700),('5940','NH투자증권',14300),('88980','맥쿼리인프라',11500),('139480','이마트',141000),('35760','CJ ENM',175100),('210','대림산업',110000),('5830','DB손해보험',53300),('12750','에스원',98200),('241560','두산밥캣',35350),('271560','오리온',89100),('9830','한화케미칼',21800),('128940','한미약품',302000),('16360','삼성증권',38050),('42660','대우조선해양',31500),('282330','BGF리테일',192500),('47810','한국항공우주',34100),('28050','삼성엔지니어링',16950),('8770','호텔신라',84000),('30000','제일기획',28550),('8560','메리츠종금증권',5310),('5387','현대차2우B',88500),('8930','한미사이언스',49250),('215600','신라젠',44800),('3670','포스코케미칼',51800),('120','CJ대한통운',134500),('3410','쌍용양회',6050),('7070','GS리테일',39150),('100','유한양행',230500),('6360','GS건설',35850),('1040','CJ',97400),('84990','헬릭스미스',172700),('2380','KCC',260000),('3490','대한항공',28450),('11780','금호석유',88200),('4170','신세계',269000),('88350','한화생명',2995),('28670','팬오션',4820),('11070','LG이노텍',108000),('263750','펄어비스',192500),('7310','오뚜기',682000),('17800','현대엘리베이',89200),('79440','오렌지라이프',29550),('86900','메디톡스',415000),('1450','현대해상',26850),('138930','BNK금융지주',7250),('47050','포스코인터내셔널',18700),('60','메리츠화재',19450),('10060','OCI',87600),('12510','더존비즈온',66700),('5385','현대차우',80300),('138040','메리츠금융지주',13900),('880','한화',25950),('253450','스튜디오드래곤',69100),('47040','대우건설',4635),('69960','현대백화점',79600),('10620','현대미포조선',46000),('69620','대웅제약',157500),('26960','동서',18300),('20150','일진머티리얼즈',38900),('32500','케이엠더블유',45500),('39490','키움증권',79300),('150','두산',94400),('64350','현대로템',19900),('294870','HDC현대산업개발',38250),('180640','한진칼',28200),('36490','SK머티리얼즈',157200),('51905','LG생활건강우',783000),('9240','한샘',69300),('145020','휴젤',371100),('111770','영원무역',36200),('12450','한화에어로스페이스',30650),('6260','LS',48700),('80','하이트진로',22000),('4800','효성',72800),('11790','SKC',40650),('4370','농심',246000),('34230','파라다이스',16400),('3240','태광산업',1338000),('10120','LS산전',49200),('68760','셀트리온제약',43300),('240','한국테크놀로지그룹',15800),('51915','LG화학우',190000),('9420','한올바이오파마',27500),('214320','이노션',70000),('51600','한전KPS',31100),('56190','에스에프에이',38800),('20560','아시아나항공',6260),('4000','롯데정밀화학',53300),('204320','만도',28950),('1740','SK네트웍스',5470),('11210','현대위아',49700),('6280','녹십자',115500),('31430','신세계인터내셔날',188000),('139130','DGB금융지주',7780),('161890','한국콜마',58200),('670','영풍',705000),('181710','NHN',66000),('41960','코미팜',22150),('5440','현대그린푸드',13150),('28300','에이치엘비',32650),('7700','F&F',82300),('5300','롯데칠성',157500),('95700','제넥신',61000),('34020','두산중공업',6180),('78340','컴투스',97000),('42670','두산인프라코어',5950),('114090','GKL',19900),('57050','현대홈쇼핑',102000),('247540','에코프로비엠',59400),('240810','원익IPS',24300),('98460','고영',87000),('25980','아난티',14350),('73240','금호타이어',4070),('11200','현대상선',3670),('175330','JB금융지주',5740),('14820','동원시스템즈',44000),('120110','코오롱인더',41600),('307950','현대오토에버',53200),('192080','더블유게임즈',60500),('9410','태영건설',14450),('10780','아이에스동서',35650),('28150','GS홈쇼핑',167600),('49770','동원F&B',284000),('298380','에이비엘바이오',24150),('1800','오리온홀딩스',17400),('5250','녹십자홀딩스',23000),('5850','에스엘',22000),('46890','서울반도체',18100),('284740','쿠쿠홈시스',46900),('48260','오스템임플란트',73000),('3000','부광약품',16400),('192820','코스맥스',102500),('280360','롯데제과',160500),('3380','하림지주',11000),('36830','솔브레인',58900),('3690','코리안리',8260),('3090','대웅',16600),('71840','롯데하이마트',40800),('18250','애경산업',36550),('23590','다우기술',21150),('30190','NICE평가정보',15600),('90435','아모레퍼시픽우',89200),('185750','종근당',90400),('192400','쿠쿠홀딩스',130500),('38540','상상인',19650),('69260','휴켐스',22300),('14680','한솔케미칼',80700),('2350','넥센타이어',9260),('20000','한섬',36450),('41510','에스엠',38350),('6040','동원산업',243000),('58470','리노공업',58600),('3520','영진약품',4860),('241590','화승엔터프라이즈',14400),('8060','대덕전자',11000),('1680','대상',24700),('178920','SKC코오롱PI',29050),('5610','SPC삼립',98300),('22100','포스코 ICT',5560),('79160','CJ CGV',39450),('250','삼천당제약',37300),('6650','대한유화',126500),('214370','케어젠',76500),('12630','HDC',13700),('32350','롯데관광개발',11850),('170900','동아에스티',96700),('35900','JYP Ent.',22950),('105630','한세실업',20350),('93370','후성',8620),('91700','파트론',14700),('115390','락앤락',14650),('85660','차바이오텍',15100),('34310','NICE',20800),('145720','덴티움',71100),('200130','콜마비앤에이치',26500),('140410','메지온',90300),('89590','제주항공',29100),('214150','클래시스',12300),('85620','미래에셋생명',4280),('67160','아프리카TV',64800),('52690','한전기술',19450),('9970','영원무역홀딩스',54200),('1120','LG상사',18950),('267270','현대건설기계',37250),('39030','이오테크닉스',59500),('278280','천보',73200),('33640','네패스',31600),('18670','SK가스',79000),('103140','풍산',25700),('66970','엘앤에프',28950),('218410','RFHIC',30550),('78070','유비쿼스홀딩스',38100),('112610','씨에스윈드',40400),('93050','LF',23850),('82640','동양생명',4305),('5180','빙그레',69700),('64760','티씨케이',58800),('96530','씨젠',26100),('1230','동국제강',7150),('36420','제이콘텐트리',4730),('115450','지트리비앤티',27800),('25540','한국단자',64700),('64960','S&T모티브',45950),('5290','동진쎄미켐',13000),('3540','대신증권',13150),('108320','실리콘웍스',40850),('267980','매일유업',84400),('27410','BGF',6850),('33290','코웰패션',7220),('69080','웹젠',18450),('5880','대한해운',26500),('70','삼양홀딩스',74600),('1430','세아베스틸',17800),('53800','안랩',63300),('285130','SK케미칼',53400),('79550','LIG넥스원',28300),('298020','효성티앤씨',143000),('3470','유안타증권',3075),('86450','동국제약',68900),('71320','지역난방공사',52800),('2270','롯데푸드',540000),('33660','아주캐피탈',10600),('4490','세방전지',43300),('1060','JW중외제약',29700),('39840','디오',38600),('990','DB하이텍',13450),('39200','오스코텍',21200),('640','동아쏘시오홀딩스',96500),('815','삼성화재우',184500),('83790','크리스탈',14500),('1440','대한전선',684),('286940','롯데정보통신',40700),('6840','AK홀딩스',43850),('42000','카페24',61300),('90460','비에이치',18000),('6390','한일현대시멘트',34050),('48410','현대바이오',16500),('141080','레고켐바이오',53600),('272450','진에어',18900),('145990','삼양사',54700),('00680K','미래에셋대우2우B',4020),('151910','나노스',5150),('29960','코엔텍',11200),('1630','종근당홀딩스',111000),('3620','쌍용차',3700),('1720','신영증권',59000),('34830','한국토지신탁',2190),('86520','에코프로',24950),('298050','효성첨단소재',122000),('112040','위메이드',32450),('122870','와이지엔터테인먼트',29850),('3850','보령제약',12200),('6120','SK디스커버리',28200),('39130','하나투어',46200),('4430','송원산업',22300),('108670','LG하우시스',59600),('6060','화승인더',9590),('23890','한국아트라스비엑스',57700),('9450','경동나비엔',41400),('37560','CJ헬로',6760),('82270','젬백스',14600),('19680','대교',6140),('3230','삼양식품',69000),('25860','남해화학',10450),('298000','효성화학',162500),('6730','서부T&D',9290),('2240','고려제강',25700),('66575','LG전자우',29850),('230360','에코마케팅',31600),('263050','유틸렉스',69800),('10050','우리종금',752),('78160','메디포스트',32450),('243070','휴온스',56400),('271980','제일약품',34400),('300720','한일시멘트',122000),('53210','스카이라이프',10500),('2210','동성제약',19200),('61970','엘비세미콘',11400),('200230','텔콘RF제약',6010),('7390','네이처셀',9300),('31390','녹십자셀',41100),('138080','오이솔루션',63400),('950160','코오롱티슈진',8010),('239610','에이치엘사이언스',95000),('13120','동원개발',5350),('24720','한국콜마홀딩스',27000),('272290','이녹스첨단소재',52200),('178320','서진시스템',26600),('7570','일양약품',25200),('210980','SK디앤디',25100),('2990','금호산업',13200),('5690','파미셀',7910),('29530','신도리코',47050),('183490','엔지켐생명과학',60300),('78130','국일제지',3900),('226320','잇츠한불',21550),('73070','에스모',5390),('97230','한진중공업',5660),('1820','삼화콘덴서',44800),('60980','한라홀딩스',44400),('92040','아미코젠',24150),('17810','풀무원',12100),('11280','태림포장',6480),('11160','두산건설',1410),('199800','툴젠',70000),('23410','유진기업',5870),('123890','한국자산신탁',4000),('60250','NHN한국사이버결제',19550),('215000','골프존',71000),('126560','현대에이치씨엔',3905),('950180','SNK',20900),('192650','드림텍',7530),('370','한화손해보험',3730),('249420','일동제약',19200),('182400','엔케이맥스',14000),('196170','알테오젠',31900),('48530','인트론바이오',14350),('97520','엠씨넥스',24200),('14830','유니드',47900),('1520','동양',1780),('43150','바텍',28350),('11690','유양디앤유',7200),('2960','한국쉘석유',322000),('5500','삼진제약',29750),('122900','아이마켓코리아',11500),('15350','부산가스',37550),('92730','네오팜',50100),('36540','SFA반도체',2895),('42700','한미반도체',7130),('84110','휴온스글로벌',37300),('45390','대아티아이',5720),('3530','한화투자증권',2360),('215200','메가스터디교육',34400),('298690','에어부산',7800),('122990','와이솔',16800),('7460','에이프로젠 KIC',2685),('72710','농심홀딩스',87300),('314130','지놈앤컴퍼니',49250),('3920','남양유업',557000),('35600','KG이니시스',14350),('94800','맵스리얼티1',4310),('2320','한진',33250),('65660','안트로젠',46000),('38500','삼표시멘트',3695),('47310','파워로직스',11500),('152330','코리아오토글라스',19700),('293480','하나제약',24300),('192440','슈피겐코리아',63200),('88800','에이스테크',10100),('88260','이리츠코크렙',6180),('213420','덕산네오룩스',16250),('268280','미원에스씨',74500),('214450','파마리서치프로덕트',40700),('950110','SBI핀테크솔루션즈',15700),('17940','E1',56300),('8490','서흥',33300),('1725','신영증권우',54500),('9290','광동제약',7280),('234080','JW생명과학',24000),('52020','에스티큐브',14050),('96760','JW홀딩스',5870),('229500','노브메타파마',42950),('33180','필룩스',5870),('4690','삼천리',92800),('17390','서울가스',75200),('179900','유티아이',23700),('228760','지노믹트리',18800),('60570','드림어스컴퍼니',6730),('237880','클리오',22100),('8350','남선알미늄',3395),('68240','다원시스',13950),('70960','용평리조트',7740),('33270','유나이티드제약',22950),('183190','아세아시멘트',95300),('30610','교보증권',10300),('49950','미래컴퍼니',45500),('138250','엔에스쇼핑',10950),('81000','일진다이아',32700),('51500','CJ프레시웨이',30800),('58650','세아홀딩스',91400),('41830','인바디',26600),('25900','동화기업',17900),('224760','엔에스컴퍼니',91500),('17960','한국카본',8180),('44340','위닉스',20050),('79430','현대리바트',17350),('99190','아이센스',25650),('213500','한솔제지',14800),('3800','에이스침대',31750),('480','조선내화',87700),('95720','웅진씽크빅',2610),('80160','모두투어',18500),('16800','퍼시스',30400),('2100','경농',16100),('67630','에이치엘비생명과학',7440),('32190','다우데이타',9090),('25770','한국정보통신',8930),('53580','웹케시',51200),('58820','CMG제약',3180),('2150','도화엔지니어링',10250),('5720','넥센',6430),('265520','AP시스템',24350),('2780','진흥기업',2360),('34120','SBS',18750),('255440','야스',26000),('293940','신한알파리츠',7110),('19170','신풍제약',6390),('80420','모다이노칩',4225),('144510','녹십자랩셀',31900),('9680','모토닉',10150),('267260','현대일렉트릭',16450),('1130','대한제분',197500),('16450','한세예스24홀딩스',8330),('155','두산우',74600),('2390','한독',23900),('1510','SK증권',694),('2310','아세아제지',36600),('108230','톱텍',8900),('35810','이지바이오',5650),('2620','제일파마홀딩스',20450),('15750','성우하이텍',4055),('7340','디티알오토모티브',32450),('95610','테스',16400),('8730','율촌화학',13050),('1880','삼호',21200),('31440','신세계푸드',83100),('123860','아나패스',31650),('281820','케이씨텍',16150),('16580','환인제약',17200),('3220','대원제약',16200),('100120','뷰웍스',31700),('30530','원익홀딩스',4095),('131970','테스나',46150),('38290','마크로젠',29800),('9580','무림P&P',5060),('3300','한일홀딩스',52400),('36930','주성엔지니어링',6510),('101060','SBS미디어홀딩스',2245),('16590','신대양제지',77800),('33920','무학',11000),('237690','에스티팜',16800),('00088K','한화3우B',13900),('217730','강스템바이오텍',14950),('970','한국주철관',13650),('74600','원익QnC',11800),('53030','바이넥스',9770),('65620','제낙스',13750),('95660','네오위즈',14100),('102710','이엔에프테크놀로지',21700),('52400','코나아이',19800),('174900','앱클론',42600),('115960','연우',24650),('400','롯데손해보험',2275),('41190','우리기술투자',3635),('78020','이베스트투자증권',5470),('10170','대한광통신',4110),('78520','에이블씨엔씨',11200),('1500','현대차증권',10300),('119860','다나와',23100),('34950','한국기업평가',66300),('89600','나스미디어',34350),('50890','쏠리드',5760),('41140','넥슨지티',8490),('14620','성광벤드',10500),('95270','웨이브일렉트로',27800),('5810','풍산홀딩스',38250),('208340','파멥신',43600),('60150','인선이엔티',7800),('32620','유비케어',5730),('74610','나노메딕스',9410),('11760','현대상사',22400),('78600','대주전자재료',20300),('91810','티웨이항공',6280),('251970','펌텍코리아',155900),('67990','도이치모터스',10400),('39560','다산네트웍스',9370),('268600','셀리버리',37200),('53950','경남제약',17200),('3560','IHQ',1970),('36630','세종텔레콤',479),('84680','이월드',3165),('298040','효성중공업',30650),('35890','서희건설',1380),('50','경방',10400),('2810','삼영무역',16150),('19210','와이지-원',9300),('104830','원익머트리얼즈',22500),('166090','하나머티리얼즈',14450),('67080','대화제약',15450),('18290','지엠피',10350),('71055','한국금융지주우',48000),('30520','한글과컴퓨터',12150),('67280','멀티캠퍼스',47250),('28100','동아지질',24350),('143240','사람인에이치알',24000),('25000','KPX케미칼',57500),('37710','광주신세계',173500),('104480','티케이케미칼',3050),('7690','국도화학',47700),('63570','한국전자금융',8060),('89980','상아프론테크',17950),('104700','한국철강',5940),('299660','셀리드',28450),('214180','민앤지',21400),('226950','올릭스',41550),('23160','태광',10200),('49070','인탑스',15600),('12610','경인양행',6640),('101530','해태제과식품',9200),('272550','삼양패키징',18700),('20','동화약품',9500),('119610','인터로조',23350),('430','대원강업',4270),('86820','바이오솔루션',33150),('214870','뉴지랩',10650),('4360','세방',13650),('159580','제로투세븐',13150),('243840','신흥에스이씨',40200),('540','흥국화재',4085),('84370','유진테크',11450),('102460','이연제약',15600),('102260','동성코퍼레이션',5750),('84690','대상홀딩스',7210),('7110','일신석재',3370),('36800','나이스정보통신',26100),('136480','하림',2980),('63080','게임빌',39150),('680','LS네트웍스',3275),('102940','코오롱생명과학',22600),('16250','이테크건설',92100),('6490','인스코비',2855),('7160','사조산업',51100),('4380','삼익THK',12150),('161000','애경유화',7960),('66700','테라젠이텍스',8240),('143160','아이디스',23700),('319660','피에스케이',17150),('140860','파크시스템스',38000),('87010','펩트론',16450),('229640','LS전선아시아',8230),('5070','코스모신소재',12750),('15360','예스코홀딩스',41750),('136490','선진',10500),('1940','KISCO홀딩스',13500),('78150','HB테크놀러지',3155),('10955','S-Oil우',61900),('67390','아스트',9690),('51370','인터플렉스',10650),('86390','유니테스트',11750),('9520','포스코엠텍',5950),('206640','바디텍메드',10550),('267850','아시아나IDT',22300),('950170','JTC',7070),('200670','휴메딕스',24800),('54950','제이브이엠',39000),('79980','휴비스',7150),('23900','풍국주정',19550),('13030','하이록코리아',18000),('42520','한스바이오메드',24700),('1200','유진투자증권',2520),('92230','KPX홀딩스',57700),('2030','아세아',111000),('228850','레이언스',14600),('13580','계룡건설',27100),('68400','AJ렌터카',10900),('3545','대신증권우',9270),('33500','동성화인텍',8900),('4700','조광피혁',36100),('3070','코오롱글로벌',9520),('11040','경동제약',8990),('3030','세아제강지주',57600),('54780','키이스트',2800),('4150','한솔홀딩스',5050),('3120','일성신약',89500),('36530','S&T홀딩스',14500),('110790','크리스에프앤씨',20050),('57500','SKC 솔믹스',3810),('293780','압타바이오',21450),('43610','지니뮤직',4010),('95570','AJ네트웍스',4975),('230240','에치에프알',19400),('3570','S&T중공업',6950),('220630','해마로푸드서비스',2440),('236200','슈프리마',32600),('82920','비츠로셀',10700),('140','하이트진로홀딩스',9920),('60280','큐렉소',6900),('183300','코미코',26200),('86980','쇼박스',3670),('5960','동부건설',11000),('214390','경보제약',9570),('52260','SK바이오랜드',15250),('176440','에이치엔티',15850),('5680','삼영전자',11400),('195870','해성디에스',13400),('1250','GS글로벌',2750),('284610','TS트릴리온',6020),('194370','제이에스코퍼레이션',16900),('4980','성신양회',9190),('3200','일신방직',93800),('18120','진로발효',29900),('2020','코오롱',17800),('121800','비덴트',7970),('90360','로보스타',22750),('2840','미원상사',44050),('4970','신라교역',13700),('92130','이크레더블',18200),('263920','블러썸엠앤씨',23100),('31330','에스에이엠티',2175),('1290','상상인증권',2260),('238090','앤디포스',5160),('26890','디피씨',5190),('67290','JW신약',5180),('194700','노바렉스',23900),('1270','부국증권',20750),('52330','코텍',13800),('7660','이수페타시스',5200),('65530','전파기지국',4050),('39440','에스티아이',13500),('215360','우리산업',23400),('14990','인디에프',3620),('45100','한양이엔지',11850),('23910','대한약품',35550),('128820','대성산업',4715),('35510','신세계 I&C',124000),('85370','루트로닉',8400),('131370','알서포트',3995),('4060','SG세계물산',1050),('7820','에스엠코어',10600),('36580','팜스코',5770),('64260','다날',3555),('201490','미투온',6750),('93230','이아이디',534),('109740','디에스케이',10350),('11810','STX',10650),('16610','DB금융투자',4920),('23770','플레이위드',53200),('7720','대명코퍼레이션',2070),('306200','세아제강',73500),('239340','줌인터넷',8770),('89030','테크윙',10750),('189300','인텔리안테크',28600),('241710','코스메카코리아',19300),('44490','태웅',10300),('9270','신원',2550),('203690','프로스테믹스',4510),('11930','신성이엔지',1185),('91120','이엠텍',12800),('95190','이엠코리아',5650),('36180','영인프런티어',11650),('97780','에스맥',926),('1530','DI동일',84400),('35150','백산',8420),('191420','테고사이언스',25200),('4960','한신공영',17600),('264450','유비쿼스',39700),('37460','삼지전자',12400),('72020','중앙백신',20300),('8700','아남전자',2615),('46440','KG모빌리언스',6720),('121440','골프존뉴딘홀딩스',4690),('36190','금화피에스시',33450),('52710','아모텍',20500),('217270','넵튠',9110),('16380','동부제철',7320),('64550','바이오니아',9020),('25320','시노펙스',2835),('214420','토니모리',11250),('260930','씨티케이코스메틱스',19550),('138690','엘아이에스',12400),('138490','코오롱플라스틱',5200),('245620','EDGC',5450),('53610','프로텍',19000),('222040','코스맥스엔비티',9500),('33240','자화전자',10900),('9160','SIMPAC',2980),('121600','나노신소재',17950),('1780','알루코',2610),('312610','에이에프더블류',19200),('84010','대한제강',7880),('29460','케이씨',14300),('123420','선데이토즈',20250),('136540','윈스',16000),('10600','웰바이오텍',4630),('220250','카이노스메드',14000),('60720','KH바텍',9120),('91090','세원셀론텍',3145),('5390','신성통상',1325),('17890','한국알콜',8790),('33110','코너스톤네트웍스',1645),('72520','제넨바이오',2805),('49960','쎌바이오텍',20100),('8040','사조동아원',1330),('68930','디지털대성',8300),('175250','아이큐어',29150),('93320','케이아이엔엑스',38150),('14470','부방',3930),('43370','평화정공',8820),('44820','코스맥스비티아이',19250),('2170','삼양통상',61600),('1790','대한제당',20900),('108790','인터파크',5570),('77500','유니퀘스트',6780),('700','유수홀딩스',7080),('5389','현대차3우B',75900),('54050','농우바이오',11450),('75580','세진중공업',4780),('282690','동아타이어',13350),('30790','동양네트웍스',1805),('251370','와이엠티',24650),('225570','넷게임즈',7590),('61040','알에프텍',8680),('67170','오텍',11800),('36890','진성티이씨',8070),('206650','유바이오로직스',6780),('33160','엠케이전자',8290),('122640','예스티',12800),('30210','KTB투자증권',2970),('5090','삼광글라스',36900),('5990','매일홀딩스',13050),('206560','덱스터',7240),('168490','한국패러랠',2230),('299900','위지윅스튜디오',19100),('100700','세운메디칼',4010),('12030','DB',871),('56700','신화인터텍',6010),('115180','큐리언트',20500),('108490','로보티즈',15550),('2795','아모레G우',27150),('18310','삼목에스폼',11900),('5420','코스모화학',10850),('59090','미코',5580),('33340','좋은사람들',5840),('60240','룽투코리아',7220),('5740','크라운해태홀딩스',11750),('3960','사조대림',19000),('5945','NH투자증권우',9180),('137940','넥스트아이',2240),('2450','삼익악기',1905),('299910','베스파',21450),('263720','디앤씨미디어',14250),('207760','미스터블루',7000),('131390','피앤이솔루션',12000),('180400','캔서롭',7740),('520','삼일제약',26300),('216050','인크로스',21200),('15890','태경산업',5840),('86890','이수앱지스',6410),('9460','한창제지',2855),('270870','뉴트리',18850),('125210','아모그린텍',10300),('232140','와이아이케이',2740),('89470','HDC현대EP',5300),('860','강남제비스코',26000),('52790','액토즈소프트',14900),('290120','대유에이피',15500),('74430','아미노로직스',1920),('30960','양지사',10550),('45970','코아시아',8350),('6620','동구바이오제약',17400),('54450','텔레칩스',12350),('40910','아이씨디',9880),('78000','텔코웨어',17150),('271400','알로이스',61000),('138580','비즈니스온',17400),('36030','KTH',4650),('58610','에스피지',7950),('77970','STX엔진',7200),('2460','화성산업',13300),('37070','파세코',11800),('215','대림산업우',43450),('97955','CJ제일제당 우',124000),('6380','카프로',4105),('54670','대한뉴팜',11400),('23600','삼보판지',10100),('39570','HDC아이콘트롤스',9920),('110990','디아이티',8620),('8970','동양철관',1365),('44450','KSS해운',6990),('12700','리드코프',6030),('14200','광림',3250),('217480','에스디생명공학',7190),('320','노루홀딩스',12100),('196490','디에이테크놀로지',3060),('302430','이노메트리',33300),('78890','가온미디어',10850),('73490','이노와이어리스',26700),('3555','LG우',48300),('68290','삼성출판사',16000),('100790','미래에셋벤처투자',5210),('111870','삼본전자',3110),('38880','아이에이',660),('27050','코리아나',3950),('11370','서한',1565),('290650','엘앤씨바이오',21500),('67830','세이브존I&C',3840),('65130','탑엔지니어링',9800),('226340','본느',5200),('214430','아이쓰리시스템',22000),('25620','제이준코스메틱',5890),('15860','일진홀딩스',3165),('83640','인콘',2250),('176560','포인트엔지니어링',25000),('111710','남화산업',7490),('90470','제이스텍',10550),('64240','홈캐스트',4770),('123690','한국화장품',9580),('203650','드림시큐리티',4295),('65650','메디프론',5200),('99320','쎄트렉아이',21050),('90350','노루페인트',7640),('1390','KG케미칼',12250),('7980','태평양물산',3050),('166480','코아스템',9680),('142760','바이오리더스',8580),('96775','SK이노베이션우',121500),('117580','대성에너지',5510),('21320','KCC건설',7080),('5160','동국산업',2790),('8290','원풍물산',3940),('251630','브이원텍',10050),('225530','보광산업',4215),('16100','리더스코스메틱',8310),('187420','제노포커스',6980),('36810','에프에스티',7420),('6220','제주은행',4660),('89970','에이피티씨',6440),('122450','KMH',6600),('190510','나무가',43500),('900140','엘브이엠씨홀딩스',2920),('73560','우리손에프앤지',2155),('100130','동국S&C',2605),('153710','옵티팜',10350),('13570','디와이',5650),('24810','이화전기',247),('241770','메카로',14750),('7210','벽산',2160),('289010','아이스크림에듀',11700),('71200','인피니트헬스케어',6050),('4890','동일산업',60800),('267290','경동도시가스',31250),('27740','마니커',930),('49180','셀루메드',7140),('200880','서연이화',5430),('69110','코스온',7840),('38390','레드캡투어',17050),('171120','라이온켐텍',7960),('67370','선바이오',19050),('4710','한솔테크닉스',6600),('4310','현대약품',4555),('4870','티웨이홀딩스',1900),('96240','청담러닝',18950),('100590','머큐리',9850),('115160','휴맥스',6080),('60310','3S',3245),('210540','디와이파워',13150),('307930','컴퍼니케이',9300),('4250','NPC',3950),('143210','핸즈코퍼레이션',6630),('1460','BYC',232000),('67900','와이엔텍',7950),('89010','켐트로닉스',10400),('36200','유니셈',4715),('63160','종근당바이오',27600),('241690','유니테크노',12100),('2700','신일산업',2030),('5950','이수화학',9440),('82210','옵트론텍',6390),('6405','삼성SDI우',89100),('290670','대보마그네틱',44500),('3460','유화증권',12650),('48550','SM C&C',1525),('4270','남성',3955),('53980','오상자이엘',8060),('131030','디에이치피코리아',8600),('94480','갤럭시아컴즈',3630),('200780','비씨월드제약',17700),('58400','KNN',1070),('54620','APS홀딩스',6930),('54800','아이디스홀딩스',13650),('100250','진양홀딩스',2525),('225190','삼양옵틱스',14000),('37950','엘컴텍',1670),('390','삼화페인트',5330),('230','일동홀딩스',12800),('3830','대한화섬',106000),('101490','에스앤에스텍',7130),('144960','뉴파워프라즈마',17050),('1360','삼성제약',2400),('20760','일진디스플',4965),('890','보해양조',1230),('24090','디씨엠',12000),('5430','한국공항',44250),('39830','오로라',13000),('900100','뉴프라이드',1515),('7680','대원',12650),('102280','쌍방울',1080),('222080','씨아이에스',2595),('14790','한라',3570),('123040','엠에스오토텍',4450),('1540','안국약품',10550),('101330','모베이스',5740),('13520','화승알앤에이',2125),('490','대동공업',5780),('60230','이그잭스',1920),('11320','유니크',7090),('126700','하이비젼시스템',9130),('180','성창기업지주',1955),('248170','샘표식품',29850),('17900','광전자',2350),('3650','미창석유',78200),('900250','크리스탈신소재',2000),('35000','지투알',8180),('290720','푸드나무',19850),('4560','현대비앤지스틸',8950),('45520','크린앤사이언스',20750),('204620','글로벌텍스프리',3620),('69510','에스텍',12350),('66980','브레인콘텐츠',849),('54210','이랜텍',6390),('161580','필옵틱스',7760),('92220','KEC',1150),('35080','인터파크홀딩스',2290),('2360','SH에너지화학',1205),('141000','비아트론',11000),('36560','영풍정밀',8450),('130580','나이스디앤비',8640),('27360','아주IB투자',1120),('11390','부산산업',125500),('11330','유니켐',2070),('900290','GRT',1960),('151860','KG ETS',3660),('35620','바른손이앤에이',1865),('15710','코콤',7500),('234920','자이글',9700),('27390','한화갤러리아타임월드',21850),('3160','디아이',4155),('179290','엠아이텍',4300),('46140','SBS콘텐츠허브',6090),('65560','녹원씨엔아이',8390),('101000','상상인인더스트리',3125),('1260','남광토건',13250),('50110','캠시스',2165),('4200','고려개발',4245),('222800','심텍',5660),('34590','인천도시가스',29400),('263770','유에스티',5420),('14160','대영포장',1185),('79370','제우스',12350),('4650','창해에탄올',13950),('32790','엠젠플러스',7580),('73110','엘엠에스',14400),('100090','삼강엠앤티',4650),('3350','한국화장품제조',28200),('40350','큐로컴',1165),('7330','푸른저축은행',8470),('72870','메가스터디',10700),('1340','백광산업',2835),('2760','보락',2125),('46210','파나진',3950),('56080','유진로봇',3380),('92440','기신정기',4340),('89890','코세스',7520),('9200','무림페이퍼',3040),('149950','아바텍',8100),('277880','티에스아이',16200),('65060','지엔코',1285),('91580','상신이디피',9940),('63170','서울옥션',7440),('60590','씨티씨바이오',6500),('4440','대림씨엔에스',9850),('144620','코오롱머티리얼',1825),('39340','한국경제TV',5440),('16710','대성홀딩스',7770),('214270','퓨쳐스트림네트웍스',1395),('900300','오가닉티코스메틱',2185),('10960','삼호개발',4975),('126870','뉴로스',5490),('289080','SV인베스트먼트',2330),('95340','ISC',8770),('108380','대양전기공업',12950),('38680','에스넷',7700),('65710','서호전기',24000),('152550','한국ANKOR유전',1765),('5710','대원산업',6160),('19440','세아특수강',14400),('77360','덕산하이메탈',5420),('87730','네패스신소재',7000),('101140','비티원',3650),('290380','대유',13550),('160550','NEW',4395),('39860','나노엔텍',4655),('68790','DMS',5310),('19550','SBI인베스트먼트',754),('138360','에이씨티',4480),('42420','네오위즈홀딩스',13750),('10040','한국내화',5320),('109960','에이프로젠 H&G',680),('14530','극동유화',3475),('17180','명문제약',4935),('227840','현대코퍼레이션홀딩스',13300),('228340','동양파일',6040),('238490','힘스',21300),('53280','예스24',7000),('13990','아가방컴퍼니',3660),('12800','대창',1320),('82800','루미마이크로',1615),('7810','코리아써키트',5090),('20710','시공테크',5990),('34300','신세계건설',30000),('200710','에이디테크놀로지',12950),('109610','에스와이',4795),('1045','CJ우',52800),('47400','유니온머티리얼',2840),('16090','대현',2690),('38160','팍스넷',10750),('89140','넥스턴',10050),('227610','아우딘퓨쳐스',11900),('71460','대유위니아',3300),('100840','S&TC',15800),('23760','한국캐피탈',705),('35610','솔본',4330),('225330','씨엠에스에듀',6340),('42370','비츠로테크',5280),('117670','알파홀딩스',8270),('23000','삼원강재',2950),('264900','크라운제과',9420),('5110','한창',3390),('13870','지엠비코리아',6180),('309900','티티씨디펜스',11750),('34940','조아제약',4150),('52420','오성첨단소재',2100),('33530','세종공업',5200),('36670','KCI',10400),('214330','금호에이치티',5090),('288620','에스퓨얼셀',20400),('2630','오리엔트바이오',512),('86960','한컴MDS',13250),('53300','한국정보인증',3750),('12690','모나리자',3195),('1550','조비',22500),('103590','일진전기',3150),('9780','엠에스씨',6630),('40420','정상제이엘에스',7430),('32560','황금에스티',8320),('12160','영흥철강',1355),('4840','DRB동일',5830),('79940','가비아',8580),('65510','휴비츠',9750),('94280','효성ITX',10000),('22220','정산애강',2230),('7540','샘표',40150),('69460','대호에이엘',4245),('3100','선광',17450),('33100','제룡전기',7150),('82740','HSD엔진',3480),('3060','에이프로젠제약',1060),('100030','모바일리더',34750),('155650','와이엠씨',5710),('130660','한전산업',3495),('02826K','삼성물산우B',69900),('101160','월덱스',6880),('9155','삼성전기우',39050),('1140','국보',6740),('1840','이화공영',5720),('185490','아이진',10250),('215100','로보로보',6350),('51360','토비스',6760),('263540','샘코',14100),('12200','계양전기',3465),('53690','한미글로벌',10300),('2900','동양물산',1725),('255220','SG',9000),('66620','국보디자인',15000),('168330','내츄럴엔도텍',5440),('127160','매직마이크로',1880),('219420','링크제니시스',11200),('93190','빅솔론',5820),('14280','금강공업',4610),('16880','웅진',1505),('73570','WI',8020),('197210','리드',6230),('47770','코데즈컴바인',2930),('78590','두올산업',2100),('10820','퍼스텍',2370),('187220','디티앤씨',10100),('26180','현대정보기술',1855),('173940','에프엔씨엔터',7670),('14580','백광소재',3990),('102120','어보브반도체',6300),('96630','에스코넥',1685),('100220','비상교육',8460),('17370','우신시스템',5990),('48870','시너지이노베이션',1755),('49520','유아이엘',5030),('25750','한솔홈데코',1360),('99750','이지케어텍',17150),('91970','나노캠텍',4780),('43090','팜스웰바이오',3760),('89230','THE E&M',1035),('60560','홈센타홀딩스',1280),('47820','초록뱀',1425),('238200','비피도',26600),('67000','조이시티',9230),('1070','대한방직',20500),('9300','삼아제약',17050),('241790','오션브릿지',11400),('11785','금호석유우',35900),('246710','티앤알바이오팹',13000),('58430','포스코강판',18000),('5800','신영와코루',120000),('19010','베뉴지',2240),('88910','동우팜투테이블',4175),('52860','아이앤씨',6170),('36000','예림당',4675),('46120','오르비텍',4525),('2880','대유에이텍',1005),('25560','미래산업',169),('33830','티비씨',1070),('6580','대양제지',3980),('91590','남화토건',9100),('18000','유니슨',1140),('950140','잉글우드랩',5370),('34810','해성산업',10900),('5870','휴니드',7540),('65150','MP그룹',1315),('17040','광명전기',2450),('14710','사조씨푸드',6150),('93920','서원인텍',5690),('9320','대우부품',2205),('205100','엑셈',3095),('83310','엘오티베큠',7880),('71970','STX중공업',3720),('120240','대정화금',14700),('211270','AP위성',6950),('2800','신신제약',6870),('126880','제이엔케이히터',5080),('120030','조선선재',82700),('26040','제이에스티나',6300),('650','천일고속',72600),('16790','현대사료',16850),('65170','넥스트BT',1670),('15590','큐로',818),('42510','라온시큐어',3245),('7860','서연',4395),('170920','엘티씨',13700),('75180','새론오토모티브',5360),('69410','엔텔스',14900),('195990','유지인트',928),('32820','우리기술',1070),('1470','삼부토건',825),('83930','아바코',6380),('111110','호전실업',12750),('58730','다스코',6620),('234300','에스트래픽',8550),('3080','성보화학',5080),('67310','하나마이크론',4005),('9810','엔케이물산',1210),('69920','아이에스이커머스',3960),('55490','테이팩스',21400),('33130','디지틀조선',2720),('53350','이니텍',5080),('38460','바이오스마트',5030),('104200','NHN벅스',6760),('94170','동운아나텍',7360),('267790','배럴',12900),('234070','에이원알폼',28300),('85310','엔케이',1245),('3480','한진중공업홀딩스',3370),('105840','우진',5260),('221840','하이즈항공',5620),('66590','우수AMS',4020),('192250','케이사인',1535),('215790','이노인스트루먼트',4890),('850','화천기공',45050),('6910','보성파워텍',2160),('14100','보령메디앙스',8390),('64800','필링크',1545),('11560','세보엠이씨',9390),('4450','삼화왕관',45800),('94850','참좋은여행',7040),('118990','모트렉스',3615),('253840','수젠텍',7620),('107590','미원홀딩스',42200),('1570','금양',2230),('242040','나무기술',3370),('79970','투비소프트',3705),('6980','우성사료',3170),('140610','엔솔바이오사이언스',11350),('2600','조흥',163000),('7590','동방아그로',7180),('194480','데브시스터즈',8720),('88130','동아엘텍',8950),('33320','제이씨현시스템',5110),('80220','제주반도체',3410),('950130','엑세스바이오',3600),('48910','대원미디어',7730),('35290','더블유에프엠',4060),('53700','삼보모터스',6090),('31820','콤텍시스템',2030),('41440','에버다임',5420),('217600','켐온',1520),('51160','지어소프트',6630),('9070','KCTC',3220),('216280','원텍',23900),('131100','리켐',3570),('119830','아이텍',15000),('263700','케어랩스',15000),('217620','디딤',2600),('24060','흥구석유',6400),('4080','신흥',10000),('140070','서플러스글로벌',2585),('49480','오픈베이스',3040),('21080','에이티넘인베스트',1990),('1750','한양증권',7500),('3580','넥스트사이언스',4060),('73640','삼원테크',1720),('38060','루멘스',2015),('290740','액트로',9510),('23800','인지컨트롤스',6280),('260660','알리코제약',9900),('4540','깨끗한나라',2550),('8250','이건산업',8660),('9470','삼화전기',14300),('224060','코디엠',647),('27710','팜스토리',1070),('19660','글로본',3250),('200470','하이셈',5380),('191600','티케이씨',36300),('226360','이엑스티',3490),('133820','화인베스틸',3190),('258830','세종메디칼',13900),('900260','로스웰',1035),('101240','씨큐브',11650),('40','KR모터스',495),('3610','방림',2215),('16600','큐캐피탈',669),('94820','일진파워',6210),('23450','동남합성',25850),('174880','장원테크',3095),('12320','경동인베스트',39500),('41930','동아화성',5910),('86080','다이노나',6080),('300','대유플러스',889),('49630','재영솔루텍',1280),('9190','대양금속',7550),('5010','휴스틸',12200),('106190','하이텍팜',13100),('1380','SG충방',2065),('58850','KTcs',2175),('4770','써니전자',3020),('11150','CJ씨푸드',2575),('14970','삼륭물산',6110),('2300','한국제지',18450),('90850','이지웰페어',8470),('87260','모바일어플라이언스',6150),('38340','UCI',6210),('9440','KC그린홀딩스',4110),('92460','한라IMS',7840),('11000','진원생명과학',4340),('86040','바이오톡스텍',6300),('10690','화신',2625),('16740','두올',3385),('220260','켐트로스',3805),('96690','제이스테판',2525),('180060','탑선',11400),('263600','덕우전자',11250),('5190','동성화학',17100),('49080','기가레인',1745),('139670','키네마스터',13000),('61250','화일약품',6320),('78140','대봉엘에스',8200),('41460','한국전자인증',4235),('24950','삼천리자전거',6830),('27040','서울전자통신',1300),('33170','시그네틱스',1055),('79960','동양이엔피',11500),('104620','노랑풍선',18950),('64090','에프앤리퍼블릭',1395),('100660','서암기계공업',7140),('148250','알엔투테크놀로지',13150),('327610','펨토바이오메드',16450),('150840','인트로메딕',4095),('182360','큐브엔터',3375),('134790','시디즈',44800),('65680','우주일렉트로',8990),('6340','대원전선',1310),('94940','푸른기술',13550),('134380','미원화학',40650),('193250','와이제이엠게임즈',1950),('90710','휴림로봇',1085),('80720','한국유니온제약',15050),('160980','싸이맥스',8400),('36120','SCI평가정보',2500),('90370','메타랩스',1695),('72470','우리산업홀딩스',4690),('142280','녹십자엠에스',9200),('308100','까스텔바쟉',13400),('79190','EMW',2780),('222420','쎄노텍',2200),('900310','컬러레이',1635),('257370','명성티엔에스',13850),('122350','삼기오토모티브',2845),('145210','세화아이엠씨',2990),('214680','디알텍',1810),('131290','티에스이',7940),('198440','고려시멘트',2745),('37330','인지디스플레',2465),('19685','대교우B',4510),('80000','에스엔유',2550),('65950','웰크론',3220),('149980','하이로닉',6190),('47560','이스트소프트',8810),('263690','디알젬',7700),('99440','스맥',3150),('71670','에이테크솔루션',8710),('17550','수산중공업',1610),('250060','모비스',2700),('122310','제노레이',18950),('140670','알에스오토메이션',9500),('163560','동일고무벨트',6470),('105740','디케이락',10450),('229000','젠큐릭스',16000),('95500','미래나노텍',3700),('25440','대성엘텍',862),('43200','파루',2460),('47080','한빛소프트',3465),('46070','코다코',2195),('176750','듀켐바이오',9660),('3547','대신증권2우B',8550),('9730','코센',1390),('43290','케이맥',11900),('285490','노바텍',18350),('21820','세원정공',8490),('900270','헝셩그룹',1060),('42040','케이피엠테크',917),('222110','팬젠',8780),('259630','엠플러스',16550),('41650','상신브레이크',3940),('214610','미코바이오메드',7350),('39010','현대통신',9740),('2200','수출포장',21000),('104460','동양피엔에프',7840),('26150','특수건설',5600),('33540','파라텍',4930),('39610','화성밸브',8040),('4780','대륙제관',5260),('220100','퓨쳐켐',14550),('57540','옴니시스템',2055),('108860','셀바스AI',3780),('41910','에스텍파마',6970),('57880','필로시스헬스케어',2080),('90740','연이정보통신',5170),('66130','하츠',6460),('4910','조광페인트',6440),('83660','CSA 코스믹',4170),('56360','코위버',8400),('196450','디오스텍',662),('6660','삼성공조',10100),('84730','팅크웨어',7870),('24800','유성티엔에스',3015),('9770','삼정펄프',32800),('40300','YTN',1950),('21040','대호피앤씨',1120),('10240','흥국',6640),('109860','동일금속',11650),('58630','엠게임',4170),('14190','원익큐브',2300),('137400','피엔티',4590),('2230','피에스텍',4135),('119650','KC코트렐',6250),('78940','코드네이처',1490),('58860','KTis',2330),('102210','해덕파워웨이',1100),('43340','에쎈테크',1125),('67570','엔브이에이치코리아',2820),('24880','케이피에프',4650),('44480','바이오제네틱스',6580),('92070','디엔에프',7490),('137950','제이씨케미칼',3770),('03473K','SK우',142000),('53620','태양',9330),('17510','세명전기',5260),('126600','코프라',3795),('187870','디바이스이엔지',11800),('2920','유성기업',3080),('65350','신성델타테크',3305),('112240','에스에프씨',1815),('114810','아이원스',5950),('217500','러셀',2500),('2720','국제약품',4320),('105550','트루윈',7190),('44960','이글벳',6280),('4720','우리들제약',6860),('900280','골든센츄리',849),('66430','와이오엠',6500),('36260','이매진아시아',2220),('10660','화천기계',3600),('8260','NI스틸',2765),('15230','대창단조',39500),('14130','한익스프레스',6570),('500','가온전선',18950),('53450','세코닉스',6670),('124500','아이티센',4860),('2140','고려산업',3155),('66110','한프',1490),('302550','리메드',15100),('204840','지엘팜텍',2190),('13360','일성건설',1450),('225650','쿠첸',7330),('53590','한국테크놀로지',1100),('68330','일신바이오',1770),('203400','에이비온',6290),('36090','위지트',1070),('150440','피노텍',8120),('18620','우진비앤지',2990),('204630','화이브라더스코리아',2710),('246720','아스타',6750),('37350','성도이엔지',4995),('40610','SG&G',2260),('14440','영보화학',3850),('1080','만호제강',18550),('31310','아이즈비전',4880),('155660','DSR',4805),('60370','KT서브마린',3510),('290660','네오펙트',6440),('69540','라이트론',5420),('157','두산2우B',77900),('66310','큐에스아이',9270),('78650','코렌',1875),('114120','크루셜텍',1165),('26940','부국철강',3820),('32850','비트컴퓨터',4595),('36170','씨티젠',2355),('50120','라이브플렉스',893),('6740','영풍제지',3430),('14570','고려제약',6900),('13310','아진산업',2500),('50540','한국코퍼레이션',1950),('129260','인터지스',2540),('156100','엘앤케이바이오',7010),('5860','한일사료',1915),('76610','해성옵틱스',2660),('94840','슈프리마에이치큐',7200),('900340','윙입푸드',1865),('66670','디스플레이텍',4030),('5750','대림B&Co',4510),('45660','에이텍',9100),('38530','골드퍼시픽',2270),('84670','동양고속',25900),('30350','드래곤플라이',4670),('50860','아세아텍',4270),('123570','이엠넷',3345),('910','유니온',4765),('12790','신일제약',9410),('9310','참엔지니어링',1475),('63440','SM Life Design',1650),('10400','우진아이엔에스',9740),('48470','대동스틸',7420),('11090','에넥스',1235),('5360','모나미',3920),('123410','코리아에프티',2660),('19180','티에이치엔',4110),('305090','마이크로디지탈',20350),('83420','그린케미칼',3690),('4090','한국석유',112500),('37370','EG',9810),('134780','화진',3060),('80010','이상네트웍스',8150),('6090','사조오양',7780),('7630','폴루스바이오팜',1875),('49550','잉크테크',4570),('49720','고려신용정보',5110),('37270','YG PLUS',1255),('50320','에이앤티앤',3220),('215380','우정바이오',2905),('131400','액트',4200),('51630','진양화학',6050),('64510','에코마이스터',5730),('93520','매커스',4480),('79950','인베니아',3120),('226610','한국비엔씨',12000),('66900','디에이피',3180),('205500','액션스퀘어',2730),('1020','페이퍼코리아',804),('590','CS홀딩스',62600),('241820','피씨엘',8080),('171090','선익시스템',8020),('58220','아리온',796),('69640','한세엠케이',5580),('65940','바이오빌',1635),('40160','누리텔레콤',5950),('73010','케이에스피',1980),('66410','버킷스튜디오',3055),('6140','피제이전자',4775),('219750','지티지웰니스',11450),('78860','아이오케이',1800),('84870','TBH글로벌',3425),('60480','국일신동',6420),('94360','칩스앤미디어',9600),('220','유유제약',11150),('84180','수성',5820),('41590','에너전트',1500),('38070','서린바이오',9700),('6370','대구백화점',6530),('97870','효성오앤비',8320),('50760','에스폴리텍',4315),('46390','삼화네트웍스',1635),('17650','대림제지',1560),('43710','서울리거',2375),('115310','인포바인',21950),('119850','지엔씨에너지',4300),('46940','우원개발',4070),('19590','엠벤처투자',1160),('69730','DSR제강',4840),('214310','세미콘라이트',1045),('92200','디아이씨',2905),('42940','상지카일룸',1680),('83550','케이엠',6850),('39020','이건홀딩스',3075),('6880','신송홀딩스',5860),('12280','영화금속',1520),('114450','KPX생명과학',4595),('1560','제일연마',6890),('208640','썸에이지',903),('65450','빅텍',2810),('208350','지란지교시큐리티',1770),('46970','우리로',2775),('49430','코메론',7600),('101400','엔시트론',584),('206400','엔터메이트',824),('290550','디케이티',8340),('148140','비디아이',8650),('226440','한송네오텍',1730),('43650','국순당',3835),('24890','대원화성',1660),('7610','선도전기',3800),('27830','대성창투',1710),('160600','에스엔텍',5730),('32940','원익',3810),('31510','오스템',2625),('39420','케이엘넷',2825),('10770','평화홀딩스',4660),('42110','에스씨디',1410),('33430','디에스티',1215),('234100','세원',3040),('110020','전진바이오팜',14350),('53110','소리바다',1125),('56730','포스링크',1460),('17480','삼현철강',4285),('24120','KB오토시스',5850),('241520','DSC인베스트먼트',3730),('4590','한국가구',4480),('35480','제이테크놀로지',1475),('4410','서울식품',199),('39230','에이아이비트',841),('53660','현진소재',2800),('54930','유신',22350),('48430','유라테크',5820),('6805','미래에셋대우우',4750),('66360','체리부로',2395),('41520','이라이콤',5450),('86670','비엠티',8150),('233250','메디안디노스틱',38000),('277070','린드먼아시아',4910),('25550','한국선재',2700),('189980','흥국에프엔비',9010),('78935','GS우',37050),('8600','윌비스',1160),('147830','제룡산업',6610),('90410','덕신하우징',1650),('92780','동양피스톤',5010),('36480','대성미생물',17350),('25820','이구산업',1970),('53260','금강철강',3515),('79650','서산',3290),('8870','금비',65700),('68940','아이씨케이',2105),('11500','한농화성',4195),('2820','선창산업',5200),('71280','로체시스템즈',4280),('54180','중앙오션',2420),('33560','블루콤',3605),('900040','차이나그레이트',518),('263800','데이타솔루션',4140),('138610','나이벡',6570),('83650','비에이치아이',2500),('154030','아시아종묘',7050),('3010','혜인',5110),('39980','리노스',1640),('117730','티로보틱스',12000),('109820','진매트릭스',3645),('56090','유앤아이',8340),('204020','엠코르셋',6400),('131090','시큐브',1695),('109070','컨버즈',3260),('4140','동방',1915),('64290','인텍플러스',5800),('33310','디케이디앤아이',2915),('6890','태경화학',5510),('6570','대림통상',4190),('39310','세중',3520),('4830','덕성',4065),('72770','네오디안테크놀로지',1770),('41920','메디아나',7350),('18470','조일알미늄',912),('81150','티플랙스',2610),('48770','TPC',4905),('36010','아비코전자',4760),('96610','알에프세미',7790),('80520','오디텍',5380),('204990','현성바이탈',1995),('33200','모아텍',4405),('252500','세화피앤씨',3040),('264660','씨앤지하이테크',7490),('59210','메타바이오메드',2630),('32680','소프트센',1910),('118000','우리들휴브레인',2580),('217330','싸이토젠',11100),('8420','문배철강',3050),('142210','유니트론텍',6290),('225430','케이엠제약',2920),('123840','한일진공',1110),('52900','KMH하이텍',1330),('171010','램테크놀러지',5440),('303360','프로테옴텍',14300),('42500','링네트',4170),('57030','와이비엠넷',3815),('114570','지스마트글로벌',655),('32980','바이온',1300),('38870','에코바이오',5320),('21050','서원',1300),('97800','윈팩',1710),('75970','동국알앤에스',3340),('220180','핸디소프트',3965),('39290','인포뱅크',7040),('96350','대창솔루션',564),('52670','제일바이오',4070),('37440','희림',4380),('218150','미래생명자원',3250),('128660','피제이메탈',2445),('90080','평화산업',1620),('72990','에이치시티',8820),('16670','포비스티앤씨',1510),('106240','파인테크닉스',1605),('11700','한신기계',1860),('131180','딜리',2050),('140520','대창스틸',3000),('36690','코맥스',4120),('91340','S&K폴리텍',5120),('63760','이엘피',12200),('213090','미래테크놀로지',9780),('88390','이녹스',6400),('147760','마이크로프랜드',5520),('23440','제일제강',2025),('10470','오리콤',5190),('51490','나라엠앤디',4200),('208860','엔지스테크널러지',6080),('5305','롯데칠성우',76800),('99220','SDN',1400),('37760','쎄니트',1755),('20120','키다리스튜디오',3740),('215090','리퓨어유니맥스',3010),('184230','SGA솔루션즈',1610),('59120','아진엑스텍',8500),('208140','정다운',2875),('258250','셀젠텍',15250),('80470','성창오토텍',8080),('24840','KBI메탈',1790),('1810','무림SP',2660),('96040','이트론',245),('5670','푸드웰',7340),('13700','까뮤이앤씨',1300),('115500','케이씨에스',4890),('65770','CS',3110),('101730','조이맥스',6880),('54300','팬스타엔터프라이즈',1230),('44060','조광ILI',5890),('208710','바이오로그디바이스',2075),('36710','심텍홀딩스',1620),('19540','일지테크',4275),('95910','에스에너지',4315),('24830','세원물산',6900),('49830','승일',9390),('120115','코오롱인더우',20800),('1620','케이비아이동국실업',871),('37230','한국팩키지',2295),('54920','한컴시큐어',3050),('68050','팬엔터테인먼트',4165),('46110','한일네트웍스',4775),('8800','스튜디오썸머',1770),('83500','에프엔에스테크',7680),('94190','이엘케이',787),('3280','흥아해운',583),('47920','씨트리',4100),('18680','서울제약',6690),('1275','부국증권우',18900),('33230','인성정보',2950),('10100','한국프랜지',1855),('196300','애니젠',11250),('52220','iMBC',2450),('219550','MP한강',991),('54090','삼진엘앤디',2255),('64820','케이프',2200),('263810','상신전자',5910),('104540','코렌텍',5630),('93240','형지엘리트',1795),('6920','모헨즈',5120),('17250','인터엠',2655),('900080','에스앤씨엔진그룹',451),('23460','CNH',1500),('60540','에스에이티',2135),('65500','오리엔트정공',476),('83450','GST',5980),('253590','네오셈',1545),('127710','아시아경제',2175),('52190','이에스에이',1930),('75130','플랜티넷',6160),('52300','W홀딩컴퍼니',417),('39670','한류타임즈',917),('45060','오공',3240),('51980','센트럴바이오',1225),('115440','우리넷',8580),('96300','베트남개발1',422),('45890','GV',1890),('123700','SJM',3480),('246960','이노테라피',10700),('81580','성우전자',3480),('92300','현우산업',3760),('45510','정원엔시스',1670),('11420','갤럭시아에스엠',1950),('84650','랩지노믹스',5900),('71850','캐스텍코리아',3240),('92870','엑시콘',6040),('13000','세우글로벌',1860),('42600','새로닉스',4295),('49120','파인디앤씨',2050),('89850','유비벨록스',7490),('2710','TCC스틸',2385),('260870','시그넷이브이',11200),('138070','신진에스엠',5930),('265560','영화테크',9950),('32750','삼진',8850),('32800','판타지오',729),('222980','한국맥널티',10650),('58530','슈펙스비앤피',825),('72130','유엔젤',4000),('7280','한국특수형강',1630),('187790','나노',2040),('50090','휘닉스소재',759),('101390','아이엠',1240),('8110','대동전자',4980),('3310','대주산업',1475),('104040','대성파인텍',1665),('66910','손오공',2380),('82850','우리바이오',1160),('37030','파워넷',4335),('207490','에이펙스인텍',14400),('25950','동신건설',6160),('54940','엑사이엔씨',1555),('6110','삼아알미늄',4680),('221980','케이디켐',12750),('126340','비나텍',12400),('101170','우림기계',3805),('43220','에이치엘비파워',836),('51380','피씨디렉트',6320),('10280','쌍용정보통신',1265),('1000','신라섬유',2105),('59100','아이컴포넌트',7180),('41020','인프라웨어',1355),('230980','솔트웍스',4010),('96640','멜파스',2270),('00499K','롯데지주우',51100),('114630','우노앤컴퍼니',3715),('92600','앤씨앤',3720),('105','유한양행우',210500),('54630','에이디칩스',1840),('228180','티씨엠생명과학',23900),('275630','에스에스알',8530),('87600','픽셀플러스',6040),('170030','현대공업',3215),('67920','이글루시큐리티',4485),('256940','케이피에스',11500),('33250','체시스',2050),('85670','뉴프렉스',2325),('85810','알티캐스트',2315),('5320','국동',1780),('215480','토박스코리아',1200),('88790','진도',3935),('2870','신풍제지',1400),('263860','지니언스',5170),('217820','엔에스',9960),('27580','상보',1540),('139050','데일리블록체인',1085),('189690','포시에스',6470),('31980','피에스케이홀딩스',8730),('10580','지코',840),('128540','에코캡',3330),('9620','삼보산업',2350),('12860','서연전자',1795),('760','이화산업',17300),('154040','솔루에타',3870),('49470','SGA',998),('43910','자연과환경',1420),('23350','한국종합기술',4375),('141020','포티스',910),('25530','SJM홀딩스',3200),('217950','파마리서치바이오',11800),('8370','원풍',3975),('65570','삼영이엔씨',5420),('28080','휴맥스홀딩스',3785),('71950','코아스',1540),('14910','성문전자',2440),('133750','메가엠디',2125),('237750','피앤씨테크',7300),('23150','MH에탄올',6420),('13810','스페코',3230),('44380','주연테크',443),('2220','한일철강',2115),('106520','디지탈옵틱',677),('60900','퍼시픽바이오',889),('32960','동일기연',14350),('24740','한일단조',1575),('20180','대신정보통신',1225),('3780','진양산업',3620),('121890','에스디시스템',5190),('2680','한탑',2255),('205470','휴마시스',1670),('269620','시스웍',2600),('123330','제닉',6680),('177830','파버나인',4315),('39240','경남스틸',1870),('73540','에프알텍',4100),('57680','옴니텔',1385),('53050','지에스이',1555),('101930','인화정공',4985),('2070','남영비비안',6770),('86250','화신테크',3425),('159910','스킨앤스킨',401),('111820','지와이커머스',2250),('24900','덕양산업',1420),('246690','TS인베스트먼트',2060),('7370','진양제약',3845),('203450','유니온커뮤니티',3140),('53290','NE능률',3410),('38620','위즈코프',1185),('7120','미래아이앤지',355),('131760','파인텍',1070),('224110','에이텍티앤',8600),('277410','인산가',1740),('250000','보라티알',6790),('238120','로고스바이오',12750),('181340','이즈미디어',6500),('32540','TJ미디어',3270),('8470','부스타',5420),('78350','한양디지텍',4540),('50960','수산아이앤티',6710),('54540','삼영엠텍',3475),('155900','바다로19호',2970),('136510','쎄미시스코',8360),('122690','서진오토모티브',2310),('65690','파커스',3220),('86060','진바이오텍',5220),('150900','파수닷컴',4680),('94970','제이엠티',2675),('85910','네오티스',4060),('143540','영우디에스피',1480),('62860','티엘아이',4525),('3465','유화증권우',12750),('76080','웰크론한텍',2275),('123010','옵토팩',8540),('21650','한국큐빅',2710),('71090','하이스틸',22000),('170790','파이오링크',6400),('263020','디케이앤디',5650),('49800','우진플라임',4355),('14940','오리엔탈정공',954),('6050','국영지앤엠',1245),('2410','범양건영',1745),('127120','디엔에이링크',3770),('52460','아이크래프트',2955),('19570','제미니투자',816),('192390','윈하이텍',4200),('51390','YW',3785),('64850','에프앤가이드',3895),('38950','파인디지털',4190),('31860','엔에스엔',1795),('293580','나우아이비캐피탈',4510),('440','중앙에너비스',6860),('177350','베셀',3810),('302920','더콘텐츠온',16400),('80530','코디',3590),('27970','세하',1440),('89150','케이씨티',2480),('53270','구영테크',1610),('900120','씨케이에이치',384),('60260','뉴보텍',1575),('2690','동일제강',2820),('12340','뉴인텍',780),('36620','버추얼텍',914),('7770','한일화학',12000),('126640','화신정공',1155),('89530','에이티세미콘',590),('4100','태양금속',1140),('109080','옵티시스',7420),('900070','글로벌에스엠',778),('24910','경창산업',1165),('225590','패션플랫폼',1565),('153490','우리이앤엘',832),('35460','기산텔레콤',2845),('65440','이루온',1520),('19990','에너토크',4245),('46310','백금T&A',2685),('122050','아이엘사이언스',6150),('65420','에스아이리소스',639),('36640','HRS',2520),('79000','와토스코리아',5720),('32080','아즈텍WB',1965),('131220','대한과학',5510),('145270','케이탑리츠',910),('24070','WISCOM',2675),('28040','미래SCI',1170),('246250','에스엘에스바이오',6000),('161570','THE MIDONG',2970),('189860','서전기전',4220),('9140','경인전자',26000),('51780','큐로홀딩스',636),('175140','인포마크',11100),('5820','원림',18300),('32580','피델릭스',1690),('236030','씨알푸드',20300),('23810','인팩',4015),('2290','삼일기업공사',3225),('89790','제이티',3875),('12620','원일특강',9070),('18500','동원금속',853),('279600','미디어젠',10800),('64480','브리지텍',3325),('186230','그린플러스',12400),('38010','제일테크노스',4395),('212560','네오오토',5020),('43100','솔고바이오',244),('25880','케이씨피드',2355),('48830','엔피케이',2100),('115480','씨유메디칼',2450),('44180','KD건설',99),('219130','타이거일렉',6140),('3680','한성기업',6310),('9180','한솔로지스틱스',1400),('8775','호텔신라우',51100),('3720','삼영화학',1130),('258610','이더블유케이',5200),('72950','빛샘전자',6390),('114190','웰크론강원',2430),('1420','태원물산',5000),('38110','에코플라스틱',1480),('30720','동원수산',8150),('141070','맥스로텍',1525),('23960','에쓰씨엔지니어링',1510),('136660','큐엠씨',3995),('70590','한솔인티큐브',2715),('54040','한국컴퓨터',2335),('56000','신스타임즈',2675),('17000','신원종합개발',3720),('52600','한네트',3235),('32280','삼일',2305),('195440','퓨전데이타',389),('53160','프리엠스',6210),('6200','한국전자홀딩스',796),('32860','GMR 머티리얼즈',550),('16920','카스',1725),('173130','오파스넷',9180),('311840','대원모방',23100),('119500','포메탈',3100),('93640','다믈멀티미디어',3390),('172580','하이골드12호',2800),('233990','질경이',2700),('18700','바른손',2210),('66790','씨씨에스',423),('130500','GH신소재',3290),('23790','동일철강',4910),('115530','씨엔플러스',839),('15540','메디파트너생명공학',6480),('260970','에스앤디',117500),('45300','성우테크론',3860),('178600','대동고려삼',7990),('28513K','SK케미칼우',24350),('251280','안지오랩',19500),('122800','썬텍',1000),('258540','스템랩',20200),('73190','듀오백',2930),('15260','에이엔피',423),('29480','바른테크놀로지',1025),('43260','성호전자',976),('5450','신한',4945),('43590','크로바하이텍',1490),('227950','마이크로텍',1825),('3925','남양유업우',208000),('19770','서연탑메탈',2960),('93380','풍강',3490),('67010','이씨에스',4580),('70300','한솔시큐어',4645),('10420','한솔PNS',1665),('1210','금호전기',3415),('251960','엠에프엠코리아',3260),('208370','셀바스헬스케어',2405),('134060','이퓨쳐',7050),('200580','메디쎄이',9490),('206950','볼빅',7890),('11300','성안',579),('223310','이에스브이',291),('290270','휴네시온',6830),('21880','메이슨캐피탈',330),('158310','인터불스',2710),('197140','디지캡',4415),('196700','웹스',2375),('187270','신화콘텍',3200),('44780','에이치케이',1740),('20400','대동금속',13400),('35200','프럼파스트',3290),('12170','키위미디어그룹',162),('99410','동방선기',2360),('191410','육일씨엔에쓰',3370),('24850','피에스엠씨',810),('236340','메디젠휴먼케어',13550),('108675','LG하우시스우',30250),('86220','네추럴FNP',2945),('226400','오스테오닉',3680),('123750','알톤스포츠',2440),('98660','에스티오',3675),('284420','휴럼',8500),('221610','한솔씨앤피',7750),('12600','청호컴넷',3690),('69140','누리플랜',5680),('8830','대동기어',3425),('103230','에스앤더블류',4265),('11230','삼화전자',2920),('90150','광진윈텍',3155),('60380','동양에스텍',3045),('79170','한창산업',5830),('33050','제이엠아이',917),('281310','바이오시네틱스',11300),('226350','아이엠텍',1195),('88290','이원컴포텍',2065),('299480','지앤이헬스케어',2635),('101670','코리아에스이',1545),('232530','이엠티',2900),('60300','레드로버',610),('91440','텔레필드',3190),('115570','스타플렉스',4490),('1465','BYC우',134500),('134580','디엠티',2565),('153360','하이골드3호',1785),('211050','인카금융서비스',6370),('39740','한국정보공학',3560),('950','전방',16950),('4920','씨아이테크',523),('15020','이스타코',661),('103130','웅진에너지',914),('77280','한컴지엠디',2400),('67730','로지시스',3000),('3475','유안타증권우',2170),('79810','디이엔티',3115),('94860','코닉글로리',586),('64520','바른전자',418),('115610','이미지스',3620),('159650','하이골드8호',1855),('130740','티피씨글로벌',2690),('37400','우리조명',1100),('2355','넥센타이어1우B',4210),('222810','한류AI센터',1520),('1770','신화실업',22500),('99520','ITX엠투엠',1645),('54340','피앤텔',6680),('216400','바이오코아',3895),('65370','위세아이텍',7880),('82660','삼우엠스',553),('11080','형지I&C',685),('98120','마이크로컨텍솔',3205),('2420','세기상사',65000),('230400','자비스',7360),('105330','케이엔더블유',4600),('24940','PN풍년',2580),('204210','모두투어리츠',3295),('54220','비츠로시스',485),('52770','와이디온라인',805),('43360','디지아이',2805),('4365','세방우',6830),('45340','토탈소프트',2935),('900110','이스트아시아홀딩스',230),('10640','진양폴리',2475),('33790','스카이문스테크놀로지',1445),('33600','럭슬',1150),('6125','SK디스커버리우',18100),('5030','부산주공',580),('227100','디자인',9200),('288490','나라소프트',980),('67770','세진티에스',2885),('153460','네이블',3690),('256630','엔에이치스팩10호',3440),('267060','명진홀딩스',3350),('178780','유테크',1380),('189330','씨이랩',10650),('54410','케이피티유',4670),('8500','일정실업',19350),('58110','멕아이씨에스',4320),('80580','오킨스전자',3730),('26910','광진실업',3530),('140910','에이리츠',6100),('7530','영신금속',1745),('217190','제너셈',2515),('58450','일야',1385),('221800','유투바이오',11550),('149010','아이케이세미콘',6940),('182690','테라셈',1550),('25890','한국주강',1910),('19490','하이트론',3905),('224810','엄지하우스',5140),('69330','유아이디',1815),('135160','지오씨',3150),('17680','데코앤이',1460),('217880','틸론',6380),('250930','케이비제10호스팩',4030),('00806K','대덕전자1우',6340),('121850','코이즈',1970),('13720','청보산업',2520),('76340','관악산업',4225),('25870','신라에스지',5130),('101680','한국정밀기계',2410),('205290','케미메디',2480),('258050','테크트랜스',2800),('96870','엘디티',3005),('239890','피엔에이치테크',9700),('58420','제이웨이',1070),('9415','태영건설우',7750),('113810','디젠스',604),('232830','시큐센',12000),('87','하이트진로2우B',17050),('278380','원바이오젠',8800),('44990','에이치엔에스하이텍',2535),('99340','하나니켈1호',832),('18064K','한진칼우',34800),('1685','대상우',13550),('232680','라온테크',4300),('243870','굿센',13650),('3495','대한항공우',16500),('53060','세동',849),('319400','엔에이치스팩14호',2095),('242350','피엔아이컴퍼니',3780),('725','현대건설우',182000),('112190','KC산업',2700),('266870','파워풀엑스',2770),('210610','소프트캠프',7900),('303030','대신밸런스제5호스팩',4150),('2995','금호산업우',58300),('123260','파인넥스',701),('273060','엔에이치스팩12호',2200),('106080','지투하이소닉',798),('225220','제놀루션',5190),('222670','플럼라인생명과학',6790),('278990','파인이엠텍',4500),('266170','앤유엔터테인먼트',7400),('323940','케이비제18호스팩',2070),('291230','삼성스팩2호',2135),('199150','데이터스트림즈',3845),('885','한화우',32400),('317320','한화에스비아이스팩',3460),('75','삼양홀딩스우',49500),('80440','에스제이케이',1600),('9835','한화케미칼우',13250),('256840','엔에이치스팩11호',2170),('5257','녹십자홀딩스2우',17350),('210120','빅텐츠',7700),('215570','크로넥스',13600),('241510','이에스산업',2300),('145995','삼양사우',36750),('120780','전우정밀',4385),('5725','넥센우',3770),('1745','SK네트웍스우',118000),('244880','나눔테크',2660),('19175','신풍제약우',6020),('224880','SGA임베디드',2990),('308700','테크엔',3300),('194510','파티게임즈',536),('202960','판도라티비',1100),('285770','라이프사이언스테크놀로지',4100),('254120','IBKS제5호스팩',2880),('277480','신한제4호스팩',2150),('323350','다원넥스뷰',18050),('1515','SK증권우',3135),('2025','코오롱우',11300),('12205','계양전기우',8640),('311060','엘에이티',10700),('4255','NPC우',2280),('183410','골프존데카',2900),('284620','하나금융11호스팩',2135),('317030','케이비17호스팩',2105),('08537M','루트로닉3우C',12550),('265480','미래에셋대우스팩1호',2295),('185190','수프로',3000),('163430','디피코',3670),('307070','SK4호스팩',2120),('3535','한화투자증권우',2275),('291210','한국제7호스팩',2150),('58970','엠로',2245),('307750','대신밸런스제6호스팩',2150),('262830','대신밸런스제4호스팩',2150),('281740','동부스팩5호',2200),('199290','바이오프로테크',3320),('8355','남선알미우',34400),('217320','썬테크',10000),('297570','IBKS제9호스팩',3800),('264850','IBKS제6호스팩',2430),('4105','태양금속우',3160),('245450','씨앤에스링크',6590),('306620','DB금융스팩6호',2135),('222160','바이옵트로',1800),('158300','에스에이티이엔지',3150),('121060','유니포인트',1690),('270520','하나금융10호스팩',2190),('307160','하나머스트제6호스팩',2190),('309930','삼성머스트스팩3호',2190),('307870','상상인이안1호스팩',2110),('192410','감마누',408),('3415','쌍용양회우',6430),('313750','유안타제4호스팩',2120),('299170','IBKS제10호스팩',2270),('66830','제노텍',1740),('267320','교보7호스팩',2420),('240340','인터코스',2900),('281410','한국제6호스팩',2150),('323230','신한제5호스팩',2245),('270660','에브리봇',8600),('200350','래몽래인',4970),('322780','DB금융스팩7호',2105),('83470','KJ프리텍',387),('14825','동원시스템즈우',36000),('162120','루켄테크놀러지스',5820),('225850','미애부',2830),('265920','한화수성스팩',2120),('307180','신영스팩4호',2155),('279060','이노벡스',1540),('317240','하이제4호스팩',2125),('261200','하나금융9호스팩',2190),('299670','에스엠비나',8410),('287410','유안타제3호스팩',2145),('4415','서울식품우',3965),('271740','한국제5호스팩',2175),('148780','비플라이소프트',1810),('7575','일양약품우',19200),('86460','에스엔피제네틱스',4685),('6345','대원전선우',3250),('270020','두원석재',2720),('225860','엠앤씨생명과학',744),('1795','대한제당우',12950),('107640','한중엔시에스',2210),('4985','성신양회우',11400),('5745','크라운해태홀딩스우',13950),('276920','IBKS제7호스팩',2285),('208850','이비테크',3650),('307280','교보8호스팩',2185),('225','유유제약1우',7170),('257730','신한제3호스팩',2310),('321260','유진스팩4호',2305),('83380','동북아13호',5030),('83370','동북아12호',5010),('238500','로보쓰리',1695),('140290','청광종건',750),('311270','키움제5호스팩',2185),('212310','휴벡셀',3865),('267810','앙츠',5050),('7815','코리아써우',2635),('323280','신영스팩5호',2220),('145','하이트진로홀딩스우',16100),('232330','SK3호스팩',2105),('30270','에스마크',998),('310200','미래에셋대우스팩2호',2465),('279410','한화에이스스팩4호',2150),('310870','한국제8호스팩',2185),('14915','성문전자우',12450),('310840','엔에이치스팩13호',2180),('264290','한화에이스스팩3호',2395),('258790','케이비제11호스팩',2290),('103660','씨앗',1980),('4565','현대비앤지스틸우',65000),('189540','씨티네트웍스',2900),('116100','태양기계',1085),('10145','삼성중공우',58300),('215050','비엔디생활건강',3135),('183350','LPK로보틱스',1400),('21045','대호피앤씨우',1550),('4545','깨끗한나라우',17750),('270210','에스알바이오텍',14000),('114920','대주이엔티',1865),('26490K','크라운제과우',8210),('11155','CJ씨푸드1우',31450),('14285','금강공업우',10300),('4835','덕성우',4265),('101360','이엔드디',957),('140660','위월드',2285),('179720','옐로페이',468),('3075','코오롱글로벌우',17650),('84695','대상홀딩스우',6010),('16385','동부제철우',34200),('9275','신원우',60000),('276240','엘리비젼',2325),('224020','에스케이씨에스',2000),('220110','드림티엔터테인먼트',669),('252370','유쎌',3995),('1525','동양우',8320),('189350','코셋',1270),('90355','노루페인트우',10900),('2785','진흥기업우B',5840),('99350','하나니켈2호',1515),('271780','비엔에프코퍼레이션',1650),('217910','에스제이켐',378),('5965','동부건설우',21300),('84440','유비온',1595),('995','DB하이텍1우',40600),('1755','한양증권우',8400),('2787','진흥기업2우B',14950),('1065','JW중외제약우',25550),('545','흥국화재우',5470),('271850','다이오진',1400),('92590','럭스피아',536),('1067','JW중외제약2우B',41900),('547','흥국화재2우B',23600),('32685','소프트센우',24900),('325','노루홀딩스우',19050),('00781K','코리아써키트2우B',4395),('149940','모다',155),('1527','동양2우B',10400),('227','유유제약2우B',19050),('1799','대한제당3우B',23350),('227420','포레스팅블록체인',372),('223220','아이피몬스터',256),('1529','동양3우B',30400),('208890','에듀파트너',1355),('247300','인프라웨어테크놀러지',410),('221670','주노콜렉션',400),('135270','세종머티리얼즈',143);
/*!40000 ALTER TABLE `tb_price_20190712` ENABLE KEYS */;
UNLOCK TABLES;

--
-- Table structure for table `tb_price_20190715`
--

DROP TABLE IF EXISTS `tb_price_20190715`;
/*!40101 SET @saved_cs_client     = @@character_set_client */;
/*!40101 SET character_set_client = utf8 */;
CREATE TABLE `tb_price_20190715` (
  `stock_code` char(6) DEFAULT NULL,
  `stock_name` varchar(50) DEFAULT NULL,
  `stock_price` int(11) DEFAULT '0'
) ENGINE=InnoDB DEFAULT CHARSET=utf8;
/*!40101 SET character_set_client = @saved_cs_client */;

--
-- Dumping data for table `tb_price_20190715`
--

LOCK TABLES `tb_price_20190715` WRITE;
/*!40000 ALTER TABLE `tb_price_20190715` DISABLE KEYS */;
INSERT INTO `tb_price_20190715` VALUES ('5930','삼성전자',46450),('660','SK하이닉스',76200),('5935','삼성전자우',38500),('5380','현대차',138000),('51910','LG화학',347000),('68270','셀트리온',183500),('12330','현대모비스',235500),('55550','신한지주',44900),('17670','SK텔레콤',260500),('5490','POSCO',238000),('51900','LG생활건강',1266000),('207940','삼성바이오로직스',296500),('35420','NAVER',118000),('105560','KB금융',44100),('28260','삼성물산',93100),('270','기아차',42900),('18260','삼성에스디에스',216000),('6400','삼성SDI',239000),('15760','한국전력',25450),('32830','삼성생명',79800),('96770','SK이노베이션',172500),('34730','SK',224000),('33780','KT&G',98500),('3550','LG',74100),('810','삼성화재',260500),('66570','LG전자',70300),('35720','카카오',133000),('36570','엔씨소프트',497000),('86790','하나금융지주',36200),('10950','S-Oil',92400),('90430','아모레퍼시픽',161500),('316140','우리금융지주',13800),('11170','롯데케미칼',245500),('10130','고려아연',443000),('9540','한국조선해양',114000),('251270','넷마블',93800),('24110','기업은행',13900),('30200','KT',28000),('91990','셀트리온헬스케어',50600),('9150','삼성전기',92000),('35250','강원랜드',29650),('21240','웅진코웨이',85600),('32640','LG유플러스',14000),('18880','한온시스템',11450),('34220','LG디스플레이',16950),('86280','현대글로비스',158500),('267250','현대중공업지주',334000),('720','현대건설',48200),('4020','현대제철',39500),('6800','미래에셋대우',7890),('2790','아모레G',62400),('78930','GS',52500),('10140','삼성중공업',7700),('71050','한국금융지주',78100),('97950','CJ제일제당',286000),('81660','휠라코리아',69600),('4990','롯데지주',40400),('29780','삼성카드',36350),('36460','한국가스공사',44350),('5940','NH투자증권',14150),('23530','롯데쇼핑',140000),('161390','한국타이어앤테크놀로지',31950),('88980','맥쿼리인프라',11150),('35760','CJ ENM',177300),('12750','에스원',98700),('139480','이마트',134500),('5830','DB손해보험',52800),('210','대림산업',106500),('241560','두산밥캣',36050),('9830','한화케미칼',21900),('271560','오리온',87700),('128940','한미약품',297500),('16360','삼성증권',38000),('42660','대우조선해양',31400),('8770','호텔신라',85100),('282330','BGF리테일',192000),('47810','한국항공우주',34000),('28050','삼성엔지니어링',16600),('30000','제일기획',28250),('8560','메리츠종금증권',5260),('3670','포스코케미칼',52700),('5387','현대차2우B',86300),('8930','한미사이언스',48550),('215600','신라젠',43800),('120','CJ대한통운',135000),('3410','쌍용양회',6000),('7070','GS리테일',38500),('100','유한양행',228000),('1040','CJ',97100),('6360','GS건설',35200),('2380','KCC',261500),('84990','헬릭스미스',171600),('3490','대한항공',28350),('4170','신세계',271500),('11780','금호석유',87400),('88350','한화생명',3000),('11070','LG이노텍',110000),('28670','팬오션',4800),('263750','펄어비스',188000),('79440','오렌지라이프',29550),('1450','현대해상',26950),('7310','오뚜기',667000),('138930','BNK금융지주',7370),('17800','현대엘리베이',88300),('86900','메디톡스',400800),('47050','포스코인터내셔널',18250),('60','메리츠화재',19450),('10060','OCI',92500),('253450','스튜디오드래곤',70400),('880','한화',26000),('12510','더존비즈온',64900),('5385','현대차우',78600),('47040','대우건설',4575),('138040','메리츠금융지주',13550),('32500','케이엠더블유',48900),('20150','일진머티리얼즈',41000),('10620','현대미포조선',46700),('69960','현대백화점',79300),('69620','대웅제약',155500),('26960','동서',18000),('36490','SK머티리얼즈',168300),('39490','키움증권',77700),('51905','LG생활건강우',811000),('150','두산',93000),('180640','한진칼',28300),('64350','현대로템',19650),('145020','휴젤',376800),('12450','한화에어로스페이스',31700),('11790','SKC',43200),('9240','한샘',68500),('111770','영원무역',35800),('294870','HDC현대산업개발',35900),('6260','LS',48950),('80','하이트진로',22000),('4800','효성',72400),('34230','파라다이스',16500),('3240','태광산업',1319000),('4370','농심',240000),('51915','LG화학우',189000),('240','한국테크놀로지그룹',15600),('10120','LS산전',48050),('68760','셀트리온제약',41550),('9420','한올바이오파마',26900),('214320','이노션',69300),('51600','한전KPS',30650),('56190','에스에프에이',38350),('4000','롯데정밀화학',53300),('1740','SK네트웍스',5480),('204320','만도',28950),('11210','현대위아',49900),('20560','아시아나항공',6080),('670','영풍',728000),('31430','신세계인터내셔날',185000),('6280','녹십자',113000),('139130','DGB금융지주',7800),('181710','NHN',66100),('247540','에코프로비엠',63500),('161890','한국콜마',56000),('41960','코미팜',21700),('5440','현대그린푸드',12900),('98460','고영',91000),('73240','금호타이어',4315),('78340','컴투스',96200),('42670','두산인프라코어',5930),('34020','두산중공업',6100),('5300','롯데칠성',154000),('28300','에이치엘비',31250),('95700','제넥신',59300),('7700','F&F',78900),('57050','현대홈쇼핑',101000),('25980','아난티',14250),('240810','원익IPS',24400),('114090','GKL',19150),('36830','솔브레인',67500),('11200','현대상선',3560),('175330','JB금융지주',5720),('120110','코오롱인더',41350),('14820','동원시스템즈',43450),('28150','GS홈쇼핑',169300),('1800','오리온홀딩스',17650),('307950','현대오토에버',52300),('49770','동원F&B',284000),('192080','더블유게임즈',60000),('10780','아이에스동서',35200),('9410','태영건설',14200),('46890','서울반도체',18000),('298380','에이비엘바이오',23150),('5850','에스엘',21500),('3000','부광약품',16300),('5250','녹십자홀딩스',21950),('3380','하림지주',11000),('48260','오스템임플란트',71600),('192820','코스맥스',101500),('93370','후성',11000),('280360','롯데제과',158500),('3690','코리안리',8260),('284740','쿠쿠홈시스',43900),('178920','SKC코오롱PI',33400),('38540','상상인',21000),('3090','대웅',16450),('71840','롯데하이마트',39900),('18250','애경산업',35450),('185750','종근당',89400),('23590','다우기술',20650),('30190','NICE평가정보',15250),('14680','한솔케미칼',81700),('69260','휴켐스',22350),('90435','아모레퍼시픽우',86100),('2350','넥센타이어',9210),('58470','리노공업',58800),('41510','에스엠',38250),('5290','동진쎄미켐',17400),('192400','쿠쿠홀딩스',125500),('20000','한섬',35850),('3520','영진약품',4780),('241590','화승엔터프라이즈',14400),('6040','동원산업',236500),('8060','대덕전자',11000),('5610','SPC삼립',99000),('1680','대상',24600),('22100','포스코 ICT',5560),('170900','동아에스티',99300),('214370','케어젠',76500),('79160','CJ CGV',38450),('34310','NICE',21400),('115390','락앤락',14950),('6650','대한유화',124500),('32350','롯데관광개발',11700),('12630','HDC',13500),('250','삼천당제약',35800),('145720','덴티움',71400),('85660','차바이오텍',15050),('66970','엘앤에프',31700),('105630','한세실업',19600),('35900','JYP Ent.',22000),('140410','메지온',90000),('214150','클래시스',12550),('278280','천보',77000),('91700','파트론',14050),('39030','이오테크닉스',61200),('218410','RFHIC',31950),('85620','미래에셋생명',4200),('1120','LG상사',19050),('89590','제주항공',28000),('200130','콜마비앤에이치',24900),('93050','LF',25100),('52690','한전기술',19100),('9970','영원무역홀딩스',53500),('33640','네패스',31450),('267270','현대건설기계',36450),('67160','아프리카TV',62400),('18670','SK가스',78400),('78070','유비쿼스홀딩스',37500),('103140','풍산',25000),('82640','동양생명',4320),('1230','동국제강',7270),('64960','S&T모티브',47400),('64760','티씨케이',59300),('115450','지트리비앤티',27900),('112610','씨에스윈드',39100),('25540','한국단자',64800),('36420','제이콘텐트리',4670),('5880','대한해운',27500),('96530','씨젠',25550),('267980','매일유업',84200),('3540','대신증권',13000),('5180','빙그레',66800),('27410','BGF',6830),('86450','동국제약',72400),('108320','실리콘웍스',39400),('33290','코웰패션',7050),('990','DB하이텍',14200),('70','삼양홀딩스',73100),('79550','LIG넥스원',28400),('4490','세방전지',44550),('1430','세아베스틸',17350),('298020','효성티앤씨',143500),('69080','웹젠',17300),('3470','유안타증권',3055),('71320','지역난방공사',52600),('53800','안랩',60300),('1060','JW중외제약',29600),('39840','디오',38650),('2270','롯데푸드',529000),('90460','비에이치',18650),('285130','SK케미칼',50600),('1440','대한전선',693),('33660','아주캐피탈',10300),('815','삼성화재우',185000),('141080','레고켐바이오',55400),('640','동아쏘시오홀딩스',95500),('6840','AK홀딩스',44050),('86520','에코프로',26350),('39200','오스코텍',20650),('83790','크리스탈',14300),('42000','카페24',59900),('6390','한일현대시멘트',33500),('4430','송원산업',23400),('00680K','미래에셋대우2우B',4010),('34830','한국토지신탁',2210),('3620','쌍용차',3715),('1720','신영증권',59200),('298050','효성첨단소재',124000),('145990','삼양사',53600),('151910','나노스',5050),('23890','한국아트라스비엑스',59800),('286940','롯데정보통신',38200),('108670','LG하우시스',60800),('6060','화승인더',9850),('1630','종근당홀딩스',108500),('29960','코엔텍',10850),('48410','현대바이오',15550),('2210','동성제약',20300),('3850','보령제약',11850),('3230','삼양식품',69500),('178320','서진시스템',28900),('272450','진에어',17400),('10050','우리종금',774),('19680','대교',6140),('138080','오이솔루션',67100),('6120','SK디스커버리',27250),('298000','효성화학',162500),('39130','하나투어',44200),('122870','와이지엔터테인먼트',28150),('82270','젬백스',14200),('37560','CJ헬로',6560),('2240','고려제강',25400),('9450','경동나비엔',39750),('78160','메디포스트',32350),('25860','남해화학',10150),('271980','제일약품',34200),('243070','휴온스',55900),('53210','스카이라이프',10500),('66575','LG전자우',29050),('215000','골프존',79500),('263050','유틸렉스',68300),('7390','네이처셀',9370),('230360','에코마케팅',30700),('6730','서부T&D',8970),('272290','이녹스첨단소재',53500),('200230','텔콘RF제약',5960),('31390','녹십자셀',41050),('950160','코오롱티슈진',8010),('300720','한일시멘트',118000),('226320','잇츠한불',22150),('13120','동원개발',5300),('7570','일양약품',25150),('2990','금호산업',13250),('61970','엘비세미콘',10850),('192650','드림텍',8160),('97230','한진중공업',5680),('1820','삼화콘덴서',45450),('210980','SK디앤디',24800),('24720','한국콜마홀딩스',26150),('239610','에이치엘사이언스',91200),('183490','엔지켐생명과학',59800),('78130','국일제지',3865),('29530','신도리코',46250),('112040','위메이드',27750),('73070','에스모',5300),('17810','풀무원',12150),('5690','파미셀',7710),('60980','한라홀딩스',43350),('23410','유진기업',5830),('234340','세틀뱅크',48600),('11280','태림포장',6360),('123890','한국자산신탁',3990),('11160','두산건설',1370),('92040','아미코젠',22950),('199800','툴젠',67600),('126560','현대에이치씨엔',3820),('43150','바텍',28950),('249420','일동제약',18900),('370','한화손해보험',3655),('48530','인트론바이오',14100),('182400','엔케이맥스',13600),('950180','SNK',20000),('196170','알테오젠',31000),('1520','동양',1755),('11690','유양디앤유',7200),('2960','한국쉘석유',322000),('60250','NHN한국사이버결제',18200),('14830','유니드',47000),('179900','유티아이',26000),('213420','덕산네오룩스',17100),('15350','부산가스',37300),('42700','한미반도체',7150),('88800','에이스테크',10500),('3530','한화투자증권',2355),('97520','엠씨넥스',22750),('3920','남양유업',560000),('122990','와이솔',16650),('72710','농심홀딩스',86700),('45390','대아티아이',5650),('298690','에어부산',7720),('38500','삼표시멘트',3725),('84110','휴온스글로벌',36600),('92730','네오팜',48650),('215200','메가스터디교육',33750),('5500','삼진제약',28600),('94800','맵스리얼티1',4245),('122900','아이마켓코리아',10950),('293480','하나제약',24200),('7460','에이프로젠 KIC',2585),('214450','파마리서치프로덕트',40850),('2320','한진',32500),('192440','슈피겐코리아',62400),('65660','안트로젠',44800),('70960','용평리조트',8010),('36540','SFA반도체',2730),('268280','미원에스씨',73700),('33270','유나이티드제약',23700),('1725','신영증권우',54400),('25900','동화기업',18950),('17940','E1',55700),('17390','서울가스',76000),('51500','CJ프레시웨이',31950),('8350','남선알미늄',3440),('60570','드림어스컴퍼니',6780),('96760','JW홀딩스',5850),('229500','노브메타파마',42900),('49950','미래컴퍼니',46300),('314130','지놈앤컴퍼니',46000),('8490','서흥',32450),('68240','다원시스',13950),('88260','이리츠코크렙',5900),('9290','광동제약',7120),('58650','세아홀딩스',93300),('4690','삼천리',92000),('30610','교보증권',10350),('35600','KG이니시스',13350),('234080','JW생명과학',23400),('228760','지노믹트리',18500),('47310','파워로직스',10700),('52020','에스티큐브',13650),('268600','셀리버리',47050),('138250','엔에스쇼핑',10800),('41830','인바디',26500),('183190','아세아시멘트',92900),('213500','한솔제지',15150),('224760','엔에스컴퍼니',91500),('79430','현대리바트',17550),('16800','퍼시스',31250),('44340','위닉스',20100),('33180','필룩스',5570),('108230','톱텍',9690),('95720','웅진씽크빅',2640),('81000','일진다이아',31350),('265520','AP시스템',25050),('950110','SBI핀테크솔루션즈',14300),('3800','에이스침대',31700),('237880','클리오',20700),('34120','SBS',19150),('102710','이엔에프테크놀로지',24550),('2150','도화엔지니어링',10300),('17960','한국카본',7850),('480','조선내화',85800),('32190','다우데이타',8950),('25770','한국정보통신',8820),('99190','아이센스',24800),('95270','웨이브일렉트로',31500),('144510','녹십자랩셀',32200),('2100','경농',15650),('152330','코리아오토글라스',16900),('95610','테스',17050),('67630','에이치엘비생명과학',7190),('5720','넥센',6290),('19170','신풍제약',6350),('80420','모다이노칩',4220),('80160','모두투어',17800),('53580','웹케시',49200),('293940','신한알파리츠',6980),('2780','진흥기업',2285),('58820','CMG제약',3050),('1130','대한제분',196000),('7340','디티알오토모티브',32850),('155','두산우',74400),('2620','제일파마홀딩스',20500),('74600','원익QnC',12450),('31440','신세계푸드',84500),('9680','모토닉',9910),('2390','한독',23700),('267260','현대일렉트릭',16000),('16450','한세예스24홀딩스',8140),('30530','원익홀딩스',4210),('1510','SK증권',686),('2310','아세아제지',36150),('36930','주성엔지니어링',6710),('281820','케이씨텍',16300),('8730','율촌화학',13000),('255440','야스',24650),('101060','SBS미디어홀딩스',2280),('15750','성우하이텍',3985),('35810','이지바이오',5500),('9580','무림P&P',5080),('3220','대원제약',16100),('50890','쏠리드',6050),('237690','에스티팜',16900),('16580','환인제약',16950),('123860','아나패스',31000),('38290','마크로젠',29600),('78600','대주전자재료',21550),('104830','원익머트리얼즈',24850),('00088K','한화3우B',13850),('16590','신대양제지',76900),('78520','에이블씨엔씨',11450),('3300','한일홀딩스',51500),('33920','무학',10750),('131970','테스나',44600),('400','롯데손해보험',2275),('217730','강스템바이오텍',14650),('32620','유비케어',5830),('10170','대한광통신',4125),('174900','앱클론',42000),('119860','다나와',22950),('100120','뷰웍스',30000),('53030','바이넥스',9440),('78020','이베스트투자증권',5400),('1500','현대차증권',10200),('95660','네오위즈',13650),('970','한국주철관',13100),('52400','코나아이',19150),('166090','하나머티리얼즈',15150),('39560','다산네트웍스',9550),('208340','파멥신',43200),('41140','넥슨지티',8380),('34950','한국기업평가',65000),('5810','풍산홀딩스',37650),('89600','나스미디어',33650),('11760','현대상사',22250),('60150','인선이엔티',7640),('84680','이월드',3235),('1880','삼호',19250),('14620','성광벤드',10200),('12610','경인양행',7210),('18290','지엠피',10700),('298040','효성중공업',31050),('36800','나이스정보통신',28950),('115960','연우',23350),('53950','경남제약',17200),('19210','와이지-원',9470),('36630','세종텔레콤',478),('65620','제낙스',12750),('89980','상아프론테크',18800),('50','경방',10400),('41190','우리기술투자',3390),('91810','티웨이항공',6040),('5070','코스모신소재',14300),('74610','나노메딕스',8580),('28100','동아지질',24500),('2810','삼영무역',15900),('143240','사람인에이치알',24000),('67280','멀티캠퍼스',47050),('30520','한글과컴퓨터',12000),('37710','광주신세계',173000),('67990','도이치모터스',9870),('243840','신흥에스이씨',42200),('35890','서희건설',1330),('25000','KPX케미칼',56800),('63570','한국전자금융',8040),('71055','한국금융지주우',46750),('20','동화약품',9800),('67080','대화제약',15000),('3560','IHQ',1865),('7690','국도화학',46800),('104480','티케이케미칼',2980),('540','흥국화재',4200),('299660','셀리드',28150),('104700','한국철강',5830),('272550','삼양패키징',18850),('251970','펌텍코리아',142200),('226950','올릭스',41150),('4360','세방',13800),('430','대원강업',4270),('23160','태광',9950),('84370','유진테크',11450),('319660','피에스케이',17750),('49070','인탑스',15200),('102260','동성코퍼레이션',5730),('101530','해태제과식품',8920),('84690','대상홀딩스',7140),('86820','바이오솔루션',32150),('102460','이연제약',15300),('230240','에치에프알',21400),('119610','인터로조',22600),('136490','선진',10750),('63080','게임빌',38750),('140860','파크시스템스',38350),('7110','일신석재',3295),('161000','애경유화',7960),('7160','사조산업',51000),('16250','이테크건설',90900),('86390','유니테스트',12000),('67390','아스트',9800),('102940','코오롱생명과학',22000),('229640','LS전선아시아',8180),('136480','하림',2875),('4380','삼익THK',11900),('680','LS네트웍스',3170),('15360','예스코홀딩스',41600),('1940','KISCO홀딩스',13500),('10955','S-Oil우',61900),('23900','풍국주정',19750),('267850','아시아나IDT',22400),('6490','인스코비',2755),('51370','인터플렉스',10550),('143160','아이디스',22950),('214870','뉴지랩',9920),('66700','테라젠이텍스',7930),('9520','포스코엠텍',5870),('950170','JTC',6980),('2030','아세아',111500),('200670','휴메딕스',24450),('87010','펩트론',15900),('57500','SKC 솔믹스',3960),('1200','유진투자증권',2505),('159580','제로투세븐',12100),('13030','하이록코리아',17800),('79980','휴비스',7020),('3545','대신증권우',9290),('4700','조광피혁',36300),('92230','KPX홀딩스',57100),('36530','S&T홀딩스',14750),('5960','동부건설',11500),('54950','제이브이엠',37900),('214180','민앤지',18900),('3120','일성신약',90100),('86980','쇼박스',3825),('206640','바디텍메드',10200),('238090','앤디포스',5700),('13580','계룡건설',26750),('78150','HB테크놀러지',3000),('68400','AJ렌터카',10700),('82920','비츠로셀',11000),('95570','AJ네트웍스',5040),('3070','코오롱글로벌',9350),('228850','레이언스',14200),('140','하이트진로홀딩스',10150),('4150','한솔홀딩스',4970),('183300','코미코',26700),('33500','동성화인텍',8680),('43610','지니뮤직',4030),('3570','S&T중공업',7040),('42520','한스바이오메드',23600),('54780','키이스트',2735),('110790','크리스에프앤씨',19800),('60280','큐렉소',6950),('93230','이아이디',587),('176440','에이치엔티',16000),('220630','해마로푸드서비스',2430),('11040','경동제약',8640),('3030','세아제강지주',55200),('293780','압타바이오',20900),('52260','SK바이오랜드',15100),('5680','삼영전자',11300),('214390','경보제약',9450),('236200','슈프리마',31850),('18120','진로발효',29850),('195870','해성디에스',13200),('215360','우리산업',24500),('3200','일신방직',93200),('263920','블러썸엠앤씨',23600),('1250','GS글로벌',2700),('284610','TS트릴리온',5900),('4980','성신양회',9040),('2840','미원상사',44000),('239340','줌인터넷',9310),('207760','미스터블루',9000),('92130','이크레더블',18300),('60240','룽투코리아',9030),('36180','영인프런티어',12400),('2020','코오롱',17250),('251370','와이엠티',29400),('4970','신라교역',13550),('1270','부국증권',20750),('131370','알서포트',4020),('31330','에스에이엠티',2135),('65530','전파기지국',4035),('72020','중앙백신',21400),('26890','디피씨',5110),('14990','인디에프',3610),('121600','나노신소재',19600),('52330','코텍',13650),('7660','이수페타시스',5150),('67290','JW신약',5100),('36580','팜스코',5780),('45100','한양이엔지',11750),('128820','대성산업',4675),('1290','상상인증권',2200),('194700','노바렉스',23450),('90360','로보스타',21650),('7820','에스엠코어',10500),('11810','STX',10650),('39440','에스티아이',13250),('121440','골프존뉴딘홀딩스',4890),('89030','테크윙',10800),('4060','SG세계물산',1030),('37460','삼지전자',12750),('16610','DB금융투자',4890),('85370','루트로닉',8150),('11930','신성이엔지',1190),('23910','대한약품',34400),('109740','디에스케이',10100),('91120','이엠텍',12750),('44490','태웅',10200),('35510','신세계 I&C',118500),('214420','토니모리',11550),('7720','대명코퍼레이션',2015),('241710','코스메카코리아',19000),('95190','이엠코리아',5580),('10600','웰바이오텍',4790),('35150','백산',8350),('201490','미투온',6450),('121800','비덴트',7200),('97780','에스맥',908),('203690','프로스테믹스',4390),('189300','인텔리안테크',27600),('9270','신원',2475),('36190','금화피에스시',33250),('306200','세아제강',70300),('217270','넵튠',9090),('52710','아모텍',20400),('8700','아남전자',2575),('4960','한신공영',17150),('72520','제넨바이오',2935),('264450','유비쿼스',38600),('64260','다날',3310),('138490','코오롱플라스틱',5190),('46440','KG모빌리언스',6590),('1530','DI동일',81000),('64550','바이오니아',8850),('260930','씨티케이코스메틱스',19300),('43370','평화정공',9300),('138690','엘아이에스',12250),('191420','테고사이언스',24100),('225570','넷게임즈',8110),('17890','한국알콜',9000),('1780','알루코',2595),('245620','EDGC',5320),('60720','KH바텍',9080),('9160','SIMPAC',2925),('5390','신성통상',1330),('271400','알로이스',70100),('53610','프로텍',18500),('67170','오텍',12400),('29460','케이씨',14000),('33240','자화전자',10550),('25320','시노펙스',2685),('194370','제이에스코퍼레이션',14100),('263720','디앤씨미디어',15600),('84010','대한제강',7620),('16380','동부제철',6880),('123420','선데이토즈',19500),('222040','코스맥스엔비티',9020),('110990','디아이티',9830),('44820','코스맥스비티아이',19250),('91090','세원셀론텍',3030),('206650','유바이오로직스',6910),('1790','대한제당',20850),('61040','알에프텍',8750),('5389','현대차3우B',75500),('175250','아이큐어',28500),('54050','농우바이오',11400),('282690','동아타이어',13300),('312610','에이에프더블류',18000),('700','유수홀딩스',7000),('8040','사조동아원',1290),('33160','엠케이전자',8340),('220250','카이노스메드',13200),('108790','인터파크',5470),('5420','코스모화학',11250),('14470','부방',3830),('68930','디지털대성',8030),('36890','진성티이씨',8050),('122640','예스티',12900),('77500','유니퀘스트',6610),('75580','세진중공업',4690),('2170','삼양통상',59900),('59090','미코',5730),('5090','삼광글라스',36900),('33110','코너스톤네트웍스',1550),('168490','한국패러랠',2230),('5990','매일홀딩스',13000),('30790','동양네트웍스',1760),('93320','케이아이엔엑스',36050),('30210','KTB투자증권',2910),('15890','태경산업',6000),('49960','쎌바이오텍',18650),('100700','세운메디칼',3990),('58610','에스피지',8370),('3960','사조대림',19050),('52790','액토즈소프트',15400),('2450','삼익악기',1925),('30960','양지사',10900),('56700','신화인터텍',5970),('206560','덱스터',7050),('115180','큐리언트',20250),('2795','아모레G우',26750),('5945','NH투자증권우',9120),('226340','본느',5700),('180400','캔서롭',7740),('137940','넥스트아이',2215),('5740','크라운해태홀딩스',11500),('299900','위지윅스튜디오',18400),('12030','DB',842),('196490','디에이테크놀로지',3225),('40910','아이씨디',10050),('9460','한창제지',2835),('6620','동구바이오제약',17600),('108490','로보티즈',15000),('131390','피앤이솔루션',11800),('299910','베스파',21000),('18310','삼목에스폼',11400),('74430','아미노로직스',1905),('136540','윈스',13800),('232140','와이아이케이',2700),('860','강남제비스코',25650),('2460','화성산업',13350),('302430','이노메트리',34400),('73490','이노와이어리스',27650),('125210','아모그린텍',10050),('520','삼일제약',25500),('14200','광림',3340),('89470','HDC현대EP',5190),('45970','코아시아',8250),('86890','이수앱지스',6190),('77970','STX엔진',7160),('36030','KTH',4600),('97955','CJ제일제당 우',123500),('33340','좋은사람들',5480),('215','대림산업우',43050),('216050','인크로스',20300),('101490','에스앤에스텍',8280),('23770','플레이위드',38750),('138580','비즈니스온',17100),('78000','텔코웨어',16750),('5160','동국산업',2995),('12700','리드코프',6060),('6380','카프로',4050),('39570','HDC아이콘트롤스',9830),('320','노루홀딩스',12150),('214430','아이쓰리시스템',22650),('64240','홈캐스트',4980),('100790','미래에셋벤처투자',5240),('3555','LG우',48400),('290670','대보마그네틱',49600),('270870','뉴트리',17700),('89970','에이피티씨',6880),('67830','세이브존I&C',3890),('251630','브이원텍',10600),('54670','대한뉴팜',11100),('44450','KSS해운',6870),('23600','삼보판지',9840),('8290','원풍물산',4140),('68290','삼성출판사',15850),('15860','일진홀딩스',3210),('27050','코리아나',3960),('217480','에스디생명공학',7050),('54620','APS홀딩스',7740),('38880','아이에이',653),('111710','남화산업',7590),('54450','텔레칩스',11550),('60310','3S',3480),('290650','엘앤씨바이오',21150),('8970','동양철관',1305),('176560','포인트엔지니어링',25000),('65650','메디프론',5250),('83640','인콘',2210),('11370','서한',1525),('111870','삼본전자',2995),('25620','제이준코스메틱',5790),('225530','보광산업',4275),('153710','옵티팜',10650),('78890','가온미디어',10350),('166480','코아스템',9700),('39830','오로라',14150),('900140','엘브이엠씨홀딩스',2975),('73560','우리손에프앤지',2190),('36810','에프에스티',7490),('117580','대성에너지',5510),('65130','탑엔지니어링',9470),('90470','제이스텍',10350),('96775','SK이노베이션우',121000),('123690','한국화장품',9400),('90350','노루페인트',7540),('241770','메카로',14950),('7980','태평양물산',3015),('6220','제주은행',4675),('37070','파세코',10700),('142760','바이오리더스',8470),('16100','리더스코스메틱',8220),('1390','KG케미칼',12000),('7210','벽산',2180),('187420','제노포커스',6930),('21320','KCC건설',6950),('13570','디와이',5650),('122450','KMH',6560),('161580','필옵틱스',8560),('24810','이화전기',246),('4310','현대약품',4620),('6405','삼성SDI우',91200),('900250','크리스탈신소재',2175),('69110','코스온',7860),('290120','대유에이피',13500),('99320','쎄트렉아이',20200),('267290','경동도시가스',31100),('190510','나무가',42750),('171120','라이온켐텍',7990),('71200','인피니트헬스케어',6010),('4890','동일산업',60300),('123040','엠에스오토텍',4690),('100130','동국S&C',2535),('4270','남성',4000),('38390','레드캡투어',16850),('210540','디와이파워',13100),('63160','종근당바이오',27650),('5950','이수화학',9460),('96240','청담러닝',18800),('222080','씨아이에스',2690),('49180','셀루메드',7000),('48550','SM C&C',1525),('36200','유니셈',4670),('1460','BYC',229000),('100250','진양홀딩스',2555),('2700','신일산업',2010),('900100','뉴프라이드',1545),('307930','컴퍼니케이',9130),('100590','머큐리',9650),('3460','유화증권',12550),('4870','티웨이홀딩스',1855),('4250','NPC',3870),('27740','마니커',895),('24090','디씨엠',12100),('143210','핸즈코퍼레이션',6470),('1360','삼성제약',2410),('67370','선바이오',18400),('7680','대원',12750),('67900','와이엔텍',7720),('89010','켐트로닉스',10100),('53980','오상자이엘',7900),('37950','엘컴텍',1660),('390','삼화페인트',5300),('200880','서연이화',5180),('144960','뉴파워프라즈마',16950),('4710','한솔테크닉스',6320),('77360','덕산하이메탈',6150),('54800','아이디스홀딩스',13500),('131030','디에이치피코리아',8430),('248170','샘표식품',30500),('5430','한국공항',44000),('203650','드림시큐리티',3890),('230','일동홀딩스',12650),('225190','삼양옵틱스',13800),('102280','쌍방울',1075),('3830','대한화섬',104500),('200780','비씨월드제약',17300),('3650','미창석유',79600),('890','보해양조',1210),('204620','글로벌텍스프리',3705),('60230','이그잭스',1930),('94480','갤럭시아컴즈',3510),('115160','휴맥스',5750),('126700','하이비젼시스템',9190),('241690','유니테크노',11500),('58400','KNN',1035),('490','대동공업',5770),('82210','옵트론텍',6050),('14790','한라',3500),('69510','에스텍',12450),('900290','GRT',2010),('32790','엠젠플러스',7980),('13520','화승알앤에이',2090),('45520','크린앤사이언스',20700),('4560','현대비앤지스틸',8910),('95340','ISC',9480),('92220','KEC',1145),('91580','상신이디피',10550),('180','성창기업지주',1910),('11320','유니크',6890),('35080','인터파크홀딩스',2270),('35000','지투알',8000),('277880','티에스아이',17000),('1540','안국약품',10150),('27360','아주IB투자',1115),('20760','일진디스플',4670),('151860','KG ETS',3665),('101330','모베이스',5500),('65560','녹원씨엔아이',8470),('50110','캠시스',2200),('149950','아바텍',8400),('36560','영풍정밀',8320),('4200','고려개발',4300),('79370','제우스',12600),('15710','코콤',7460),('66980','브레인콘텐츠',825),('214270','퓨쳐스트림네트웍스',1460),('101000','상상인인더스트리',3125),('222800','심텍',5720),('290720','푸드나무',19100),('179290','엠아이텍',4270),('17900','광전자',2235),('11390','부산산업',122500),('1340','백광산업',2875),('4650','창해에탄올',14000),('34590','인천도시가스',29400),('73110','엘엠에스',14450),('27390','한화갤러리아타임월드',21400),('2360','SH에너지화학',1155),('3350','한국화장품제조',28250),('14160','대영포장',1180),('7330','푸른저축은행',8480),('2760','보락',2135),('141000','비아트론',10550),('35620','바른손이앤에이',1810),('92440','기신정기',4370),('9200','무림페이퍼',3065),('100090','삼강엠앤티',4620),('263770','유에스티',5360),('309900','티티씨디펜스',12700),('60590','씨티씨바이오',6570),('46140','SBS콘텐츠허브',5910),('11330','유니켐',1950),('234920','자이글',9360),('46210','파나진',3935),('72870','메가스터디',10600),('89890','코세스',7490),('289010','아이스크림에듀',9980),('5710','대원산업',6280),('900300','오가닉티코스메틱',2210),('1260','남광토건',12800),('10040','한국내화',5490),('130580','나이스디앤비',8150),('38680','에스넷',7770),('16710','대성홀딩스',7750),('56080','유진로봇',3320),('4440','대림씨엔에스',9780),('12800','대창',1365),('39860','나노엔텍',4730),('144620','코오롱머티리얼',1810),('109610','에스와이',4980),('63170','서울옥션',7340),('160550','NEW',4445),('65060','지엔코',1265),('40350','큐로컴',1130),('152550','한국ANKOR유전',1765),('39340','한국경제TV',5360),('14530','극동유화',3535),('7810','코리아써키트',5210),('89140','넥스턴',10350),('42420','네오위즈홀딩스',13800),('138360','에이씨티',4480),('108380','대양전기공업',12750),('101160','월덱스',7370),('10960','삼호개발',4865),('65710','서호전기',23600),('47400','유니온머티리얼',2890),('126870','뉴로스',5370),('289080','SV인베스트먼트',2275),('1045','CJ우',53300),('19440','세아특수강',14050),('200710','에이디테크놀로지',13000),('51360','토비스',7200),('68790','DMS',5220),('5110','한창',3450),('3160','디아이',3810),('17180','명문제약',4885),('12690','모나리자',3275),('54210','이랜텍',5690),('290380','대유',13200),('263540','샘코',14900),('20710','시공테크',5950),('214330','금호에이치티',5180),('227840','현대코퍼레이션홀딩스',13100),('82800','루미마이크로',1600),('117670','알파홀딩스',8350),('101140','비티원',3530),('23000','삼원강재',2970),('264900','크라운제과',9470),('19550','SBI인베스트먼트',731),('23760','한국캐피탈',702),('109960','에이프로젠 H&G',660),('53280','예스24',6850),('103590','일진전기',3175),('127160','매직마이크로',1970),('87730','네패스신소재',6690),('42370','비츠로테크',5260),('255220','SG',9400),('225330','씨엠에스에듀',6300),('33530','세종공업',5200),('9780','엠에스씨',6640),('4840','DRB동일',5850),('13870','지엠비코리아',6110),('35610','솔본',4255),('36670','KCI',10300),('40420','정상제이엘에스',7390),('22220','정산애강',2235),('16090','대현',2605),('33100','제룡전기',7180),('53300','한국정보인증',3700),('241790','오션브릿지',12100),('34300','신세계건설',28800),('12160','영흥철강',1340),('79940','가비아',8490),('32560','황금에스티',8200),('34940','조아제약',4055),('86960','한컴MDS',13000),('7540','샘표',39850),('288620','에스퓨얼셀',19900),('94280','효성ITX',9890),('1550','조비',22000),('16880','웅진',1540),('197210','리드',6410),('100840','S&TC',15200),('2630','오리엔트바이오',499),('228340','동양파일',5700),('52420','오성첨단소재',2035),('66620','국보디자인',15150),('9155','삼성전기우',39000),('238490','힘스',20000),('02826K','삼성물산우B',69500),('3100','선광',17100),('1840','이화공영',5690),('82740','HSD엔진',3420),('155650','와이엠씨',5640),('13990','아가방컴퍼니',3425),('227610','아우딘퓨쳐스',11250),('130660','한전산업',3450),('14280','금강공업',4630),('93190','빅솔론',5830),('89230','THE E&M',1065),('12200','계양전기',3430),('65510','휴비츠',9410),('73570','WI',8060),('246710','티앤알바이오팹',13400),('46120','오르비텍',4675),('10820','퍼스텍',2375),('26180','현대정보기술',1855),('53690','한미글로벌',10050),('120240','대정화금',15500),('33830','티비씨',1100),('173940','에프엔씨엔터',7630),('47770','코데즈컴바인',2895),('187220','디티앤씨',10000),('9300','삼아제약',17150),('69460','대호에이엘',4020),('185490','아이진',9850),('100220','비상교육',8370),('99750','이지케어텍',17000),('11785','금호석유우',35900),('71460','위니아딤채',3015),('1070','대한방직',20450),('25750','한솔홈데코',1345),('96630','에스코넥',1660),('2900','동양물산',1655),('47820','초록뱀',1415),('17370','우신시스템',5900),('3060','에이프로젠제약',1000),('49520','유아이엘',4955),('5870','휴니드',7640),('19010','베뉴지',2230),('67000','조이시티',9120),('48870','시너지이노베이션',1720),('1140','국보',6380),('25560','미래산업',169),('60560','홈센타홀딩스',1260),('91970','나노캠텍',4670),('14580','백광소재',3870),('5800','신영와코루',118500),('238200','비피도',26050),('52860','아이앤씨',6090),('168330','내츄럴엔도텍',5150),('105840','우진',5620),('65150','MP그룹',1315),('100030','모바일리더',32350),('58430','포스코강판',17700),('102120','어보브반도체',6080),('950140','잉글우드랩',5340),('2880','대유에이텍',990),('78590','두올산업',2000),('17040','광명전기',2430),('34810','해성산업',10750),('18000','유니슨',1120),('126880','제이엔케이히터',5100),('91590','남화토건',8900),('36000','예림당',4530),('195990','유지인트',943),('14710','사조씨푸드',6040),('650','천일고속',72700),('67310','하나마이크론',4095),('9320','대우부품',2175),('37330','인지디스플레',2910),('88910','동우팜투테이블',4010),('38460','바이오스마트',5180),('211270','AP위성',6880),('215100','로보로보',5800),('2800','신신제약',6800),('93920','서원인텍',5540),('120030','조선선재',81900),('6580','대양제지',3830),('83310','엘오티베큠',7750),('205100','엑셈',3030),('194480','데브시스터즈',9150),('53350','이니텍',5180),('219420','링크제니시스',10250),('69410','엔텔스',14850),('111110','호전실업',12800),('9810','엔케이물산',1225),('32820','우리기술',1070),('71970','STX중공업',3640),('69920','아이에스이커머스',4005),('75180','새론오토모티브',5320),('7860','서연',4350),('242040','나무기술',3505),('41440','에버다임',5690),('38160','팍스넷',9200),('42510','라온시큐어',3200),('65170','넥스트BT',1640),('3080','성보화학',5070),('26040','제이에스티나',6140),('9730','코센',1580),('16790','현대사료',16450),('234300','에스트래픽',8470),('55490','테이팩스',21400),('192250','케이사인',1560),('11560','세보엠이씨',9580),('58730','다스코',6550),('220260','켐트로스',4195),('1470','삼부토건',807),('170920','엘티씨',13300),('234070','에이원알폼',28300),('1570','금양',2270),('24950','삼천리자전거',7530),('216280','원텍',24700),('258830','세종메디칼',14650),('53700','삼보모터스',6220),('3480','한진중공업홀딩스',3360),('215790','이노인스트루먼트',4890),('4450','삼화왕관',46000),('83930','아바코',6190),('104200','NHN벅스',6670),('66590','우수AMS',4000),('257370','명성티엔에스',15500),('15590','큐로',782),('107590','미원홀딩스',42300),('33130','디지틀조선',2655),('85310','엔케이',1230),('43090','팜스웰바이오',3385),('221840','하이즈항공',5540),('94170','동운아나텍',7190),('14100','보령메디앙스',8280),('6910','보성파워텍',2130),('850','화천기공',44350),('94850','참좋은여행',6960),('226360','이엑스티',3600),('7590','동방아그로',7100),('64800','필링크',1510),('140670','알에스오토메이션',10600),('80220','제주반도체',3370),('4080','신흥',10050),('217620','디딤',2605),('263700','케어랩스',15000),('9070','KCTC',3210),('9470','삼화전기',14550),('118990','모트렉스',3530),('33320','제이씨현시스템',5030),('217600','켐온',1505),('79970','투비소프트',3625),('131100','리켐',3550),('2600','조흥',160000),('19660','글로본',3300),('48910','대원미디어',7610),('1750','한양증권',7510),('41930','동아화성',6050),('8250','이건산업',8720),('38060','루멘스',2020),('6980','우성사료',3085),('88130','동아엘텍',8720),('27710','팜스토리',1075),('35290','더블유에프엠',3965),('140070','서플러스글로벌',2565),('253840','수젠텍',7320),('2300','한국제지',18900),('49480','오픈베이스',3010),('40','KR모터스',499),('23800','인지컨트롤스',6230),('191600','티케이씨',36300),('140610','엔솔바이오사이언스',10950),('11000','진원생명과학',4445),('87260','모바일어플라이언스',6270),('900260','로스웰',1035),('3580','넥스트사이언스',4000),('148250','알엔투테크놀로지',13750),('260660','알리코제약',9760),('950130','엑세스바이오',3455),('101240','씨큐브',11600),('9190','대양금속',7580),('4770','써니전자',3040),('3610','방림',2200),('73640','삼원테크',1680),('58850','KTcs',2180),('224060','코디엠',636),('133820','화인베스틸',3145),('21080','에이티넘인베스트',1935),('200470','하이셈',5280),('300','대유플러스',883),('267790','배럴',11850),('94820','일진파워',6140),('4540','깨끗한나라',2485),('24060','흥구석유',6160),('1380','SG충방',2050),('86080','다이노나',6000),('180060','탑선',11500),('104620','노랑풍선',19300),('12320','경동인베스트',38850),('9440','KC그린홀딩스',4090),('900310','컬러레이',1695),('11150','CJ씨푸드',2545),('14970','삼륭물산',6020),('106190','하이텍팜',12800),('308100','까스텔바쟉',13750),('131290','티에스이',8200),('90850','이지웰페어',8320),('49630','재영솔루텍',1245),('80720','한국유니온제약',15350),('10690','화신',2595),('193250','와이제이엠게임즈',1985),('92460','한라IMS',7710),('64090','에프앤리퍼블릭',1400),('16600','큐캐피탈',646),('174880','장원테크',2990),('290740','액트로',9020),('6340','대원전선',1325),('51160','지어소프트',6190),('49080','기가레인',1725),('100660','서암기계공업',7150),('61250','화일약품',6250),('23450','동남합성',24850),('31820','콤텍시스템',1880),('222420','쎄노텍',2240),('72470','우리산업홀딩스',4760),('134380','미원화학',40750),('21040','대호피앤씨',1220),('5010','휴스틸',11700),('139670','키네마스터',12700),('5190','동성화학',16700),('86040','바이오톡스텍',6100),('142280','녹십자엠에스',9250),('900270','헝셩그룹',1110),('250060','모비스',2760),('78940','코드네이처',1490),('38340','UCI',5860),('176750','듀켐바이오',10000),('41460','한국전자인증',4125),('259630','엠플러스',17300),('79190','EMW',2780),('122350','삼기오토모티브',2855),('33170','시그네틱스',1030),('78140','대봉엘에스',7960),('27040','서울전자통신',1265),('65680','우주일렉트로',8860),('160980','싸이맥스',8320),('145210','세화아이엠씨',2990),('80000','에스엔유',2560),('263690','디알젬',7740),('19685','대교우B',4510),('134790','시디즈',43800),('17550','수산중공업',1620),('71670','에이테크솔루션',8720),('16740','두올',3220),('57880','필로시스헬스케어',2170),('198440','고려시멘트',2725),('96690','제이스테판',2405),('43290','케이맥',12200),('43200','파루',2495),('90370','메타랩스',1665),('90710','휴림로봇',1060),('119830','아이텍',13500),('229000','젠큐릭스',16050),('94940','푸른기술',13150),('47560','이스트소프트',8730),('92070','디엔에프',8030),('47080','한빛소프트',3485),('214680','디알텍',1770),('163560','동일고무벨트',6430),('46070','코다코',2195),('65950','웰크론',3155),('79960','동양이엔피',10900),('41650','상신브레이크',3980),('182360','큐브엔터',3205),('3547','대신증권2우B',8510),('149980','하이로닉',6000),('187870','디바이스이엔지',12450),('53590','한국테크놀로지',1185),('220100','퓨쳐켐',14650),('84730','팅크웨어',8070),('42040','케이피엠테크',910),('2200','수출포장',21000),('122310','제노레이',18350),('66130','하츠',6550),('137400','피엔티',4725),('33540','파라텍',4930),('90740','연이정보통신',5220),('104460','동양피엔에프',7790),('222110','팬젠',8650),('99440','스맥',3015),('108860','셀바스AI',3780),('6660','삼성공조',10250),('285490','노바텍',18000),('36120','SCI평가정보',2345),('4780','대륙제관',5230),('10240','흥국',6740),('105740','디케이락',10050),('56360','코위버',8470),('66430','와이오엠',6790),('214610','미코바이오메드',7200),('196450','디오스텍',665),('41910','에스텍파마',6930),('83660','CSA 코스믹',4170),('26150','특수건설',5490),('40300','YTN',1960),('21820','세원정공',8210),('327610','펨토바이오메드',15050),('217500','러셀',2580),('25440','대성엘텍',823),('95500','미래나노텍',3520),('126600','코프라',3880),('119650','KC코트렐',6290),('9770','삼정펄프',32700),('57540','옴니시스템',2005),('109860','동일금속',11650),('5360','모나미',4305),('205500','액션스퀘어',3070),('150840','인트로메딕',3710),('102210','해덕파워웨이',1100),('39610','화성밸브',7780),('171010','램테크놀러지',7060),('58860','KTis',2325),('37350','성도이엔지',5210),('67570','엔브이에이치코리아',2805),('14190','원익큐브',2275),('4910','조광페인트',6270),('53620','태양',9300),('137950','제이씨케미칼',3745),('20120','키다리스튜디오',5050),('24880','케이피에프',4590),('112240','에스에프씨',1815),('03473K','SK우',141000),('58630','엠게임',4080),('50540','한국코퍼레이션',2055),('43340','에쎈테크',1105),('13310','아진산업',2620),('15230','대창단조',39700),('51630','진양화학',6610),('17510','세명전기',5200),('36260','이매진아시아',2220),('24800','유성티엔에스',2910),('2720','국제약품',4300),('44480','바이오제네틱스',6440),('900280','골든센츄리',847),('114810','아이원스',5890),('203400','에이비온',6370),('39010','현대통신',9150),('1080','만호제강',19000),('53450','세코닉스',6680),('124500','아이티센',4860),('204630','화이브라더스코리아',2750),('500','가온전선',18900),('30350','드래곤플라이',4905),('8260','NI스틸',2745),('2920','유성기업',3025),('105550','트루윈',7100),('2230','피에스텍',3985),('4720','우리들제약',6760),('76610','해성옵틱스',2520),('14130','한익스프레스',6500),('68330','일신바이오',1760),('65350','신성델타테크',3210),('63440','SM Life Design',1720),('66310','큐에스아이',9340),('2140','고려산업',3095),('44960','이글벳',6100),('13360','일성건설',1425),('129260','인터지스',2585),('10660','화천기계',3495),('66110','한프',1455),('246720','아스타',6690),('26940','부국철강',3840),('69540','라이트론',5420),('157','두산2우B',77700),('40610','SG&G',2245),('14440','영보화학',3820),('228180','티씨엠생명과학',24000),('155660','DSR',4770),('204840','지엘팜텍',2130),('131400','액트',4370),('32850','비트컴퓨터',4560),('900340','윙입푸드',1875),('66670','디스플레이텍',4050),('78650','코렌',1850),('36090','위지트',1040),('31310','아이즈비전',4795),('215380','우정바이오',3010),('156100','엘앤케이바이오',7010),('60370','KT서브마린',3440),('910','유니온',4810),('92200','디아이씨',3130),('14570','고려제약',6820),('225650','쿠첸',7020),('94840','슈프리마에이치큐',7160),('73010','케이에스피',2070),('84670','동양고속',25750),('150440','피노텍',7790),('48470','대동스틸',7430),('37370','EG',9890),('11090','에넥스',1235),('5860','한일사료',1880),('114120','크루셜텍',1125),('5750','대림B&Co',4435),('78860','아이오케이',1860),('123410','코리아에프티',2650),('45660','에이텍',8930),('123570','이엠넷',3310),('36170','씨티젠',2275),('290660','네오펙트',6170),('134780','화진',3060),('10400','우진아이엔에스',9650),('148140','비디아이',9280),('49720','고려신용정보',5140),('83420','그린케미칼',3675),('50860','아세아텍',4200),('50120','라이브플렉스',860),('12790','신일제약',9270),('66900','디에이피',3215),('19180','티에이치엔',4060),('4090','한국석유',111500),('50320','에이앤티앤',3220),('241820','피씨엘',8150),('302550','리메드',14000),('6740','영풍제지',3280),('93520','매커스',4500),('6090','사조오양',7710),('226610','한국비엔씨',12000),('65940','바이오빌',1635),('50760','에스폴리텍',4400),('1020','페이퍼코리아',799),('37270','YG PLUS',1235),('18620','우진비앤지',2760),('590','CS홀딩스',61800),('305090','마이크로디지탈',19600),('64510','에코마이스터',5620),('171090','선익시스템',7890),('69640','한세엠케이',5500),('79950','인베니아',3060),('84180','수성',5820),('6140','피제이전자',4730),('80010','이상네트웍스',7840),('40160','누리텔레콤',5850),('226440','한송네오텍',1780),('6370','대구백화점',6510),('41590','에너전트',1490),('58220','아리온',777),('220','유유제약',11050),('66410','버킷스튜디오',3000),('38530','골드퍼시픽',2125),('115310','인포바인',22000),('60480','국일신동',6330),('38070','서린바이오',9600),('83550','케이엠',6910),('219750','지티지웰니스',11200),('119850','지엔씨에너지',4290),('19590','엠벤처투자',1160),('160600','에스엔텍',5830),('69730','DSR제강',4830),('33430','디에스티',1240),('1560','제일연마',6930),('9310','참엔지니어링',1375),('101400','엔시트론',588),('43710','서울리거',2345),('97870','효성오앤비',8150),('32940','원익',3850),('46970','우리로',2785),('214310','세미콘라이트',1035),('43650','국순당',3865),('46940','우원개발',4020),('49430','코메론',7610),('42940','상지카일룸',1660),('7630','폴루스바이오팜',1760),('65450','빅텍',2805),('114450','KPX생명과학',4580),('263800','데이타솔루션',4370),('84870','TBH글로벌',3290),('46390','삼화네트웍스',1590),('17650','대림제지',1520),('4590','한국가구',4555),('24890','대원화성',1655),('39020','이건홀딩스',3020),('7610','선도전기',3780),('208350','지란지교시큐리티',1750),('42110','에스씨디',1405),('12280','영화금속',1490),('208640','썸에이지',887),('90410','덕신하우징',1685),('10770','평화홀딩스',4615),('138610','나이벡',6810),('56730','포스링크',1460),('39420','케이엘넷',2790),('49550','잉크테크',4205),('17480','삼현철강',4285),('290550','디케이티',8170),('35480','제이테크놀로지',1475),('92780','동양피스톤',5090),('24120','KB오토시스',5820),('6805','미래에셋대우우',4750),('27830','대성창투',1670),('110020','전진바이오팜',14100),('94360','칩스앤미디어',9000),('83650','비에이치아이',2565),('241520','DSC인베스트먼트',3695),('78935','GS우',37300),('39230','에이아이비트',817),('3010','혜인',5230),('4410','서울식품',197),('11500','한농화성',4250),('233250','메디안디노스틱',38000),('31510','오스템',2550),('54930','유신',22100),('6880','신송홀딩스',5600),('53260','금강철강',3530),('36480','대성미생물',17350),('41520','이라이콤',5400),('48430','유라테크',5700),('68940','아이씨케이',2105),('117730','티로보틱스',12150),('206400','엔터메이트',787),('189980','흥국에프엔비',8930),('8870','금비',65400),('11700','한신기계',2015),('25550','한국선재',2665),('2820','선창산업',5180),('8600','윌비스',1145),('54180','중앙오션',2420),('900040','차이나그레이트',518),('277070','린드먼아시아',4820),('25820','이구산업',1945),('234100','세원',2900),('79650','서산',3235),('6890','태경화학',5560),('86670','비엠티',7900),('147830','제룡산업',6430),('64290','인텍플러스',5820),('53110','소리바다',1055),('71280','로체시스템즈',4200),('131090','시큐브',1690),('54940','엑사이엔씨',1935),('109070','컨버즈',3260),('4830','덕성',4085),('6570','대림통상',4200),('52900','KMH하이텍',1360),('33310','디케이디앤아이',2900),('66360','체리부로',2285),('36010','아비코전자',4790),('204020','엠코르셋',6310),('33200','모아텍',4430),('18470','조일알미늄',911),('154030','아시아종묘',6880),('33560','블루콤',3505),('53660','현진소재',2645),('264660','씨앤지하이테크',7530),('41920','메디아나',7300),('252500','세화피앤씨',3040),('81150','티플랙스',2595),('72770','네오디안테크놀로지',1750),('56090','유앤아이',8120),('32980','바이온',1320),('123840','한일진공',1115),('75970','동국알앤에스',3395),('21050','서원',1315),('39980','리노스',1575),('80520','오디텍',5300),('57030','와이비엠넷',3810),('39310','세중',3415),('142210','유니트론텍',6230),('204990','현성바이탈',1955),('114570','지스마트글로벌',652),('225430','케이엠제약',2880),('118000','우리들휴브레인',2530),('109820','진매트릭스',3465),('147760','마이크로프랜드',5680),('48770','TPC',4755),('59210','메타바이오메드',2570),('42500','링네트',4105),('8420','문배철강',2990),('220180','핸디소프트',3940),('63760','이엘피',12400),('83500','에프엔에스테크',8200),('88390','이녹스',6490),('45890','GV',2100),('217330','싸이토젠',10750),('37440','희림',4340),('303360','프로테옴텍',13850),('4140','동방',1800),('39290','인포뱅크',6920),('52670','제일바이오',4005),('38870','에코바이오',5170),('51490','나라엠앤디',4225),('10470','오리콤',5210),('131180','딜리',2035),('218150','미래생명자원',3195),('208860','엔지스테크널러지',6080),('128660','피제이메탈',2400),('65770','CS',3145),('97800','윈팩',1640),('36690','코맥스',4060),('16670','포비스티앤씨',1475),('1620','케이비아이동국실업',895),('80470','성창오토텍',8090),('59120','아진엑스텍',8500),('196300','애니젠',11700),('184230','SGA솔루션즈',1600),('106240','파인테크닉스',1560),('208140','정다운',2850),('13700','까뮤이앤씨',1295),('1000','신라섬유',2405),('5305','롯데칠성우',75300),('72990','에이치시티',8490),('99220','SDN',1375),('23440','제일제강',1975),('44060','조광ILI',5890),('24830','세원물산',6970),('91340','S&K폴리텍',4970),('208710','바이오로그디바이스',2080),('54300','팬스타엔터프라이즈',1225),('5670','푸드웰',7250),('140520','대창스틸',2900),('19540','일지테크',4290),('36710','심텍홀딩스',1620),('37760','쎄니트',1710),('96610','알에프세미',7120),('49830','승일',9420),('54920','한컴시큐어',3065),('95910','에스에너지',4310),('96040','이트론',240),('115500','케이씨에스',4795),('51980','센트럴바이오',1290),('90080','평화산업',1535),('127710','아시아경제',2250),('24840','KBI메탈',1740),('1275','부국증권우',19100),('8110','대동전자',5460),('37230','한국팩키지',2290),('46110','한일네트웍스',4785),('120115','코오롱인더우',20650),('8800','스튜디오썸머',1770),('213090','미래테크놀로지',9320),('83450','GST',6110),('94190','이엘케이',787),('54090','삼진엘앤디',2275),('253590','네오셈',1575),('96350','대창솔루션',522),('1810','무림SP',2555),('900080','에스앤씨엔진그룹',455),('42600','새로닉스',4525),('219550','MP한강',989),('3280','흥아해운',575),('115440','우리넷',8790),('104540','코렌텍',5630),('60540','에스에이티',2140),('52220','iMBC',2425),('68050','팬엔터테인먼트',4045),('17250','인터엠',2630),('18680','서울제약',6510),('33230','인성정보',2880),('45060','오공',3255),('82850','우리바이오',1225),('39670','한류타임즈',917),('6920','모헨즈',5010),('47920','씨트리',3950),('23460','CNH',1470),('263810','상신전자',5740),('41020','인프라웨어',1455),('246960','이노테라피',10800),('123700','SJM',3490),('10100','한국프랜지',1785),('96300','베트남개발1',420),('32680','소프트센',1645),('7280','한국특수형강',1670),('2710','TCC스틸',2415),('92870','엑시콘',6070),('93240','형지엘리트',1730),('65500','오리엔트정공',459),('45510','정원엔시스',1670),('64820','케이프',2100),('101170','우림기계',3970),('81580','성우전자',3450),('71850','캐스텍코리아',3225),('49120','파인디앤씨',2050),('52190','이에스에이',1850),('260870','시그넷이브이',11150),('11420','갤럭시아에스엠',1925),('138070','신진에스엠',5910),('187790','나노',2055),('52300','W홀딩컴퍼니',400),('133750','메가엠디',2365),('84650','랩지노믹스',5810),('222980','한국맥널티',10600),('89850','유비벨록스',7400),('72130','유엔젤',3985),('258250','셀젠텍',13500),('75130','플랜티넷',5830),('66910','손오공',2385),('13000','세우글로벌',1815),('59100','아이컴포넌트',7360),('3310','대주산업',1470),('32750','삼진',8670),('58530','슈펙스비앤피',812),('101390','아이엠',1230),('10280','쌍용정보통신',1280),('92300','현우산업',3615),('96640','멜파스',2325),('32800','판타지오',711),('265560','영화테크',9660),('101730','조이맥스',6070),('25950','동신건설',6130),('27580','상보',1625),('217950','파마리서치바이오',12650),('6110','삼아알미늄',4620),('104040','대성파인텍',1620),('221980','케이디켐',12550),('230980','솔트웍스',4010),('114630','우노앤컴퍼니',3720),('43220','에이치엘비파워',820),('51380','피씨디렉트',6200),('00499K','롯데지주우',50600),('275630','에스에스알',8600),('2870','신풍제지',1425),('87600','픽셀플러스',6090),('215090','리퓨어유니맥스',2530),('37030','파워넷',4130),('170030','현대공업',3220),('50090','휘닉스소재',714),('126340','비나텍',11900),('105','유한양행우',208500),('29480','바른테크놀로지',1120),('85810','알티캐스트',2310),('92600','앤씨앤',3640),('154040','솔루에타',3920),('189690','포시에스',6500),('73540','에프알텍',4285),('67920','이글루시큐리티',4435),('217820','엔에스',9920),('760','이화산업',17300),('5320','국동',1755),('263860','지니언스',5120),('8470','부스타',5750),('49470','SGA',999),('10580','지코',835),('25530','SJM홀딩스',3230),('85670','뉴프렉스',2280),('8370','원풍',4015),('62860','티엘아이',4880),('31980','피에스케이홀딩스',8650),('71950','코아스',1555),('177830','파버나인',4435),('215480','토박스코리아',1175),('88790','진도',3855),('28080','휴맥스홀딩스',3795),('13810','스페코',3250),('23150','MH에탄올',6450),('128540','에코캡',3265),('205470','휴마시스',1695),('23350','한국종합기술',4340),('60900','케이알피앤이',895),('131760','파인텍',1105),('3780','진양산업',3645),('237750','피앤씨테크',7270),('2220','한일철강',2110),('53050','지에스이',1570),('141020','포티스',893),('43910','자연과환경',1380),('2070','남영비비안',6820),('54630','에이디칩스',1730),('12860','서연전자',1730),('256940','케이피에스',10900),('65570','삼영이엔씨',5300),('123330','제닉',6660),('106520','디지탈옵틱',669),('20180','대신정보통신',1210),('7120','미래아이앤지',359),('14910','성문전자',2385),('32960','동일기연',14150),('7370','진양제약',3870),('24900','덕양산업',1425),('2680','한탑',2230),('39240','경남스틸',1855),('111820','지와이커머스',2250),('33250','체시스',1925),('238120','로고스바이오',12850),('203450','유니온커뮤니티',3140),('250000','보라티알',6820),('159910','스킨앤스킨',398),('24740','한일단조',1535),('170790','파이오링크',6690),('38620','위즈코프',1180),('181340','이즈미디어',6500),('224110','에이텍티앤',8560),('54540','삼영엠텍',3515),('290270','휴네시온',9510),('143540','영우디에스피',1505),('53290','NE능률',3360),('57680','옴니텔',1345),('246690','TS인베스트먼트',2020),('32540','TJ미디어',3250),('277410','인산가',1715),('139050','데일리블록체인',1005),('65690','파커스',3230),('122690','서진오토모티브',2305),('269620','시스웍',2500),('155900','바다로19호',2960),('50960','수산아이앤티',6650),('94970','제이엠티',2680),('44380','주연테크',420),('76080','웰크론한텍',2295),('86250','화신테크',3290),('101930','인화정공',4780),('3465','유화증권우',12750),('136510','쎄미시스코',8250),('85910','네오티스',4030),('279600','미디어젠',12000),('21650','한국큐빅',2700),('86060','진바이오텍',5110),('71090','하이스틸',21850),('150900','파수닷컴',4540),('9620','삼보산업',2110),('263020','디케이앤디',5600),('52460','아이크래프트',2950),('38950','파인디지털',4215),('207490','에이펙스인텍',11950),('127120','디엔에이링크',3740),('27970','세하',1450),('64850','에프앤가이드',3895),('2410','범양건영',1725),('177350','베셀',3815),('123010','옵토팩',8220),('302920','더콘텐츠온',16400),('80530','코디',3590),('51390','YW',3745),('293580','나우아이비캐피탈',4485),('53270','구영테크',1610),('89150','케이씨티',2475),('440','중앙에너비스',6810),('78350','한양디지텍',4230),('2690','동일제강',2820),('46310','백금T&A',2745),('192390','윈하이텍',4100),('19570','리더스 기술투자',795),('4100','태양금속',1145),('36620','버추얼텍',909),('19990','에너토크',4295),('49800','우진플라임',4190),('121890','에스디시스템',4630),('900070','글로벌에스엠',778),('153490','우리이앤엘',837),('24070','WISCOM',2720),('36640','HRS',2545),('89530','에이티세미콘',585),('6050','국영지앤엠',1190),('32080','아즈텍WB',1985),('126640','화신정공',1140),('14940','오리엔탈정공',907),('65420','에스아이리소스',639),('24910','경창산업',1150),('131220','대한과학',5520),('35460','기산텔레콤',2820),('60260','뉴보텍',1530),('263600','덕우전자',5160),('43100','솔고바이오',254),('900120','씨케이에이치',372),('18500','동원금속',877),('65440','이루온',1500),('161570','THE MIDONG',2960),('122050','아이엘사이언스',6070),('145270','케이탑리츠',905),('225590','패션플랫폼',1530),('79000','와토스코리아',5660),('7770','한일화학',11600),('89790','제이티',3940),('23810','인팩',4050),('5820','원림',18400),('109080','옵티시스',7180),('9140','경인전자',25750),('246250','에스엘에스바이오',5900),('189860','서전기전',4150),('236030','씨알푸드',20300),('32580','피델릭스',1685),('28040','미래SCI',1145),('12620','원일특강',9100),('186230','그린플러스',12500),('219130','타이거일렉',6330),('258540','스템랩',22900),('2290','삼일기업공사',3200),('38010','제일테크노스',4405),('212560','네오오토',5020),('48830','엔피케이',2110),('25880','케이씨피드',2350),('31860','엔에스엔',1645),('51780','큐로홀딩스',613),('44180','KD건설',99),('3680','한성기업',6330),('70590','한솔인티큐브',2790),('72950','빛샘전자',6430),('115480','씨유메디칼',2425),('175140','인포마크',10600),('8775','호텔신라우',51100),('9180','한솔로지스틱스',1390),('64480','브리지텍',3190),('17000','신원종합개발',3785),('3720','삼영화학',1120),('258610','이더블유케이',5150),('114190','웰크론강원',2420),('38110','에코플라스틱',1475),('70300','한솔시큐어',5120),('53160','프리엠스',6240),('30720','동원수산',8040),('173130','오파스넷',9270),('251280','안지오랩',20600),('93640','다믈멀티미디어',3425),('54040','한국컴퓨터',2300),('32280','삼일',2270),('311840','대원모방',23100),('52600','한네트',3180),('1420','태원물산',4835),('23960','에쓰씨엔지니어링',1465),('6200','한국전자홀딩스',781),('32860','GMR 머티리얼즈',540),('130500','GH신소재',3300),('16920','카스',1690),('172580','하이골드12호',2775),('66790','씨씨에스',423),('18700','바른손',2185),('115530','씨엔플러스',839),('15540','메디파트너생명공학',6490),('260970','에스앤디',117500),('119500','포메탈',3010),('141070','맥스로텍',1430),('45300','성우테크론',3850),('73190','듀오백',2955),('28513K','SK케미칼우',24150),('122800','썬텍',1000),('136660','큐엠씨',3700),('23790','동일철강',4730),('5450','신한',4945),('43590','크로바하이텍',1490),('56000','신스타임즈',2475),('15260','에이엔피',418),('230400','자비스',9720),('196700','웹스',2525),('195440','퓨전데이타',358),('43260','성호전자',965),('206950','볼빅',8200),('3925','남양유업우',205000),('93380','풍강',3450),('67010','이씨에스',4530),('251960','엠에프엠코리아',3260),('123750','알톤스포츠',2650),('134060','이퓨쳐',7060),('19770','서연탑메탈',2855),('227950','마이크로텍',1750),('233990','질경이',2470),('21880','메이슨캐피탈',334),('10420','한솔PNS',1610),('197140','디지캡',4435),('1210','금호전기',3270),('35200','프럼파스트',3325),('223310','이에스브이',286),('208370','셀바스헬스케어',2300),('69140','누리플랜',5940),('24850','피에스엠씨',829),('11300','성안',560),('187270','신화콘텍',3120),('20400','대동금속',13150),('8830','대동기어',3495),('98660','에스티오',3715),('108675','LG하우시스우',30300),('44780','에이치케이',1690),('11230','삼화전자',2975),('103230','에스앤더블류',4315),('221610','한솔씨앤피',7760),('284420','휴럼',8500),('191410','육일씨엔에쓰',3270),('86220','네추럴FNP',2880),('158310','인터불스',2520),('226400','오스테오닉',3595),('79170','한창산업',5840),('299480','지앤이헬스케어',2735),('99410','동방선기',2240),('90150','광진윈텍',3140),('12600','청호컴넷',3615),('60380','동양에스텍',3015),('178600','대동고려삼',6750),('115570','스타플렉스',4615),('12170','키위미디어그룹',150),('12340','뉴인텍',546),('33050','제이엠아이',907),('101670','코리아에스이',1560),('200580','메디쎄이',8460),('232530','이엠티',2900),('91440','텔레필드',3200),('281310','바이오시네틱스',11100),('60300','레드로버',610),('79810','디이엔티',3225),('115610','이미지스',3770),('226350','아이엠텍',1170),('236340','메디젠휴먼케어',12500),('98120','마이크로컨텍솔',3460),('1465','BYC우',133500),('153360','하이골드3호',1780),('134580','디엠티',2550),('211050','인카금융서비스',6370),('39740','한국정보공학',3560),('159650','하이골드8호',1900),('950','전방',16850),('10640','진양폴리',2830),('103130','웅진에너지',914),('77280','한컴지엠디',2400),('88290','이원컴포텍',1970),('15020','이스타코',653),('94860','코닉글로리',587),('67730','로지시스',2980),('37400','우리조명',1115),('64520','바른전자',2090),('3475','유안타증권우',2150),('130740','티피씨글로벌',2705),('11080','형지I&C',706),('4920','씨아이테크',505),('2355','넥센타이어1우B',4200),('1770','신화실업',22400),('24940','PN풍년',2715),('153460','네이블',4135),('54340','피앤텔',6680),('43360','디지아이',2965),('82660','삼우엠스',550),('65370','위세아이텍',7790),('105330','케이엔더블유',4660),('222810','한류AI센터',1460),('2420','세기상사',64100),('99520','ITX엠투엠',1570),('45340','토탈소프트',3010),('216400','바이오코아',3700),('54220','비츠로시스',485),('52770','와이디온라인',805),('4365','세방우',6820),('900110','이스트아시아홀딩스',230),('227100','디자인',9380),('288490','나라소프트',1005),('33790','스카이문스테크놀로지',1440),('6125','SK디스커버리우',18100),('5030','부산주공',578),('204210','모두투어리츠',3075),('67770','세진티에스',2855),('80580','오킨스전자',3845),('267060','명진홀딩스',3300),('54410','케이피티유',4665),('8500','일정실업',19450),('58110','멕아이씨에스',4330),('182690','테라셈',1630),('256630','엔에이치스팩10호',3210),('58450','일야',1410),('7530','영신금속',1745),('135160','지오씨',3285),('189330','씨이랩',10000),('140910','에이리츠',6060),('26910','광진실업',3465),('149010','아이케이세미콘',6970),('33600','럭슬',1010),('25890','한국주강',1890),('19490','하이트론',3855),('17680','데코앤이',1460),('00806K','대덕전자1우',6390),('224810','엄지하우스',5020),('69330','유아이디',1770),('217190','제너셈',2395),('178780','유테크',1205),('243870','굿센',15550),('221800','유투바이오',11000),('258050','테크트랜스',2900),('76340','관악산업',4200),('13720','청보산업',2500),('250930','케이비제10호스팩',3915),('101680','한국정밀기계',2410),('205290','케미메디',2480),('210610','소프트캠프',8990),('96870','엘디티',3010),('278380','원바이오젠',9270),('121850','코이즈',1905),('25870','신라에스지',5010),('239890','피엔에이치테크',9700),('217880','틸론',6000),('18064K','한진칼우',37200),('58420','제이웨이',1060),('9415','태영건설우',7540),('113810','디젠스',587),('87','하이트진로2우B',16750),('99340','하나니켈1호',825),('1685','대상우',13600),('232680','라온테크',4300),('232830','시큐센',11500),('266870','파워풀엑스',2845),('319400','엔에이치스팩14호',2095),('3495','대한항공우',16250),('199150','데이터스트림즈',4400),('44990','에이치엔에스하이텍',2400),('53060','세동',829),('112190','KC산업',2670),('725','현대건설우',176000),('266170','앤유엔터테인먼트',7900),('222670','플럼라인생명과학',7180),('2995','금호산업우',58000),('242350','피엔아이컴퍼니',3555),('123260','파인넥스',701),('303030','대신밸런스제5호스팩',4090),('106080','지투하이소닉',798),('273060','엔에이치스팩12호',2175),('278990','파인이엠텍',4500),('323940','케이비제18호스팩',2070),('885','한화우',33750),('225220','제놀루션',5100),('291230','삼성스팩2호',2115),('329050','구스앤홈',13000),('75','삼양홀딩스우',49400),('256840','엔에이치스팩11호',2170),('224880','SGA임베디드',2990),('9835','한화케미칼우',13050),('5257','녹십자홀딩스2우',17000),('317320','한화에스비아이스팩',3255),('185190','수프로',3795),('80440','에스제이케이',1465),('210120','빅텐츠',7250),('120780','전우정밀',4385),('5725','넥센우',3745),('244880','나눔테크',2650),('145995','삼양사우',35900),('19175','신풍제약우',6030),('194510','파티게임즈',536),('241510','이에스산업',2190),('285770','라이프사이언스테크놀로지',4100),('202960','판도라티비',1095),('308700','테크엔',3200),('1745','SK네트웍스우',112500),('277480','신한제4호스팩',2125),('323350','다원넥스뷰',18050),('254120','IBKS제5호스팩',2805),('311060','엘에이티',10900),('1515','SK증권우',3115),('2025','코오롱우',11250),('12205','계양전기우',8580),('4255','NPC우',2270),('317030','케이비17호스팩',2110),('183410','골프존데카',2800),('284620','하나금융11호스팩',2100),('08537M','루트로닉3우C',12300),('265480','미래에셋대우스팩1호',2295),('163430','디피코',3670),('307070','SK4호스팩',2115),('199290','바이오프로테크',3395),('58970','엠로',2240),('307750','대신밸런스제6호스팩',2145),('291210','한국제7호스팩',2120),('121060','유니포인트',1790),('3535','한화투자증권우',2225),('281740','동부스팩5호',2200),('262830','대신밸런스제4호스팩',2100),('217320','썬테크',10000),('8355','남선알미우',34100),('264850','IBKS제6호스팩',2430),('297570','IBKS제9호스팩',3795),('158300','에스에이티이엔지',3255),('306620','DB금융스팩6호',2140),('4105','태양금속우',3105),('200350','래몽래인',5250),('222160','바이옵트로',1800),('270520','하나금융10호스팩',2195),('279060','이노벡스',1650),('307160','하나머스트제6호스팩',2180),('309930','삼성머스트스팩3호',2175),('307870','상상인이안1호스팩',2100),('192410','감마누',408),('3415','쌍용양회우',6400),('240340','인터코스',2945),('281410','한국제6호스팩',2170),('313750','유안타제4호스팩',2100),('299170','IBKS제10호스팩',2250),('267320','교보7호스팩',2420),('66830','제노텍',1735),('322780','DB금융스팩7호',2105),('83470','KJ프리텍',387),('323230','신한제5호스팩',2215),('162120','루켄테크놀러지스',5820),('265920','한화수성스팩',2120),('225850','미애부',2820),('307180','신영스팩4호',2145),('317240','하이제4호스팩',2115),('270660','에브리봇',8280),('261200','하나금융9호스팩',2170),('299670','에스엠비나',8410),('245450','씨앤에스링크',5800),('140290','청광종건',862),('148780','비플라이소프트',1905),('14825','동원시스템즈우',33850),('287410','유안타제3호스팩',2120),('4415','서울식품우',3970),('6345','대원전선우',3325),('5745','크라운해태홀딩스우',14500),('271740','한국제5호스팩',2170),('7575','일양약품우',19300),('238500','로보쓰리',1810),('270020','두원석재',2720),('1795','대한제당우',12900),('114920','대주이엔티',2410),('276920','IBKS제7호스팩',2280),('208850','이비테크',3650),('4985','성신양회우',11100),('257730','신한제3호스팩',2325),('307280','교보8호스팩',2180),('225','유유제약1우',7090),('83380','동북아13호',5000),('83370','동북아12호',4990),('311270','키움제5호스팩',2185),('14915','성문전자우',13100),('7815','코리아써우',2620),('323210','이베스트이안스팩1호',2420),('267810','앙츠',4995),('212310','휴벡셀',3790),('321260','유진스팩4호',2200),('189540','씨티네트웍스',3150),('323280','신영스팩5호',2170),('232330','SK3호스팩',2105),('279410','한화에이스스팩4호',2160),('30270','에스마크',998),('310840','엔에이치스팩13호',2200),('310200','미래에셋대우스팩2호',2465),('145','하이트진로홀딩스우',15800),('310870','한국제8호스팩',2160),('225860','엠앤씨생명과학',642),('258790','케이비제11호스팩',2260),('107640','한중엔시에스',1900),('264290','한화에이스스팩3호',2315),('4565','현대비앤지스틸우',64200),('103660','씨앗',1885),('101360','이엔드디',1130),('10145','삼성중공우',59300),('215050','비엔디생활건강',3205),('116100','태양기계',1085),('86460','에스엔피제네틱스',3660),('183350','LPK로보틱스',1400),('21045','대호피앤씨우',1545),('270210','에스알바이오텍',14000),('26490K','크라운제과우',8290),('11155','CJ씨푸드1우',31150),('215570','크로넥스',5920),('4545','깨끗한나라우',16750),('14285','금강공업우',10250),('4835','덕성우',4260),('140660','위월드',2355),('179720','옐로페이',468),('224020','에스케이씨에스',2050),('84695','대상홀딩스우',5930),('252370','유쎌',4000),('220110','드림티엔터테인먼트',669),('276240','엘리비젼',2235),('9275','신원우',57200),('90355','노루페인트우',11200),('3075','코오롱글로벌우',16500),('189350','코셋',1285),('1525','동양우',8230),('16385','동부제철우',31550),('99350','하나니켈2호',1525),('271780','비엔에프코퍼레이션',1650),('217910','에스제이켐',374),('221670','주노콜렉션',1430),('2785','진흥기업우B',5540),('5965','동부건설우',21000),('995','DB하이텍1우',40950),('1755','한양증권우',8320),('1065','JW중외제약우',25850),('2787','진흥기업2우B',14650),('545','흥국화재우',5450),('271850','다이오진',1395),('92590','럭스피아',565),('1067','JW중외제약2우B',41800),('325','노루홀딩스우',19150),('547','흥국화재2우B',22900),('84440','유비온',1165),('32685','소프트센우',24200),('00781K','코리아써키트2우B',4220),('149940','모다',155),('1527','동양2우B',10350),('227','유유제약2우B',18950),('1799','대한제당3우B',23650),('223220','아이피몬스터',256),('208890','에듀파트너',1385),('1529','동양3우B',30500),('227420','포레스팅블록체인',348),('247300','인프라웨어테크놀러지',418),('135270','세종머티리얼즈',104);
/*!40000 ALTER TABLE `tb_price_20190715` ENABLE KEYS */;
UNLOCK TABLES;

--
-- Table structure for table `tb_stock_category`
--

DROP TABLE IF EXISTS `tb_stock_category`;
/*!40101 SET @saved_cs_client     = @@character_set_client */;
/*!40101 SET character_set_client = utf8 */;
CREATE TABLE `tb_stock_category` (
  `category_code` char(6) DEFAULT NULL,
  `stock_code` char(6) DEFAULT NULL,
  KEY `category_code` (`category_code`),
  KEY `stock_code` (`stock_code`),
  CONSTRAINT `tb_stock_category_ibfk_1` FOREIGN KEY (`category_code`) REFERENCES `tb_category_list` (`category_code`) ON DELETE CASCADE ON UPDATE CASCADE,
  CONSTRAINT `tb_stock_category_ibfk_2` FOREIGN KEY (`stock_code`) REFERENCES `tb_stock_list` (`stock_code`) ON DELETE CASCADE ON UPDATE CASCADE
) ENGINE=InnoDB DEFAULT CHARSET=utf8;
/*!40101 SET character_set_client = @saved_cs_client */;

--
-- Dumping data for table `tb_stock_category`
--

LOCK TABLES `tb_stock_category` WRITE;
/*!40000 ALTER TABLE `tb_stock_category` DISABLE KEYS */;
INSERT INTO `tb_stock_category` VALUES ('71','028670'),('71','005880'),('71','044450'),('71','011200'),('71','003280'),('71','067900'),('25','005360'),('25','030960'),('25','068290'),('4','021240'),('4','024940'),('4','192400'),('4','008800'),('4','056080'),('4','284740'),('4','044340'),('4','234920'),('4','225650'),('4','067170'),('4','009450'),('4','066130'),('4','014470'),('4','037070'),('4','002700'),('58','032540'),('58','066570'),('58','078890'),('58','009140'),('58','066575'),('58','115160'),('58','057880'),('58','058220'),('58','064240'),('58','134580'),('58','028080'),('58','060570'),('58','038950'),('58','032750'),('58','084730'),('58','111870'),('58','087260'),('58','008700'),('58','054630'),('58','223310'),('65','029780'),('37','109820'),('37','166480'),('37','084990'),('37','215600'),('37','078160'),('37','085660'),('37','203690'),('37','217730'),('37','086820'),('37','226950'),('37','191420'),('37','095700'),('37','299660'),('37','214370'),('37','950160'),('37','174900'),('37','187420'),('37','185490'),('37','038070'),('37','042520'),('37','298380'),('37','145020'),('37','196170'),('37','217330'),('37','115180'),('37','011000'),('37','086900'),('37','206650'),('37','142760'),('37','196300'),('37','054050'),('37','087010'),('37','031390'),('37','092040'),('37','222110'),('37','039200'),('37','049960'),('37','064550'),('37','154030'),('37','208340'),('37','263050'),('37','268600'),('37','246710'),('51','000270'),('51','005380'),('51','005389'),('51','005385'),('51','005387'),('51','000040'),('51','003620'),('51','900140'),('11','030000'),('11','216050'),('11','010470'),('11','048550'),('11','035000'),('11','089600'),('11','214320'),('11','230360'),('11','123570'),('45','067630'),('45','112240'),('45','103130'),('45','078940'),('45','137950'),('45','095910'),('45','099220'),('45','043200'),('45','041590'),('45','011930'),('9','008350'),('9','008355'),('9','006570'),('9','083660'),('9','079000'),('9','014280'),('9','039020'),('9','090410'),('9','022220'),('9','192390'),('9','005750'),('9','006050'),('9','058730'),('9','060260'),('9','035200'),('9','038010'),('9','014285'),('9','018310'),('70','000120'),('70','086280'),('70','014130'),('70','000700'),('70','004365'),('70','052300'),('70','032280'),('70','004140'),('70','009070'),('70','002320'),('70','009180'),('70','129260'),('70','001140'),('70','004360'),('18','068400'),('18','084670'),('18','000650'),('18','095570'),('18','038390'),('18','024800'),('23','032640'),('23','017670'),('75','900250'),('75','005690'),('75','093370'),('75','104830'),('75','120240'),('75','115570'),('75','220260'),('75','025000'),('75','001340'),('75','104480'),('75','003240'),('75','005190'),('75','066430'),('75','005070'),('75','298000'),('75','051910'),('75','222420'),('75','298050'),('75','011500'),('75','131100'),('75','051915'),('75','002840'),('75','091970'),('75','011790'),('75','003080'),('75','004255'),('75','006650'),('75','007590'),('75','011170'),('75','012610'),('75','055490'),('75','065940'),('75','092230'),('75','089010'),('75','011780'),('75','00088K'),('75','024070'),('75','161000'),('75','009835'),('75','102710'),('75','004090'),('75','036670'),('75','268280'),('75','011785'),('75','079980'),('75','002020'),('75','045060'),('75','008370'),('75','069260'),('75','110020'),('75','000880'),('75','036640'),('75','001390'),('75','007770'),('75','006380'),('75','251370'),('75','006890'),('75','014440'),('75','004000'),('75','009830'),('75','014830'),('75','138490'),('75','003830'),('75','005950'),('75','006840'),('75','221980'),('75','005420'),('75','003720'),('75','028040'),('75','100250'),('75','050760'),('75','048830'),('75','102260'),('75','083420'),('75','000760'),('75','003670'),('75','002810'),('75','290380'),('75','134380'),('75','004250'),('75','178920'),('75','007690'),('75','107590'),('75','120115'),('75','086520'),('75','001570'),('75','097870'),('75','014680'),('75','010060'),('75','002025'),('75','014190'),('75','121600'),('75','025860'),('75','120110'),('75','003780'),('75','023450'),('75','004430'),('75','28513K'),('75','285130'),('75','114630'),('75','017890'),('75','221610'),('75','000885'),('75','002360'),('75','002100'),('75','196700'),('75','001550'),('75','187790'),('75','010640'),('75','051630'),('35','217600'),('35','086040'),('35','036180'),('35','182400'),('35','084650'),('35','131220'),('35','205470'),('35','083790'),('35','180400'),('35','127120'),('35','238120'),('35','950130'),('35','245620'),('35','008490'),('35','206640'),('35','241820'),('35','038290'),('35','215380'),('35','048530'),('35','141080'),('35','039860'),('35','068330'),('35','096530'),('35','046210'),('17','033780'),('52','290120'),('52','018880'),('52','002630'),('52','009620'),('52','071850'),('52','154040'),('52','005725'),('52','024830'),('52','282690'),('52','088290'),('52','013720'),('52','067570'),('52','204320'),('52','126640'),('52','123700'),('52','010580'),('52','002355'),('52','007530'),('52','011210'),('52','020400'),('52','036530'),('52','046070'),('52','075180'),('52','134780'),('52','145210'),('52','161390'),('52','021820'),('52','025530'),('52','004105'),('52','017370'),('52','012330'),('52','008500'),('52','025540'),('52','024740'),('52','122350'),('52','021650'),('52','023810'),('52','023000'),('52','072470'),('52','105330'),('52','010690'),('52','085910'),('52','005710'),('52','060980'),('52','016740'),('52','005720'),('52','090150'),('52','122690'),('52','004490'),('52','018500'),('52','053270'),('52','031510'),('52','012200'),('52','023890'),('52','123040'),('52','006660'),('52','900080'),('52','024120'),('52','007340'),('52','053060'),('52','015750'),('52','000240'),('52','241690'),('52','004100'),('52','002920'),('52','143210'),('52','010100'),('52','900260'),('52','113810'),('52','170030'),('52','045520'),('52','013870'),('52','010770'),('52','000430'),('52','078590'),('52','064960'),('52','212560'),('52','265560'),('52','033530'),('52','041650'),('52','009680'),('52','089470'),('52','048430'),('52','053700'),('52','090080'),('52','073240'),('52','128540'),('52','012280'),('52','004840'),('52','011320'),('52','038110'),('52','092780'),('52','234100'),('52','002350'),('52','126600'),('52','105550'),('52','001380'),('52','130740'),('52','093380'),('52','007860'),('52','152330'),('52','040610'),('52','104040'),('52','900100'),('52','003570'),('52','080440'),('52','019770'),('52','092200'),('52','900280'),('52','118990'),('52','001620'),('52','012205'),('52','024900'),('52','214330'),('52','043370'),('52','025440'),('52','073070'),('52','023800'),('52','001420'),('52','013520'),('52','066590'),('52','080470'),('52','033250'),('52','009320'),('52','019540'),('52','002880'),('52','005030'),('52','005850'),('52','038880'),('52','215360'),('52','013310'),('52','161570'),('52','123410'),('52','000300'),('52','200880'),('52','065500'),('52','130500'),('52','019180'),('52','033600'),('52','012860'),('52','024910'),('52','041930'),('52','054300'),('52','086250'),('49','000145'),('49','007390'),('49','000140'),('49','000087'),('49','033920'),('49','000080'),('49','005300'),('49','004650'),('49','018120'),('49','043650'),('49','189980'),('49','023150'),('49','005305'),('49','023900'),('49','000890'),('55','009470'),('55','247540'),('55','036010'),('55','001820'),('55','257370'),('55','043590'),('55','006400'),('55','187270'),('55','302430'),('55','006405'),('55','217820'),('55','131390'),('55','026890'),('55','312610'),('55','058610'),('55','002230'),('55','053160'),('55','259630'),('55','082920'),('55','079960'),('55','137400'),('55','066970'),('55','196490'),('55','005680'),('55','047310'),('55','014915'),('55','014910'),('55','027040'),('55','012340'),('55','089980'),('55','290670'),('55','033180'),('55','222080'),('55','042110'),('55','243840'),('55','037030'),('55','043260'),('55','288620'),('48','055550'),('48','105560'),('48','006220'),('48','139130'),('48','086790'),('48','024110'),('48','316140'),('48','138930'),('48','175330'),('22','900270'),('22','002450'),('22','039830'),('22','024950'),('22','123750'),('22','050120'),('22','088390'),('22','066910'),('22','031860'),('62','00680K'),('62','006800'),('62','030610'),('62','003460'),('62','008560'),('62','001720'),('62','016360'),('62','001275'),('62','001755'),('62','001725'),('62','005945'),('62','003475'),('62','006805'),('62','003547'),('62','003535'),('62','001290'),('62','005940'),('62','001270'),('62','078020'),('62','003545'),('62','003465'),('62','071055'),('62','001515'),('62','071050'),('62','001510'),('62','030210'),('62','039490'),('62','003540'),('62','001200'),('62','003470'),('62','003530'),('62','016610'),('62','001750'),('62','001500'),('1','063570'),('1','038160'),('1','072770'),('1','032680'),('1','115310'),('1','214180'),('1','213090'),('1','307950'),('1','007120'),('1','018260'),('1','070590'),('1','042500'),('1','053300'),('1','050960'),('1','042000'),('1','035600'),('1','286940'),('1','050540'),('1','950110'),('1','039290'),('1','010280'),('1','045510'),('1','046110'),('1','032685'),('1','077280'),('1','046440'),('1','012030'),('1','115500'),('1','067010'),('1','124500'),('1','038540'),('1','039420'),('1','066980'),('1','064480'),('1','093320'),('1','234300'),('1','079940'),('1','035510'),('1','020180'),('1','267850'),('1','022100'),('1','045390'),('1','040350'),('1','173130'),('1','094480'),('1','067730'),('1','041460'),('1','263800'),('1','065440'),('1','066410'),('1','023590'),('1','072130'),('1','064260'),('1','052600'),('1','030790'),('1','049480'),('1','031820'),('1','242040'),('1','060250'),('1','069410'),('1','139050'),('16','036800'),('16','030200'),('16','036630'),('16','025770'),('16','006490'),('53','015760'),('53','130660'),('53','051600'),('53','052690'),('41','000060'),('41','000810'),('41','000815'),('41','138040'),('41','003690'),('41','000370'),('41','001450'),('41','000400'),('41','000545'),('41','000540'),('41','005830'),('41','000547'),('31','210980'),('31','123890'),('31','034830'),('31','034810'),('31','001000'),('69','089590'),('69','003495'),('69','18064K'),('69','298690'),('69','272450'),('69','003490'),('69','020560'),('69','180640'),('69','091810'),('69','036000'),('69','004870'),('32','047400'),('32','001560'),('32','075970'),('32','010040'),('32','079170'),('32','058430'),('32','005810'),('32','004565'),('32','010130'),('32','081000'),('32','000480'),('32','015890'),('32','012800'),('32','018470'),('32','004560'),('32','014580'),('32','021050'),('32','037760'),('32','060480'),('32','103140'),('32','128660'),('32','001780'),('32','155660'),('32','024090'),('32','006110'),('32','069460'),('32','025820'),('32','081150'),('32','009190'),('32','177830'),('32','032560'),('32','065620'),('32','009730'),('29','001745'),('29','001740'),('29','000157'),('29','004800'),('29','02826K'),('29','000150'),('29','001040'),('29','034730'),('29','003550'),('29','000155'),('29','028260'),('29','001045'),('29','016880'),('29','003555'),('29','03473K'),('46','215090'),('46','263540'),('46','065450'),('46','012450'),('46','230980'),('46','221840'),('46','005870'),('46','079550'),('46','010820'),('46','214430'),('46','067390'),('46','047810'),('46','099320'),('14','136660'),('14','279060'),('14','221800'),('14','086460'),('14','140290'),('14','270660'),('14','066830'),('14','116100'),('14','277880'),('14','163430'),('14','276240'),('14','044990'),('14','232830'),('14','311060'),('14','227420'),('14','303360'),('14','225860'),('14','224810'),('14','244880'),('14','217910'),('14','148780'),('14','299670'),('14','210610'),('14','288490'),('14','086220'),('14','058970'),('14','210120'),('14','246250'),('14','099350'),('14','203400'),('14','309900'),('14','323230'),('14','279600'),('14','240340'),('14','122050'),('14','278380'),('14','114920'),('14','199800'),('14','251280'),('14','307870'),('14','317240'),('14','299170'),('14','264290'),('14','276920'),('14','121060'),('14','099340'),('14','262830'),('14','270520'),('14','307280'),('14','310870'),('14','311270'),('14','257730'),('14','140910'),('14','064850'),('14','065370'),('14','083370'),('14','083380'),('14','086080'),('14','092590'),('14','103660'),('14','107640'),('14','112190'),('14','120780'),('14','135160'),('14','135270'),('14','149010'),('14','153360'),('14','158300'),('14','162120'),('14','179720'),('14','183350'),('14','183410'),('14','191600'),('14','199290'),('14','200580'),('14','202960'),('14','205290'),('14','207490'),('14','208850'),('14','211050'),('14','214610'),('14','215050'),('14','217320'),('14','217880'),('14','220110'),('14','223220'),('14','224020'),('14','224760'),('14','224880'),('14','225220'),('14','225850'),('14','226610'),('14','228180'),('14','230400'),('14','232330'),('14','232530'),('14','232680'),('14','233250'),('14','234070'),('14','236030'),('14','241510'),('14','242350'),('14','243870'),('14','245450'),('14','247300'),('14','251960'),('14','252370'),('14','256840'),('14','260970'),('14','261200'),('14','264850'),('14','265920'),('14','266170'),('14','266870'),('14','267060'),('14','267320'),('14','267810'),('14','270020'),('14','271400'),('14','271780'),('14','278990'),('14','281310'),('14','281410'),('14','281740'),('14','284420'),('14','284620'),('14','285770'),('14','299480'),('14','302920'),('14','303030'),('14','310200'),('14','310840'),('14','311840'),('14','314130'),('14','323350'),('14','155900'),('14','265480'),('14','094800'),('14','291230'),('14','313750'),('14','322780'),('14','323940'),('14','152550'),('14','172580'),('14','302550'),('14','180060'),('14','271740'),('14','273060'),('14','309930'),('14','321260'),('14','279410'),('14','291210'),('14','307070'),('14','307750'),('14','317030'),('14','233990'),('14','168490'),('14','270210'),('14','307160'),('14','277480'),('14','096300'),('14','287410'),('14','319400'),('14','220250'),('14','159650'),('14','229500'),('14','126340'),('14','308700'),('14','306620'),('14','088260'),('14','176750'),('14','293940'),('14','284610'),('14','258250'),('14','145270'),('14','307180'),('14','250930'),('14','217950'),('14','204210'),('14','258790'),('14','186230'),('14','239890'),('14','323280'),('14','067370'),('14','297570'),('14','215570'),('14','238500'),('14','150440'),('14','260870'),('14','200350'),('14','254120'),('14','189540'),('14','317320'),('14','088980'),('14','216280'),('14','222670'),('14','140610'),('14','208890'),('14','229000'),('14','076340'),('14','140660'),('14','216400'),('14','271850'),('14','189330'),('14','222160'),('14','189350'),('14','206950'),('14','258050'),('14','258540'),('14','084440'),('14','199150'),('14','236340'),('14','101360'),('14','178600'),('14','212310'),('14','185190'),('36','085620'),('36','032830'),('36','079440'),('36','082640'),('36','088350'),('63','016385'),('63','002220'),('63','016380'),('63','058650'),('63','004890'),('63','012160'),('63','001430'),('63','071090'),('63','023440'),('63','012620'),('63','000590'),('63','060380'),('63','003030'),('63','001080'),('63','019440'),('63','120030'),('63','017480'),('63','005160'),('63','005010'),('63','026940'),('63','005490'),('63','002690'),('63','039240'),('63','001940'),('63','053260'),('63','000970'),('63','023790'),('63','008260'),('63','021045'),('63','104700'),('63','004020'),('63','002240'),('63','001230'),('63','306200'),('63','002710'),('63','032860'),('63','008420'),('63','025550'),('63','001770'),('63','084010'),('63','026910'),('63','140520'),('63','008970'),('63','007280'),('63','048470'),('63','009520'),('63','021040'),('63','069730'),('63','263770'),('43','005440'),('43','004590'),('43','250000'),('43','227840'),('43','051500'),('43','006880'),('43','051160'),('20','171090'),('20','045890'),('20','080000'),('20','036170'),('20','004710'),('20','088130'),('20','040910'),('20','079950'),('20','255440'),('20','160600'),('20','036490'),('20','090740'),('20','170920'),('20','214310'),('20','278280'),('20','123260'),('20','096870'),('20','079810'),('20','073110'),('20','054620'),('20','011690'),('20','068790'),('20','082800'),('20','083930'),('20','123860'),('20','155650'),('20','042600'),('20','177350'),('20','138690'),('20','059100'),('20','153490'),('20','054040'),('20','137940'),('20','095500'),('20','067770'),('20','009310'),('20','033050'),('20','131760'),('20','197210'),('20','141000'),('20','036090'),('20','090470'),('20','038060'),('20','051360'),('20','108320'),('20','063760'),('20','046890'),('20','049120'),('20','110990'),('20','161580'),('20','251630'),('20','069330'),('20','900290'),('20','213420'),('20','054090'),('20','071280'),('20','039230'),('20','226440'),('20','065130'),('20','094970'),('20','117730'),('20','238490'),('20','083500'),('20','108230'),('20','121850'),('20','149950'),('20','037400'),('20','001210'),('20','027580'),('20','049950'),('20','082850'),('20','043290'),('20','062860'),('20','136510'),('20','109740'),('20','114570'),('20','078150'),('20','265520'),('20','143540'),('20','050090'),('20','127160'),('20','187870'),('20','052420'),('20','176560'),('20','256940'),('20','037330'),('20','056700'),('38','091090'),('38','003650'),('38','010950'),('38','065420'),('38','010955'),('38','096775'),('38','267250'),('38','002960'),('38','078935'),('38','006125'),('38','096770'),('38','012320'),('38','014530'),('38','078930'),('38','128820'),('38','024060'),('38','038620'),('38','006120'),('38','000440'),('38','093230'),('30','071320'),('30','151860'),('6','138610'),('6','214150'),('6','258830'),('6','145720'),('6','058110'),('6','150840'),('6','065510'),('6','048870'),('6','099190'),('6','104540'),('6','004080'),('6','156100'),('6','228850'),('6','048260'),('6','100700'),('6','246960'),('6','142280'),('6','100120'),('6','032940'),('6','085370'),('6','056090'),('6','119610'),('6','179290'),('6','006140'),('6','059210'),('6','049180'),('6','263690'),('6','043100'),('6','122310'),('6','208370'),('6','039840'),('6','305090'),('6','226400'),('6','043150'),('6','290660'),('6','041920'),('6','290650'),('6','253840'),('6','054950'),('6','041830'),('6','246720'),('6','228760'),('6','08537M'),('6','149980'),('6','214680'),('6','118000'),('6','219750'),('66','043360'),('66','032790'),('66','096690'),('66','045660'),('66','224110'),('66','093190'),('66','044380'),('66','065690'),('66','004920'),('66','066110'),('66','089150'),('66','131180'),('66','094940'),('66','049550'),('66','012600'),('61','213500'),('61','109070'),('61','002820'),('61','078130'),('61','002300'),('61','001810'),('61','036620'),('61','001020'),('61','004545'),('61','000180'),('61','004150'),('61','006740'),('61','009580'),('61','009200'),('61','004540'),('34','054220'),('34','012750'),('34','049720'),('34','143240'),('34','069140'),('34','034310'),('34','060150'),('34','094280'),('34','058850'),('34','058860'),('34','030190'),('34','122900'),('34','092130'),('34','020710'),('34','029960'),('34','006730'),('34','036120'),('34','034950'),('34','130580'),('34','090850'),('34','043910'),('34','046120'),('34','072520'),('67','189300'),('67','029480'),('67','138080'),('67','032500'),('67','218410'),('67','078070'),('67','065530'),('67','230240'),('67','039010'),('67','149940'),('67','069540'),('67','170790'),('67','192410'),('67','148250'),('67','264450'),('67','019490'),('67','065570'),('67','088800'),('67','073490'),('67','214870'),('67','036690'),('67','109080'),('67','033790'),('67','200230'),('67','178320'),('67','050890'),('67','052860'),('67','065770'),('67','033230'),('67','072950'),('67','056360'),('67','052460'),('67','215790'),('67','089850'),('67','015710'),('67','037460'),('67','046970'),('67','095270'),('67','031310'),('67','007630'),('67','115440'),('67','091440'),('67','035460'),('67','100590'),('67','073540'),('67','038680'),('67','039560'),('28','067830'),('28','023530'),('28','037710'),('28','282330'),('28','004170'),('28','069960'),('28','139480'),('28','006370'),('28','027390'),('28','027410'),('28','007070'),('28','019010'),('47','003100'),('47','005430'),('60','103230'),('60','017960'),('60','028300'),('60','101930'),('60','101000'),('60','102210'),('60','054180'),('60','010620'),('60','053660'),('60','077970'),('60','009540'),('60','042660'),('60','010140'),('60','092460'),('60','100090'),('60','082740'),('60','003480'),('60','108380'),('60','010145'),('60','099410'),('60','014940'),('60','033500'),('60','133820'),('60','075580'),('60','073010'),('60','064820'),('60','097230'),('39','225590'),('39','005390'),('39','010600'),('39','016090'),('39','002170'),('39','098660'),('39','105630'),('39','081660'),('39','144620'),('39','009970'),('39','900040'),('39','900110'),('39','017680'),('39','030270'),('39','110790'),('39','001530'),('39','001070'),('39','002070'),('39','000950'),('39','298020'),('39','007700'),('39','001460'),('39','090370'),('39','000680'),('39','004700'),('39','011330'),('39','005800'),('39','263020'),('39','004060'),('39','093050'),('39','047770'),('39','088790'),('39','008290'),('39','011300'),('39','111770'),('39','008600'),('39','069640'),('39','033290'),('39','001465'),('39','039980'),('39','020000'),('39','215480'),('39','004835'),('39','003610'),('39','093240'),('39','003200'),('39','011080'),('39','101140'),('39','005320'),('39','065060'),('39','000050'),('39','194370'),('39','035150'),('39','006060'),('39','241590'),('39','032080'),('39','031430'),('39','007980'),('39','111110'),('39','038530'),('39','016450'),('39','026040'),('39','102280'),('39','204020'),('39','024890'),('39','009275'),('39','064800'),('39','159580'),('39','308100'),('39','013990'),('39','014990'),('39','009270'),('39','033340'),('39','267790'),('39','004830'),('39','084870'),('44','089230'),('44','035420'),('44','035720'),('44','214270'),('44','067160'),('44','020120'),('44','057680'),('44','239340'),('50','069920'),('50','080010'),('50','057050'),('50','111820'),('50','035080'),('50','036030'),('50','138250'),('50','028150'),('50','108790'),('50','141020'),('50','053280'),('50','119860'),('27','047820'),('27','053110'),('27','018700'),('27','173940'),('27','058400'),('27','046140'),('27','035760'),('27','101060'),('27','078860'),('27','036260'),('27','066790'),('27','060300'),('27','052220'),('27','034120'),('27','299900'),('27','037560'),('27','104200'),('27','068050'),('27','011420'),('27','126560'),('27','051780'),('27','040300'),('27','079160'),('27','052190'),('27','033830'),('27','015020'),('27','053210'),('27','002420'),('27','046390'),('27','003560'),('27','160550'),('27','122870'),('27','054780'),('27','048910'),('27','122450'),('27','206560'),('27','037270'),('27','204630'),('27','043610'),('27','182360'),('27','253450'),('27','041510'),('27','012170'),('27','032800'),('27','036420'),('27','039340'),('27','063440'),('27','035900'),('27','086980'),('27','058420'),('12','134060'),('12','133750'),('12','215100'),('12','067280'),('12','040420'),('12','225330'),('12','100220'),('12','019685'),('12','053290'),('12','035290'),('12','072870'),('12','019680'),('12','215200'),('12','095720'),('12','096240'),('12','068930'),('12','057030'),('12','108490'),('12','038340'),('21','034220'),('21','020760'),('57','121890'),('57','250060'),('57','008110'),('57','125210'),('57','187220'),('57','020150'),('57','099520'),('57','038460'),('57','131400'),('57','031330'),('57','140860'),('57','143160'),('57','094840'),('57','050320'),('57','007815'),('57','140670'),('57','115530'),('57','236200'),('57','00806K'),('57','033110'),('57','068240'),('57','096040'),('57','009155'),('57','009150'),('57','060230'),('57','066900'),('57','005290'),('57','036710'),('57','051370'),('57','007660'),('57','033200'),('57','052330'),('57','00781K'),('57','016920'),('57','082210'),('57','004770'),('57','072990'),('57','007810'),('57','033240'),('57','032960'),('57','017250'),('57','068940'),('57','222800'),('57','203450'),('57','065350'),('57','098460'),('57','053450'),('57','011070'),('57','121800'),('57','263810'),('57','032820'),('57','093520'),('57','069510'),('57','225190'),('57','054800'),('57','092300'),('57','008060'),('57','078600'),('57','039740'),('57','101390'),('57','011230'),('57','090460'),('57','017900'),('57','046310'),('57','085670'),('57','057540'),('57','091340'),('57','004270'),('57','051380'),('57','272290'),('57','042040'),('57','015260'),('57','083640'),('57','033320'),('57','052020'),('57','052400'),('68','115390'),('68','009810'),('68','008730'),('68','033310'),('68','011280'),('68','006580'),('68','008870'),('68','016590'),('68','005090'),('68','004450'),('68','251970'),('68','009460'),('68','005820'),('68','049830'),('68','004780'),('68','002030'),('68','017650'),('68','002310'),('68','027970'),('68','272550'),('68','002200'),('68','023600'),('68','037230'),('68','014820'),('68','002870'),('68','115960'),('68','014160'),('68','014970'),('68','014825'),('13','096350'),('13','104460'),('13','073640'),('13','241560'),('13','100840'),('13','010660'),('13','050860'),('13','010240'),('13','008830'),('13','015590'),('13','015230'),('13','000850'),('13','004380'),('13','033540'),('13','044780'),('13','086670'),('13','076080'),('13','119500'),('13','138070'),('13','054540'),('13','024880'),('13','084180'),('13','122800'),('13','101680'),('13','105840'),('13','109860'),('13','195990'),('13','100660'),('13','053590'),('13','163560'),('13','148140'),('13','008470'),('13','049430'),('13','013030'),('13','000490'),('13','044490'),('13','043220'),('13','036890'),('13','042670'),('13','126880'),('13','900070'),('13','210540'),('13','034020'),('13','101170'),('13','085310'),('13','056190'),('13','095190'),('13','044060'),('13','083650'),('13','036560'),('13','033430'),('13','025890'),('13','051490'),('13','009440'),('13','013810'),('13','114190'),('13','054410'),('13','017550'),('13','011700'),('13','141070'),('13','023160'),('13','013570'),('13','009160'),('13','126870'),('13','060310'),('13','019990'),('13','158310'),('13','099440'),('13','048770'),('13','090360'),('13','064350'),('13','039610'),('13','041440'),('13','007820'),('13','019210'),('13','017800'),('13','074610'),('13','002900'),('13','007460'),('13','043340'),('13','071970'),('13','119650'),('13','100130'),('13','014620'),('13','090710'),('13','105740'),('13','092440'),('13','018000'),('13','071670'),('13','267270'),('13','014200'),('13','089140'),('13','049800'),('13','258610'),('13','064510'),('13','112610'),('72','179900'),('72','096640'),('72','061040'),('72','263600'),('72','054210'),('72','190510'),('72','192650'),('72','122990'),('72','091120'),('72','049070'),('72','211270'),('72','106520'),('72','094190'),('72','079190'),('72','096610'),('72','106080'),('72','050110'),('72','083470'),('72','054340'),('72','106240'),('72','033560'),('72','094170'),('72','174880'),('72','049520'),('72','066670'),('72','000670'),('72','226350'),('72','175140'),('72','097780'),('72','081580'),('72','060720'),('72','176440'),('72','093920'),('72','065680'),('72','078650'),('72','058450'),('72','151910'),('72','126700'),('72','091700'),('72','191410'),('72','181340'),('72','076610'),('72','025320'),('72','091580'),('72','227100'),('72','193250'),('72','285490'),('72','082660'),('72','060540'),('72','041520'),('72','052710'),('72','114120'),('72','096630'),('72','037950'),('72','123840'),('72','115610'),('72','196450'),('72','208710'),('72','192440'),('72','290740'),('72','101330'),('72','097520'),('72','290550'),('72','049630'),('72','238090'),('72','070300'),('72','045970'),('72','178780'),('26','077360'),('26','219130'),('26','024850'),('26','054940'),('26','057500'),('26','200710'),('26','061970'),('26','089030'),('26','147760'),('26','059120'),('26','053610'),('26','253590'),('26','122640'),('26','160980'),('26','119830'),('26','045300'),('26','131970'),('26','064520'),('26','077500'),('26','080220'),('26','086390'),('26','036540'),('26','087600'),('26','078350'),('26','033640'),('26','092870'),('26','101160'),('26','171010'),('26','058470'),('26','195870'),('26','039440'),('26','003160'),('26','074600'),('26','031980'),('26','083310'),('26','052900'),('26','131290'),('26','083450'),('26','269620'),('26','281820'),('26','036830'),('26','241770'),('26','241790'),('26','089970'),('26','098120'),('26','064760'),('26','123010'),('26','073570'),('26','006200'),('26','005935'),('26','087730'),('26','042700'),('26','029460'),('26','039030'),('26','000660'),('26','200470'),('26','037350'),('26','064290'),('26','089790'),('26','033170'),('26','183300'),('26','036810'),('26','217500'),('26','089890'),('26','033160'),('26','092220'),('26','092070'),('26','166090'),('26','036930'),('26','067310'),('26','232140'),('26','083550'),('26','142210'),('26','025560'),('26','054450'),('26','089530'),('26','114810'),('26','095340'),('26','117670'),('26','092600'),('26','032580'),('26','093640'),('26','240810'),('26','080520'),('26','000990'),('26','217190'),('26','036200'),('26','066310'),('26','144960'),('26','095610'),('26','264660'),('26','140070'),('26','084370'),('26','080580'),('26','097800'),('26','030530'),('26','094360'),('26','049080'),('26','102120'),('26','059090'),('26','000995'),('26','101400'),('26','182690'),('26','101490'),('26','319660'),('26','079370'),('26','224060'),('26','082270'),('26','227950'),('8','003580'),('8','025900'),('8','051980'),('8','000910'),('8','255220'),('8','090355'),('8','228340'),('8','001525'),('8','004910'),('8','109610'),('8','000325'),('8','171120'),('8','000390'),('8','004440'),('8','001527'),('8','079650'),('8','003410'),('8','225530'),('8','000860'),('8','300720'),('8','004985'),('8','003300'),('8','108675'),('8','090350'),('8','000320'),('8','001529'),('8','108670'),('8','060560'),('8','025750'),('8','003415'),('8','011390'),('8','007210'),('8','001520'),('8','008250'),('8','023410'),('8','002380'),('8','183190'),('8','006390'),('8','038500'),('8','198440'),('8','226360'),('8','006920'),('8','004980'),('8','007110'),('73','111710'),('73','084680'),('73','065150'),('73','035480'),('73','031440'),('73','035250'),('73','950170'),('73','094850'),('73','104620'),('73','008775'),('73','008770'),('73','039130'),('73','217620'),('73','204620'),('73','032350'),('73','114090'),('73','039310'),('73','025980'),('73','080160'),('73','034230'),('73','070960'),('10','063080'),('10','060240'),('10','215000'),('10','205500'),('10','263750'),('10','023770'),('10','121440'),('10','052770'),('10','194510'),('10','192080'),('10','206400'),('10','299910'),('10','123420'),('10','042420'),('10','036570'),('10','056000'),('10','217270'),('10','225570'),('10','950180'),('10','035620'),('10','208640'),('10','251270'),('10','069080'),('10','041140'),('10','181710'),('10','078340'),('10','194480'),('10','095660'),('10','030350'),('10','112040'),('10','101730'),('10','058630'),('10','047080'),('10','052790'),('10','201490'),('10','067000'),('42','017810'),('42','002600'),('42','030720'),('42','002140'),('42','222980'),('42','001130'),('42','220630'),('42','277410'),('42','003920'),('42','003680'),('42','003230'),('42','005740'),('42','084695'),('42','097955'),('42','009780'),('42','26490K'),('42','006090'),('42','290720'),('42','264900'),('42','097950'),('42','280360'),('42','084690'),('42','005745'),('42','005990'),('42','900340'),('42','049770'),('42','002680'),('42','003925'),('42','00499K'),('42','001685'),('42','004970'),('42','006980'),('42','025870'),('42','005180'),('42','001790'),('42','136480'),('42','005610'),('42','000075'),('42','218150'),('42','145990'),('42','003960'),('42','014710'),('42','007310'),('42','004415'),('42','001680'),('42','003380'),('42','101530'),('42','016790'),('42','001795'),('42','011155'),('42','006040'),('42','004370'),('42','027740'),('42','001799'),('42','002270'),('42','003310'),('42','267980'),('42','088910'),('42','136490'),('42','002760'),('42','027710'),('42','026960'),('42','248170'),('42','007540'),('42','036580'),('42','005860'),('42','005670'),('42','145995'),('42','271560'),('42','011150'),('42','073560'),('42','004410'),('42','066360'),('42','007160'),('42','004990'),('42','035810'),('42','072710'),('42','208140'),('42','008040'),('42','001800'),('42','025880'),('42','000070'),('56','056730'),('56','065650'),('56','071840'),('56','010420'),('56','115480'),('56','067990'),('59','065660'),('59','204990'),('59','069620'),('59','153710'),('59','009290'),('59','106190'),('59','238200'),('59','058820'),('59','060590'),('59','002210'),('59','002720'),('59','074430'),('59','114450'),('59','183490'),('59','066700'),('59','018680'),('59','000220'),('59','000230'),('59','003220'),('59','019170'),('59','003090'),('59','041910'),('59','102940'),('59','271980'),('59','000105'),('59','001540'),('59','004310'),('59','034940'),('59','053950'),('59','072020'),('59','011040'),('59','086890'),('59','019175'),('59','012790'),('59','000227'),('59','009300'),('59','140410'),('59','239610'),('59','001630'),('59','003060'),('59','128940'),('59','249420'),('59','009420'),('59','003120'),('59','003000'),('59','067080'),('59','005500'),('59','220100'),('59','214390'),('59','007575'),('59','044820'),('59','061250'),('59','084110'),('59','054670'),('59','052670'),('59','185750'),('59','007370'),('59','260660'),('59','002620'),('59','000225'),('59','102460'),('59','023910'),('59','041960'),('59','168330'),('59','002800'),('59','016580'),('59','065170'),('59','200670'),('59','007570'),('59','091990'),('59','115450'),('59','006620'),('59','293480'),('59','004720'),('59','002390'),('59','063160'),('59','234080'),('59','170900'),('59','014570'),('59','078140'),('59','131030'),('59','001360'),('59','017180'),('59','003850'),('59','001060'),('59','008930'),('59','000640'),('59','243070'),('59','036480'),('59','005257'),('59','000020'),('59','000250'),('59','003520'),('59','237690'),('59','033270'),('59','047920'),('59','000100'),('59','068760'),('59','900120'),('59','086060'),('59','214450'),('59','005250'),('59','194700'),('59','053030'),('59','293780'),('59','068270'),('59','109960'),('59','086450'),('59','207940'),('59','043090'),('59','006280'),('59','001065'),('59','080720'),('59','270870'),('59','204840'),('59','200780'),('59','001067'),('59','032980'),('59','222040'),('59','000520'),('59','044960'),('59','018620'),('59','067290'),('59','096760'),('24','037370'),('24','001120'),('24','047050'),('24','001250'),('24','003010'),('24','011760'),('24','011810'),('3','015360'),('3','117580'),('3','053050'),('3','034590'),('3','015350'),('3','017390'),('3','004690'),('3','017940'),('3','267290'),('3','018670'),('3','016710'),('3','036460'),('15','023460'),('15','007330'),('15','023760'),('15','021880'),('15','010050'),('15','012700'),('15','033660'),('54','119850'),('54','000500'),('54','103590'),('54','001440'),('54','015860'),('54','042370'),('54','229640'),('54','010120'),('54','010170'),('54','189860'),('54','237750'),('54','024810'),('54','267260'),('54','017040'),('54','006260'),('54','024840'),('54','006910'),('54','298040'),('54','017510'),('54','007610'),('54','006345'),('54','006340'),('54','147830'),('54','033100'),('40','195440'),('40','131370'),('40','053580'),('40','203650'),('40','222810'),('40','153460'),('40','108860'),('40','094860'),('40','290270'),('40','040160'),('40','086960'),('40','045340'),('40','054920'),('40','067920'),('40','078000'),('40','136540'),('40','085810'),('40','263860'),('40','184230'),('40','032190'),('40','049470'),('40','139670'),('40','053350'),('40','079970'),('40','016670'),('40','208860'),('40','189690'),('40','012510'),('40','100030'),('40','075130'),('40','053800'),('40','275630'),('40','047560'),('40','197140'),('40','219420'),('40','138580'),('40','220180'),('40','042510'),('40','041020'),('40','131090'),('40','030520'),('40','150900'),('40','192250'),('40','208350'),('40','205100'),('40','053980'),('40','065710'),('7','007680'),('7','002290'),('7','004200'),('7','044180'),('7','005450'),('7','036190'),('7','001470'),('7','091590'),('7','002785'),('7','002460'),('7','000725'),('7','037440'),('7','013700'),('7','003075'),('7','065950'),('7','028100'),('7','013580'),('7','016250'),('7','039570'),('7','002995'),('7','011160'),('7','010780'),('7','009410'),('7','004960'),('7','002150'),('7','028050'),('7','000215'),('7','023350'),('7','011370'),('7','013120'),('7','002787'),('7','017000'),('7','060370'),('7','094820'),('7','294870'),('7','047040'),('7','002780'),('7','021320'),('7','011560'),('7','025950'),('7','012630'),('7','066620'),('7','002410'),('7','010960'),('7','042940'),('7','005965'),('7','000720'),('7','023960'),('7','034300'),('7','001880'),('7','046940'),('7','053690'),('7','045100'),('7','014790'),('7','010400'),('7','003070'),('7','035890'),('7','026150'),('7','002990'),('7','101670'),('7','006360'),('7','001260'),('7','000210'),('7','054930'),('7','001840'),('7','009415'),('7','013360'),('7','005960'),('5','043710'),('5','144510'),('2','003800'),('2','016800'),('2','134790'),('2','079430'),('2','009240'),('2','011090'),('2','073190'),('2','071950'),('33','029530'),('33','018290'),('74','226340'),('74','080530'),('74','138360'),('74','950140'),('74','227610'),('74','260930'),('74','900310'),('74','052260'),('74','019660'),('74','175250'),('74','051905'),('74','069110'),('74','214420'),('74','200130'),('74','159910'),('74','048410'),('74','090435'),('74','064090'),('74','051900'),('74','078520'),('74','027050'),('74','003350'),('74','092730'),('74','900300'),('74','263920'),('74','252500'),('74','161890'),('74','219550'),('74','123690'),('74','101240'),('74','192820'),('74','226320'),('74','217480'),('74','123330'),('74','090430'),('74','241710'),('74','024720'),('74','002795'),('74','025620'),('74','016100'),('74','002790'),('74','237880'),('19','038870'),('64','039670'),('64','127710'),('64','033130'),('64','263720'),('64','207760');
/*!40000 ALTER TABLE `tb_stock_category` ENABLE KEYS */;
UNLOCK TABLES;

--
-- Table structure for table `tb_stock_list`
--

DROP TABLE IF EXISTS `tb_stock_list`;
/*!40101 SET @saved_cs_client     = @@character_set_client */;
/*!40101 SET character_set_client = utf8 */;
CREATE TABLE `tb_stock_list` (
  `stock_code` char(6) NOT NULL,
  `stock_name` varchar(30) DEFAULT NULL,
  PRIMARY KEY (`stock_code`)
) ENGINE=InnoDB DEFAULT CHARSET=utf8;
/*!40101 SET character_set_client = @saved_cs_client */;

--
-- Dumping data for table `tb_stock_list`
--

LOCK TABLES `tb_stock_list` WRITE;
/*!40000 ALTER TABLE `tb_stock_list` DISABLE KEYS */;
INSERT INTO `tb_stock_list` VALUES ('000020','동화약품'),('000040','KR모터스'),('000050','경방'),('000060','메리츠화재'),('000070','삼양홀딩스'),('000075','삼양홀딩스우'),('000080','하이트진로'),('000087','하이트진로2우B'),('000100','유한양행'),('000105','유한양행우'),('000120','CJ대한통운'),('000140','하이트진로홀딩스'),('000145','하이트진로홀딩스우'),('000150','두산'),('000155','두산우'),('000157','두산2우B'),('000180','성창기업지주'),('000210','대림산업'),('000215','대림산업우'),('000220','유유제약'),('000225','유유제약1우'),('000227','유유제약2우B'),('000230','일동홀딩스'),('000240','한국테크놀로지그룹'),('000250','삼천당제약'),('000270','기아차'),('000300','대유플러스'),('000320','노루홀딩스'),('000325','노루홀딩스우'),('000370','한화손해보험'),('000390','삼화페인트'),('000400','롯데손해보험'),('000430','대원강업'),('000440','중앙에너비스'),('000480','조선내화'),('000490','대동공업'),('000500','가온전선'),('000520','삼일제약'),('000540','흥국화재'),('000545','흥국화재우'),('000547','흥국화재2우B'),('000590','CS홀딩스'),('000640','동아쏘시오홀딩스'),('000650','천일고속'),('000660','SK하이닉스'),('000670','영풍'),('000680','LS네트웍스'),('000700','유수홀딩스'),('000720','현대건설'),('000725','현대건설우'),('000760','이화산업'),('000810','삼성화재'),('000815','삼성화재우'),('000850','화천기공'),('000860','강남제비스코'),('000880','한화'),('000885','한화우'),('00088K','한화3우B'),('000890','보해양조'),('000910','유니온'),('000950','전방'),('000970','한국주철관'),('000990','DB하이텍'),('000995','DB하이텍1우'),('001000','신라섬유'),('001020','페이퍼코리아'),('001040','CJ'),('001045','CJ우'),('001060','JW중외제약'),('001065','JW중외제약우'),('001067','JW중외제약2우B'),('001070','대한방직'),('001080','만호제강'),('001120','LG상사'),('001130','대한제분'),('001140','국보'),('001200','유진투자증권'),('001210','금호전기'),('001230','동국제강'),('001250','GS글로벌'),('001260','남광토건'),('001270','부국증권'),('001275','부국증권우'),('001290','상상인증권'),('001340','백광산업'),('001360','삼성제약'),('001380','SG충방'),('001390','KG케미칼'),('001420','태원물산'),('001430','세아베스틸'),('001440','대한전선'),('001450','현대해상'),('001460','BYC'),('001465','BYC우'),('001470','삼부토건'),('001500','현대차증권'),('001510','SK증권'),('001515','SK증권우'),('001520','동양'),('001525','동양우'),('001527','동양2우B'),('001529','동양3우B'),('001530','DI동일'),('001540','안국약품'),('001550','조비'),('001560','제일연마'),('001570','금양'),('001620','케이비아이동국실업'),('001630','종근당홀딩스'),('001680','대상'),('001685','대상우'),('001720','신영증권'),('001725','신영증권우'),('001740','SK네트웍스'),('001745','SK네트웍스우'),('001750','한양증권'),('001755','한양증권우'),('001770','신화실업'),('001780','알루코'),('001790','대한제당'),('001795','대한제당우'),('001799','대한제당3우B'),('001800','오리온홀딩스'),('001810','무림SP'),('001820','삼화콘덴서'),('001840','이화공영'),('001880','삼호'),('001940','KISCO홀딩스'),('002020','코오롱'),('002025','코오롱우'),('002030','아세아'),('002070','남영비비안'),('002100','경농'),('002140','고려산업'),('002150','도화엔지니어링'),('002170','삼양통상'),('002200','수출포장'),('002210','동성제약'),('002220','한일철강'),('002230','피에스텍'),('002240','고려제강'),('002270','롯데푸드'),('002290','삼일기업공사'),('002300','한국제지'),('002310','아세아제지'),('002320','한진'),('002350','넥센타이어'),('002355','넥센타이어1우B'),('002360','SH에너지화학'),('002380','KCC'),('002390','한독'),('002410','범양건영'),('002420','세기상사'),('002450','삼익악기'),('002460','화성산업'),('002600','조흥'),('002620','제일파마홀딩스'),('002630','오리엔트바이오'),('002680','한탑'),('002690','동일제강'),('002700','신일산업'),('002710','TCC스틸'),('002720','국제약품'),('002760','보락'),('002780','진흥기업'),('002785','진흥기업우B'),('002787','진흥기업2우B'),('002790','아모레G'),('002795','아모레G우'),('002800','신신제약'),('002810','삼영무역'),('002820','선창산업'),('002840','미원상사'),('002870','신풍제지'),('002880','대유에이텍'),('002900','동양물산'),('002920','유성기업'),('002960','한국쉘석유'),('002990','금호산업'),('002995','금호산업우'),('003000','부광약품'),('003010','혜인'),('003030','세아제강지주'),('003060','에이프로젠제약'),('003070','코오롱글로벌'),('003075','코오롱글로벌우'),('003080','성보화학'),('003090','대웅'),('003100','선광'),('003120','일성신약'),('003160','디아이'),('003200','일신방직'),('003220','대원제약'),('003230','삼양식품'),('003240','태광산업'),('003280','흥아해운'),('003300','한일홀딩스'),('003310','대주산업'),('003350','한국화장품제조'),('003380','하림지주'),('003410','쌍용양회'),('003415','쌍용양회우'),('003460','유화증권'),('003465','유화증권우'),('003470','유안타증권'),('003475','유안타증권우'),('003480','한진중공업홀딩스'),('003490','대한항공'),('003495','대한항공우'),('003520','영진약품'),('003530','한화투자증권'),('003535','한화투자증권우'),('003540','대신증권'),('003545','대신증권우'),('003547','대신증권2우B'),('003550','LG'),('003555','LG우'),('003560','IHQ'),('003570','S&T중공업'),('003580','넥스트사이언스'),('003610','방림'),('003620','쌍용차'),('003650','미창석유'),('003670','포스코케미칼'),('003680','한성기업'),('003690','코리안리'),('003720','삼영화학'),('003780','진양산업'),('003800','에이스침대'),('003830','대한화섬'),('003850','보령제약'),('003920','남양유업'),('003925','남양유업우'),('003960','사조대림'),('004000','롯데정밀화학'),('004020','현대제철'),('004060','SG세계물산'),('004080','신흥'),('004090','한국석유'),('004100','태양금속'),('004105','태양금속우'),('004140','동방'),('004150','한솔홀딩스'),('004170','신세계'),('004200','고려개발'),('004250','NPC'),('004255','NPC우'),('004270','남성'),('004310','현대약품'),('004360','세방'),('004365','세방우'),('004370','농심'),('004380','삼익THK'),('004410','서울식품'),('004415','서울식품우'),('004430','송원산업'),('004440','대림씨엔에스'),('004450','삼화왕관'),('004490','세방전지'),('004540','깨끗한나라'),('004545','깨끗한나라우'),('004560','현대비앤지스틸'),('004565','현대비앤지스틸우'),('004590','한국가구'),('004650','창해에탄올'),('004690','삼천리'),('004700','조광피혁'),('004710','한솔테크닉스'),('004720','우리들제약'),('004770','써니전자'),('004780','대륙제관'),('004800','효성'),('004830','덕성'),('004835','덕성우'),('004840','DRB동일'),('004870','티웨이홀딩스'),('004890','동일산업'),('004910','조광페인트'),('004920','씨아이테크'),('004960','한신공영'),('004970','신라교역'),('004980','성신양회'),('004985','성신양회우'),('004990','롯데지주'),('00499K','롯데지주우'),('005010','휴스틸'),('005030','부산주공'),('005070','코스모신소재'),('005090','삼광글라스'),('005110','한창'),('005160','동국산업'),('005180','빙그레'),('005190','동성화학'),('005250','녹십자홀딩스'),('005257','녹십자홀딩스2우'),('005290','동진쎄미켐'),('005300','롯데칠성'),('005305','롯데칠성우'),('005320','국동'),('005360','모나미'),('005380','현대차'),('005385','현대차우'),('005387','현대차2우B'),('005389','현대차3우B'),('005390','신성통상'),('005420','코스모화학'),('005430','한국공항'),('005440','현대그린푸드'),('005450','신한'),('005490','POSCO'),('005500','삼진제약'),('005610','SPC삼립'),('005670','푸드웰'),('005680','삼영전자'),('005690','파미셀'),('005710','대원산업'),('005720','넥센'),('005725','넥센우'),('005740','크라운해태홀딩스'),('005745','크라운해태홀딩스우'),('005750','대림B&Co'),('005800','신영와코루'),('005810','풍산홀딩스'),('005820','원림'),('005830','DB손해보험'),('005850','에스엘'),('005860','한일사료'),('005870','휴니드'),('005880','대한해운'),('005935','삼성전자우'),('005940','NH투자증권'),('005945','NH투자증권우'),('005950','이수화학'),('005960','동부건설'),('005965','동부건설우'),('005990','매일홀딩스'),('006040','동원산업'),('006050','국영지앤엠'),('006060','화승인더'),('006090','사조오양'),('006110','삼아알미늄'),('006120','SK디스커버리'),('006125','SK디스커버리우'),('006140','피제이전자'),('006200','한국전자홀딩스'),('006220','제주은행'),('006260','LS'),('006280','녹십자'),('006340','대원전선'),('006345','대원전선우'),('006360','GS건설'),('006370','대구백화점'),('006380','카프로'),('006390','한일현대시멘트'),('006400','삼성SDI'),('006405','삼성SDI우'),('006490','인스코비'),('006570','대림통상'),('006580','대양제지'),('006620','동구바이오제약'),('006650','대한유화'),('006660','삼성공조'),('006730','서부T&D'),('006740','영풍제지'),('006800','미래에셋대우'),('006805','미래에셋대우우'),('00680K','미래에셋대우2우B'),('006840','AK홀딩스'),('006880','신송홀딩스'),('006890','태경화학'),('006910','보성파워텍'),('006920','모헨즈'),('006980','우성사료'),('007070','GS리테일'),('007110','일신석재'),('007120','미래아이앤지'),('007160','사조산업'),('007210','벽산'),('007280','한국특수형강'),('007310','오뚜기'),('007330','푸른저축은행'),('007340','디티알오토모티브'),('007370','진양제약'),('007390','네이처셀'),('007460','에이프로젠 KIC'),('007530','영신금속'),('007540','샘표'),('007570','일양약품'),('007575','일양약품우'),('007590','동방아그로'),('007610','선도전기'),('007630','폴루스바이오팜'),('007660','이수페타시스'),('007680','대원'),('007690','국도화학'),('007700','F&F'),('007720','대명코퍼레이션'),('007770','한일화학'),('007810','코리아써키트'),('007815','코리아써우'),('00781K','코리아써키트2우B'),('007820','에스엠코어'),('007860','서연'),('007980','태평양물산'),('008040','사조동아원'),('008060','대덕전자'),('00806K','대덕전자1우'),('008110','대동전자'),('008250','이건산업'),('008260','NI스틸'),('008290','원풍물산'),('008350','남선알미늄'),('008355','남선알미우'),('008370','원풍'),('008420','문배철강'),('008470','부스타'),('008490','서흥'),('008500','일정실업'),('008560','메리츠종금증권'),('008600','윌비스'),('008700','아남전자'),('008730','율촌화학'),('008770','호텔신라'),('008775','호텔신라우'),('008800','스튜디오썸머'),('008830','대동기어'),('008870','금비'),('008930','한미사이언스'),('008970','동양철관'),('009070','KCTC'),('009140','경인전자'),('009150','삼성전기'),('009155','삼성전기우'),('009160','SIMPAC'),('009180','한솔로지스틱스'),('009190','대양금속'),('009200','무림페이퍼'),('009240','한샘'),('009270','신원'),('009275','신원우'),('009290','광동제약'),('009300','삼아제약'),('009310','참엔지니어링'),('009320','대우부품'),('009410','태영건설'),('009415','태영건설우'),('009420','한올바이오파마'),('009440','KC그린홀딩스'),('009450','경동나비엔'),('009460','한창제지'),('009470','삼화전기'),('009520','포스코엠텍'),('009540','한국조선해양'),('009580','무림P&P'),('009620','삼보산업'),('009680','모토닉'),('009730','코센'),('009770','삼정펄프'),('009780','엠에스씨'),('009810','엔케이물산'),('009830','한화케미칼'),('009835','한화케미칼우'),('009970','영원무역홀딩스'),('010040','한국내화'),('010050','우리종금'),('010060','OCI'),('010100','한국프랜지'),('010120','LS산전'),('010130','고려아연'),('010140','삼성중공업'),('010145','삼성중공우'),('010170','대한광통신'),('010240','흥국'),('010280','쌍용정보통신'),('010400','우진아이엔에스'),('010420','한솔PNS'),('010470','오리콤'),('010580','지코'),('010600','웰바이오텍'),('010620','현대미포조선'),('010640','진양폴리'),('010660','화천기계'),('010690','화신'),('010770','평화홀딩스'),('010780','아이에스동서'),('010820','퍼스텍'),('010950','S-Oil'),('010955','S-Oil우'),('010960','삼호개발'),('011000','진원생명과학'),('011040','경동제약'),('011070','LG이노텍'),('011080','형지I&C'),('011090','에넥스'),('011150','CJ씨푸드'),('011155','CJ씨푸드1우'),('011160','두산건설'),('011170','롯데케미칼'),('011200','현대상선'),('011210','현대위아'),('011230','삼화전자'),('011280','태림포장'),('011300','성안'),('011320','유니크'),('011330','유니켐'),('011370','서한'),('011390','부산산업'),('011420','갤럭시아에스엠'),('011500','한농화성'),('011560','세보엠이씨'),('011690','유양디앤유'),('011700','한신기계'),('011760','현대상사'),('011780','금호석유'),('011785','금호석유우'),('011790','SKC'),('011810','STX'),('011930','신성이엔지'),('012030','DB'),('012160','영흥철강'),('012170','키위미디어그룹'),('012200','계양전기'),('012205','계양전기우'),('012280','영화금속'),('012320','경동인베스트'),('012330','현대모비스'),('012340','뉴인텍'),('012450','한화에어로스페이스'),('012510','더존비즈온'),('012600','청호컴넷'),('012610','경인양행'),('012620','원일특강'),('012630','HDC'),('012690','모나리자'),('012700','리드코프'),('012750','에스원'),('012790','신일제약'),('012800','대창'),('012860','서연전자'),('013000','세우글로벌'),('013030','하이록코리아'),('013120','동원개발'),('013310','아진산업'),('013360','일성건설'),('013520','화승알앤에이'),('013570','디와이'),('013580','계룡건설'),('013700','까뮤이앤씨'),('013720','청보산업'),('013810','스페코'),('013870','지엠비코리아'),('013990','아가방컴퍼니'),('014100','보령메디앙스'),('014130','한익스프레스'),('014160','대영포장'),('014190','원익큐브'),('014200','광림'),('014280','금강공업'),('014285','금강공업우'),('014440','영보화학'),('014470','부방'),('014530','극동유화'),('014570','고려제약'),('014580','백광소재'),('014620','성광벤드'),('014680','한솔케미칼'),('014710','사조씨푸드'),('014790','한라'),('014820','동원시스템즈'),('014825','동원시스템즈우'),('014830','유니드'),('014910','성문전자'),('014915','성문전자우'),('014940','오리엔탈정공'),('014970','삼륭물산'),('014990','인디에프'),('015020','이스타코'),('015230','대창단조'),('015260','에이엔피'),('015350','부산가스'),('015360','예스코홀딩스'),('015540','메디파트너생명공학'),('015590','큐로'),('015710','코콤'),('015750','성우하이텍'),('015760','한국전력'),('015860','일진홀딩스'),('015890','태경산업'),('016090','대현'),('016100','리더스코스메틱'),('016250','이테크건설'),('016360','삼성증권'),('016380','동부제철'),('016385','동부제철우'),('016450','한세예스24홀딩스'),('016580','환인제약'),('016590','신대양제지'),('016600','큐캐피탈'),('016610','DB금융투자'),('016670','포비스티앤씨'),('016710','대성홀딩스'),('016740','두올'),('016790','현대사료'),('016800','퍼시스'),('016880','웅진'),('016920','카스'),('017000','신원종합개발'),('017040','광명전기'),('017180','명문제약'),('017250','인터엠'),('017370','우신시스템'),('017390','서울가스'),('017480','삼현철강'),('017510','세명전기'),('017550','수산중공업'),('017650','대림제지'),('017670','SK텔레콤'),('017680','데코앤이'),('017800','현대엘리베이'),('017810','풀무원'),('017890','한국알콜'),('017900','광전자'),('017940','E1'),('017960','한국카본'),('018000','유니슨'),('018120','진로발효'),('018250','애경산업'),('018260','삼성에스디에스'),('018290','지엠피'),('018310','삼목에스폼'),('018470','조일알미늄'),('018500','동원금속'),('018620','우진비앤지'),('018670','SK가스'),('018680','서울제약'),('018700','바른손'),('018880','한온시스템'),('019010','베뉴지'),('019170','신풍제약'),('019175','신풍제약우'),('019180','티에이치엔'),('019210','와이지-원'),('019440','세아특수강'),('019490','하이트론'),('019540','일지테크'),('019550','SBI인베스트먼트'),('019570','제미니투자'),('019590','엠벤처투자'),('019660','글로본'),('019680','대교'),('019685','대교우B'),('019770','서연탑메탈'),('019990','에너토크'),('020000','한섬'),('020120','키다리스튜디오'),('020150','일진머티리얼즈'),('020180','대신정보통신'),('020400','대동금속'),('020560','아시아나항공'),('020710','시공테크'),('020760','일진디스플'),('021040','대호피앤씨'),('021045','대호피앤씨우'),('021050','서원'),('021080','에이티넘인베스트'),('021240','웅진코웨이'),('021320','KCC건설'),('021650','한국큐빅'),('021820','세원정공'),('021880','메이슨캐피탈'),('022100','포스코 ICT'),('022220','정산애강'),('023000','삼원강재'),('023150','MH에탄올'),('023160','태광'),('023350','한국종합기술'),('023410','유진기업'),('023440','제일제강'),('023450','동남합성'),('023460','CNH'),('023530','롯데쇼핑'),('023590','다우기술'),('023600','삼보판지'),('023760','한국캐피탈'),('023770','플레이위드'),('023790','동일철강'),('023800','인지컨트롤스'),('023810','인팩'),('023890','한국아트라스비엑스'),('023900','풍국주정'),('023910','대한약품'),('023960','에쓰씨엔지니어링'),('024060','흥구석유'),('024070','WISCOM'),('024090','디씨엠'),('024110','기업은행'),('024120','KB오토시스'),('024720','한국콜마홀딩스'),('024740','한일단조'),('024800','유성티엔에스'),('024810','이화전기'),('024830','세원물산'),('024840','KBI메탈'),('024850','피에스엠씨'),('024880','케이피에프'),('024890','대원화성'),('024900','덕양산업'),('024910','경창산업'),('024940','PN풍년'),('024950','삼천리자전거'),('025000','KPX케미칼'),('025320','시노펙스'),('025440','대성엘텍'),('025530','SJM홀딩스'),('025540','한국단자'),('025550','한국선재'),('025560','미래산업'),('025620','제이준코스메틱'),('025750','한솔홈데코'),('025770','한국정보통신'),('025820','이구산업'),('025860','남해화학'),('025870','신라에스지'),('025880','케이씨피드'),('025890','한국주강'),('025900','동화기업'),('025950','동신건설'),('025980','아난티'),('026040','제이에스티나'),('026150','특수건설'),('026180','현대정보기술'),('026890','디피씨'),('026910','광진실업'),('026940','부국철강'),('026960','동서'),('027040','서울전자통신'),('027050','코리아나'),('027360','아주IB투자'),('027390','한화갤러리아타임월드'),('027410','BGF'),('027580','상보'),('027710','팜스토리'),('027740','마니커'),('027830','대성창투'),('027970','세하'),('028040','미래SCI'),('028050','삼성엔지니어링'),('028080','휴맥스홀딩스'),('028100','동아지질'),('028150','GS홈쇼핑'),('028260','삼성물산'),('02826K','삼성물산우B'),('028300','에이치엘비'),('028670','팬오션'),('029460','케이씨'),('029480','바른테크놀로지'),('029530','신도리코'),('029780','삼성카드'),('029960','코엔텍'),('030000','제일기획'),('030190','NICE평가정보'),('030200','KT'),('030210','KTB투자증권'),('030270','에스마크'),('030350','드래곤플라이'),('030520','한글과컴퓨터'),('030530','원익홀딩스'),('030610','교보증권'),('030720','동원수산'),('030790','동양네트웍스'),('030960','양지사'),('031310','아이즈비전'),('031330','에스에이엠티'),('031390','녹십자셀'),('031430','신세계인터내셔날'),('031440','신세계푸드'),('031510','오스템'),('031820','콤텍시스템'),('031860','엔에스엔'),('031980','피에스케이홀딩스'),('032080','아즈텍WB'),('032190','다우데이타'),('032280','삼일'),('032350','롯데관광개발'),('032500','케이엠더블유'),('032540','TJ미디어'),('032560','황금에스티'),('032580','피델릭스'),('032620','유비케어'),('032640','LG유플러스'),('032680','소프트센'),('032685','소프트센우'),('032750','삼진'),('032790','엠젠플러스'),('032800','판타지오'),('032820','우리기술'),('032830','삼성생명'),('032850','비트컴퓨터'),('032860','GMR 머티리얼즈'),('032940','원익'),('032960','동일기연'),('032980','바이온'),('033050','제이엠아이'),('033100','제룡전기'),('033110','코너스톤네트웍스'),('033130','디지틀조선'),('033160','엠케이전자'),('033170','시그네틱스'),('033180','필룩스'),('033200','모아텍'),('033230','인성정보'),('033240','자화전자'),('033250','체시스'),('033270','유나이티드제약'),('033290','코웰패션'),('033310','디케이디앤아이'),('033320','제이씨현시스템'),('033340','좋은사람들'),('033430','디에스티'),('033500','동성화인텍'),('033530','세종공업'),('033540','파라텍'),('033560','블루콤'),('033600','럭슬'),('033640','네패스'),('033660','아주캐피탈'),('033780','KT&G'),('033790','스카이문스테크놀로지'),('033830','티비씨'),('033920','무학'),('034020','두산중공업'),('034120','SBS'),('034220','LG디스플레이'),('034230','파라다이스'),('034300','신세계건설'),('034310','NICE'),('034590','인천도시가스'),('034730','SK'),('03473K','SK우'),('034810','해성산업'),('034830','한국토지신탁'),('034940','조아제약'),('034950','한국기업평가'),('035000','지투알'),('035080','인터파크홀딩스'),('035150','백산'),('035200','프럼파스트'),('035250','강원랜드'),('035290','더블유에프엠'),('035420','NAVER'),('035460','기산텔레콤'),('035480','제이테크놀로지'),('035510','신세계 I&C'),('035600','KG이니시스'),('035610','솔본'),('035620','바른손이앤에이'),('035720','카카오'),('035760','CJ ENM'),('035810','이지바이오'),('035890','서희건설'),('035900','JYP Ent.'),('036000','예림당'),('036010','아비코전자'),('036030','KTH'),('036090','위지트'),('036120','SCI평가정보'),('036170','씨티젠'),('036180','영인프런티어'),('036190','금화피에스시'),('036200','유니셈'),('036260','이매진아시아'),('036420','제이콘텐트리'),('036460','한국가스공사'),('036480','대성미생물'),('036490','SK머티리얼즈'),('036530','S&T홀딩스'),('036540','SFA반도체'),('036560','영풍정밀'),('036570','엔씨소프트'),('036580','팜스코'),('036620','버추얼텍'),('036630','세종텔레콤'),('036640','HRS'),('036670','KCI'),('036690','코맥스'),('036710','심텍홀딩스'),('036800','나이스정보통신'),('036810','에프에스티'),('036830','솔브레인'),('036890','진성티이씨'),('036930','주성엔지니어링'),('037030','파워넷'),('037070','파세코'),('037230','한국팩키지'),('037270','YG PLUS'),('037330','인지디스플레'),('037350','성도이엔지'),('037370','EG'),('037400','우리조명'),('037440','희림'),('037460','삼지전자'),('037560','CJ헬로'),('037710','광주신세계'),('037760','쎄니트'),('037950','엘컴텍'),('038010','제일테크노스'),('038060','루멘스'),('038070','서린바이오'),('038110','에코플라스틱'),('038160','팍스넷'),('038290','마크로젠'),('038340','UCI'),('038390','레드캡투어'),('038460','바이오스마트'),('038500','삼표시멘트'),('038530','골드퍼시픽'),('038540','상상인'),('038620','위즈코프'),('038680','에스넷'),('038870','에코바이오'),('038880','아이에이'),('038950','파인디지털'),('039010','현대통신'),('039020','이건홀딩스'),('039030','이오테크닉스'),('039130','하나투어'),('039200','오스코텍'),('039230','에이아이비트'),('039240','경남스틸'),('039290','인포뱅크'),('039310','세중'),('039340','한국경제TV'),('039420','케이엘넷'),('039440','에스티아이'),('039490','키움증권'),('039560','다산네트웍스'),('039570','HDC아이콘트롤스'),('039610','화성밸브'),('039670','한류타임즈'),('039740','한국정보공학'),('039830','오로라'),('039840','디오'),('039860','나노엔텍'),('039980','리노스'),('040160','누리텔레콤'),('040300','YTN'),('040350','큐로컴'),('040420','정상제이엘에스'),('040610','SG&G'),('040910','아이씨디'),('041020','인프라웨어'),('041140','넥슨지티'),('041190','우리기술투자'),('041440','에버다임'),('041460','한국전자인증'),('041510','에스엠'),('041520','이라이콤'),('041590','에너전트'),('041650','상신브레이크'),('041830','인바디'),('041910','에스텍파마'),('041920','메디아나'),('041930','동아화성'),('041960','코미팜'),('042000','카페24'),('042040','케이피엠테크'),('042110','에스씨디'),('042370','비츠로테크'),('042420','네오위즈홀딩스'),('042500','링네트'),('042510','라온시큐어'),('042520','한스바이오메드'),('042600','새로닉스'),('042660','대우조선해양'),('042670','두산인프라코어'),('042700','한미반도체'),('042940','상지카일룸'),('043090','팜스웰바이오'),('043100','솔고바이오'),('043150','바텍'),('043200','파루'),('043220','에이치엘비파워'),('043260','성호전자'),('043290','케이맥'),('043340','에쎈테크'),('043360','디지아이'),('043370','평화정공'),('043590','크로바하이텍'),('043610','지니뮤직'),('043650','국순당'),('043710','서울리거'),('043910','자연과환경'),('044060','조광ILI'),('044180','KD건설'),('044340','위닉스'),('044380','주연테크'),('044450','KSS해운'),('044480','바이오제네틱스'),('044490','태웅'),('044780','에이치케이'),('044820','코스맥스비티아이'),('044960','이글벳'),('044990','에이치엔에스하이텍'),('045060','오공'),('045100','한양이엔지'),('045300','성우테크론'),('045340','토탈소프트'),('045390','대아티아이'),('045510','정원엔시스'),('045520','크린앤사이언스'),('045660','에이텍'),('045890','GV'),('045970','코아시아'),('046070','코다코'),('046110','한일네트웍스'),('046120','오르비텍'),('046140','SBS콘텐츠허브'),('046210','파나진'),('046310','백금T&A'),('046390','삼화네트웍스'),('046440','KG모빌리언스'),('046890','서울반도체'),('046940','우원개발'),('046970','우리로'),('047040','대우건설'),('047050','포스코인터내셔널'),('047080','한빛소프트'),('047310','파워로직스'),('047400','유니온머티리얼'),('047560','이스트소프트'),('047770','코데즈컴바인'),('047810','한국항공우주'),('047820','초록뱀'),('047920','씨트리'),('048260','오스템임플란트'),('048410','현대바이오'),('048430','유라테크'),('048470','대동스틸'),('048530','인트론바이오'),('048550','SM C&C'),('048770','TPC'),('048830','엔피케이'),('048870','시너지이노베이션'),('048910','대원미디어'),('049070','인탑스'),('049080','기가레인'),('049120','파인디앤씨'),('049180','셀루메드'),('049430','코메론'),('049470','SGA'),('049480','오픈베이스'),('049520','유아이엘'),('049550','잉크테크'),('049630','재영솔루텍'),('049720','고려신용정보'),('049770','동원F&B'),('049800','우진플라임'),('049830','승일'),('049950','미래컴퍼니'),('049960','쎌바이오텍'),('050090','휘닉스소재'),('050110','캠시스'),('050120','라이브플렉스'),('050320','에이앤티앤'),('050540','한국코퍼레이션'),('050760','에스폴리텍'),('050860','아세아텍'),('050890','쏠리드'),('050960','수산아이앤티'),('051160','지어소프트'),('051360','토비스'),('051370','인터플렉스'),('051380','피씨디렉트'),('051390','YW'),('051490','나라엠앤디'),('051500','CJ프레시웨이'),('051600','한전KPS'),('051630','진양화학'),('051780','큐로홀딩스'),('051900','LG생활건강'),('051905','LG생활건강우'),('051910','LG화학'),('051915','LG화학우'),('051980','센트럴바이오'),('052020','에스티큐브'),('052190','이에스에이'),('052220','iMBC'),('052260','SK바이오랜드'),('052300','W홀딩컴퍼니'),('052330','코텍'),('052400','코나아이'),('052420','오성첨단소재'),('052460','아이크래프트'),('052600','한네트'),('052670','제일바이오'),('052690','한전기술'),('052710','아모텍'),('052770','와이디온라인'),('052790','액토즈소프트'),('052860','아이앤씨'),('052900','KMH하이텍'),('053030','바이넥스'),('053050','지에스이'),('053060','세동'),('053110','소리바다'),('053160','프리엠스'),('053210','스카이라이프'),('053260','금강철강'),('053270','구영테크'),('053280','예스24'),('053290','NE능률'),('053300','한국정보인증'),('053350','이니텍'),('053450','세코닉스'),('053580','웹케시'),('053590','한국테크놀로지'),('053610','프로텍'),('053620','태양'),('053660','현진소재'),('053690','한미글로벌'),('053700','삼보모터스'),('053800','안랩'),('053950','경남제약'),('053980','오상자이엘'),('054040','한국컴퓨터'),('054050','농우바이오'),('054090','삼진엘앤디'),('054180','중앙오션'),('054210','이랜텍'),('054220','비츠로시스'),('054300','팬스타엔터프라이즈'),('054340','피앤텔'),('054410','케이피티유'),('054450','텔레칩스'),('054540','삼영엠텍'),('054620','APS홀딩스'),('054630','에이디칩스'),('054670','대한뉴팜'),('054780','키이스트'),('054800','아이디스홀딩스'),('054920','한컴시큐어'),('054930','유신'),('054940','엑사이엔씨'),('054950','제이브이엠'),('055490','테이팩스'),('055550','신한지주'),('056000','신스타임즈'),('056080','유진로봇'),('056090','유앤아이'),('056190','에스에프에이'),('056360','코위버'),('056700','신화인터텍'),('056730','포스링크'),('057030','와이비엠넷'),('057050','현대홈쇼핑'),('057500','SKC 솔믹스'),('057540','옴니시스템'),('057680','옴니텔'),('057880','필로시스헬스케어'),('058110','멕아이씨에스'),('058220','아리온'),('058400','KNN'),('058420','제이웨이'),('058430','포스코강판'),('058450','일야'),('058470','리노공업'),('058530','슈펙스비앤피'),('058610','에스피지'),('058630','엠게임'),('058650','세아홀딩스'),('058730','다스코'),('058820','CMG제약'),('058850','KTcs'),('058860','KTis'),('058970','엠로'),('059090','미코'),('059100','아이컴포넌트'),('059120','아진엑스텍'),('059210','메타바이오메드'),('060150','인선이엔티'),('060230','이그잭스'),('060240','룽투코리아'),('060250','NHN한국사이버결제'),('060260','뉴보텍'),('060280','큐렉소'),('060300','레드로버'),('060310','3S'),('060370','KT서브마린'),('060380','동양에스텍'),('060480','국일신동'),('060540','에스에이티'),('060560','홈센타홀딩스'),('060570','드림어스컴퍼니'),('060590','씨티씨바이오'),('060720','KH바텍'),('060900','퍼시픽바이오'),('060980','한라홀딩스'),('061040','알에프텍'),('061250','화일약품'),('061970','엘비세미콘'),('062860','티엘아이'),('063080','게임빌'),('063160','종근당바이오'),('063170','서울옥션'),('063440','SM Life Design'),('063570','한국전자금융'),('063760','이엘피'),('064090','에프앤리퍼블릭'),('064240','홈캐스트'),('064260','다날'),('064290','인텍플러스'),('064350','현대로템'),('064480','브리지텍'),('064510','에코마이스터'),('064520','바른전자'),('064550','바이오니아'),('064760','티씨케이'),('064800','필링크'),('064820','케이프'),('064850','에프앤가이드'),('064960','S&T모티브'),('065060','지엔코'),('065130','탑엔지니어링'),('065150','MP그룹'),('065170','넥스트BT'),('065350','신성델타테크'),('065370','위세아이텍'),('065420','에스아이리소스'),('065440','이루온'),('065450','빅텍'),('065500','오리엔트정공'),('065510','휴비츠'),('065530','전파기지국'),('065560','녹원씨엔아이'),('065570','삼영이엔씨'),('065620','제낙스'),('065650','메디프론'),('065660','안트로젠'),('065680','우주일렉트로'),('065690','파커스'),('065710','서호전기'),('065770','CS'),('065940','바이오빌'),('065950','웰크론'),('066110','한프'),('066130','하츠'),('066310','큐에스아이'),('066360','체리부로'),('066410','버킷스튜디오'),('066430','와이오엠'),('066570','LG전자'),('066575','LG전자우'),('066590','우수AMS'),('066620','국보디자인'),('066670','디스플레이텍'),('066700','테라젠이텍스'),('066790','씨씨에스'),('066830','제노텍'),('066900','디에이피'),('066910','손오공'),('066970','엘앤에프'),('066980','브레인콘텐츠'),('067000','조이시티'),('067010','이씨에스'),('067080','대화제약'),('067160','아프리카TV'),('067170','오텍'),('067280','멀티캠퍼스'),('067290','JW신약'),('067310','하나마이크론'),('067370','선바이오'),('067390','아스트'),('067570','엔브이에이치코리아'),('067630','에이치엘비생명과학'),('067730','로지시스'),('067770','세진티에스'),('067830','세이브존I&C'),('067900','와이엔텍'),('067920','이글루시큐리티'),('067990','도이치모터스'),('068050','팬엔터테인먼트'),('068240','다원시스'),('068270','셀트리온'),('068290','삼성출판사'),('068330','일신바이오'),('068400','AJ렌터카'),('068760','셀트리온제약'),('068790','DMS'),('068930','디지털대성'),('068940','아이씨케이'),('069080','웹젠'),('069110','코스온'),('069140','누리플랜'),('069260','휴켐스'),('069330','유아이디'),('069410','엔텔스'),('069460','대호에이엘'),('069510','에스텍'),('069540','라이트론'),('069620','대웅제약'),('069640','한세엠케이'),('069730','DSR제강'),('069920','아이에스이커머스'),('069960','현대백화점'),('070300','한솔시큐어'),('070590','한솔인티큐브'),('070960','용평리조트'),('071050','한국금융지주'),('071055','한국금융지주우'),('071090','하이스틸'),('071200','인피니트헬스케어'),('071280','로체시스템즈'),('071320','지역난방공사'),('071460','대유위니아'),('071670','에이테크솔루션'),('071840','롯데하이마트'),('071850','캐스텍코리아'),('071950','코아스'),('071970','STX중공업'),('072020','중앙백신'),('072130','유엔젤'),('072470','우리산업홀딩스'),('072520','제넨바이오'),('072710','농심홀딩스'),('072770','네오디안테크놀로지'),('072870','메가스터디'),('072950','빛샘전자'),('072990','에이치시티'),('073010','케이에스피'),('073070','에스모'),('073110','엘엠에스'),('073190','듀오백'),('073240','금호타이어'),('073490','이노와이어리스'),('073540','에프알텍'),('073560','우리손에프앤지'),('073570','WI'),('073640','삼원테크'),('074430','아미노로직스'),('074600','원익QnC'),('074610','나노메딕스'),('075130','플랜티넷'),('075180','새론오토모티브'),('075580','세진중공업'),('075970','동국알앤에스'),('076080','웰크론한텍'),('076340','관악산업'),('076610','해성옵틱스'),('077280','한컴지엠디'),('077360','덕산하이메탈'),('077500','유니퀘스트'),('077970','STX엔진'),('078000','텔코웨어'),('078020','이베스트투자증권'),('078070','유비쿼스홀딩스'),('078130','국일제지'),('078140','대봉엘에스'),('078150','HB테크놀러지'),('078160','메디포스트'),('078340','컴투스'),('078350','한양디지텍'),('078520','에이블씨엔씨'),('078590','두올산업'),('078600','대주전자재료'),('078650','코렌'),('078860','아이오케이'),('078890','가온미디어'),('078930','GS'),('078935','GS우'),('078940','코드네이처'),('079000','와토스코리아'),('079160','CJ CGV'),('079170','한창산업'),('079190','EMW'),('079370','제우스'),('079430','현대리바트'),('079440','오렌지라이프'),('079550','LIG넥스원'),('079650','서산'),('079810','디이엔티'),('079940','가비아'),('079950','인베니아'),('079960','동양이엔피'),('079970','투비소프트'),('079980','휴비스'),('080000','에스엔유'),('080010','이상네트웍스'),('080160','모두투어'),('080220','제주반도체'),('080420','모다이노칩'),('080440','에스제이케이'),('080470','성창오토텍'),('080520','오디텍'),('080530','코디'),('080580','오킨스전자'),('080720','한국유니온제약'),('081000','일진다이아'),('081150','티플랙스'),('081580','성우전자'),('081660','휠라코리아'),('082210','옵트론텍'),('082270','젬백스'),('082640','동양생명'),('082660','삼우엠스'),('082740','HSD엔진'),('082800','루미마이크로'),('082850','우리바이오'),('082920','비츠로셀'),('083310','엘오티베큠'),('083370','동북아12호'),('083380','동북아13호'),('083420','그린케미칼'),('083450','GST'),('083470','KJ프리텍'),('083500','에프엔에스테크'),('083550','케이엠'),('083640','인콘'),('083650','비에이치아이'),('083660','CSA 코스믹'),('083790','크리스탈'),('083930','아바코'),('084010','대한제강'),('084110','휴온스글로벌'),('084180','수성'),('084370','유진테크'),('084440','유비온'),('084650','랩지노믹스'),('084670','동양고속'),('084680','이월드'),('084690','대상홀딩스'),('084695','대상홀딩스우'),('084730','팅크웨어'),('084870','TBH글로벌'),('084990','헬릭스미스'),('085310','엔케이'),('085370','루트로닉'),('08537M','루트로닉3우C'),('085620','미래에셋생명'),('085660','차바이오텍'),('085670','뉴프렉스'),('085810','알티캐스트'),('085910','네오티스'),('086040','바이오톡스텍'),('086060','진바이오텍'),('086080','다이노나'),('086220','네추럴FNP'),('086250','화신테크'),('086280','현대글로비스'),('086390','유니테스트'),('086450','동국제약'),('086460','에스엔피제네틱스'),('086520','에코프로'),('086670','비엠티'),('086790','하나금융지주'),('086820','바이오솔루션'),('086890','이수앱지스'),('086900','메디톡스'),('086960','한컴MDS'),('086980','쇼박스'),('087010','펩트론'),('087260','모바일어플라이언스'),('087600','픽셀플러스'),('087730','네패스신소재'),('088130','동아엘텍'),('088260','이리츠코크렙'),('088290','이원컴포텍'),('088350','한화생명'),('088390','이녹스'),('088790','진도'),('088800','에이스테크'),('088910','동우팜투테이블'),('088980','맥쿼리인프라'),('089010','켐트로닉스'),('089030','테크윙'),('089140','넥스턴'),('089150','케이씨티'),('089230','THE E&M'),('089470','HDC현대EP'),('089530','에이티세미콘'),('089590','제주항공'),('089600','나스미디어'),('089790','제이티'),('089850','유비벨록스'),('089890','코세스'),('089970','에이피티씨'),('089980','상아프론테크'),('090080','평화산업'),('090150','광진윈텍'),('090350','노루페인트'),('090355','노루페인트우'),('090360','로보스타'),('090370','메타랩스'),('090410','덕신하우징'),('090430','아모레퍼시픽'),('090435','아모레퍼시픽우'),('090460','비에이치'),('090470','제이스텍'),('090710','휴림로봇'),('090740','연이정보통신'),('090850','이지웰페어'),('091090','세원셀론텍'),('091120','이엠텍'),('091340','S&K폴리텍'),('091440','텔레필드'),('091580','상신이디피'),('091590','남화토건'),('091700','파트론'),('091810','티웨이항공'),('091970','나노캠텍'),('091990','셀트리온헬스케어'),('092040','아미코젠'),('092070','디엔에프'),('092130','이크레더블'),('092200','디아이씨'),('092220','KEC'),('092230','KPX홀딩스'),('092300','현우산업'),('092440','기신정기'),('092460','한라IMS'),('092590','럭스피아'),('092600','앤씨앤'),('092730','네오팜'),('092780','동양피스톤'),('092870','엑시콘'),('093050','LF'),('093190','빅솔론'),('093230','이아이디'),('093240','형지엘리트'),('093320','케이아이엔엑스'),('093370','후성'),('093380','풍강'),('093520','매커스'),('093640','다믈멀티미디어'),('093920','서원인텍'),('094170','동운아나텍'),('094190','이엘케이'),('094280','효성ITX'),('094360','칩스앤미디어'),('094480','갤럭시아컴즈'),('094800','맵스리얼티1'),('094820','일진파워'),('094840','슈프리마에이치큐'),('094850','참좋은여행'),('094860','코닉글로리'),('094940','푸른기술'),('094970','제이엠티'),('095190','이엠코리아'),('095270','웨이브일렉트로'),('095340','ISC'),('095500','미래나노텍'),('095570','AJ네트웍스'),('095610','테스'),('095660','네오위즈'),('095700','제넥신'),('095720','웅진씽크빅'),('095910','에스에너지'),('096040','이트론'),('096240','청담러닝'),('096300','베트남개발1'),('096350','대창솔루션'),('096530','씨젠'),('096610','알에프세미'),('096630','에스코넥'),('096640','멜파스'),('096690','제이스테판'),('096760','JW홀딩스'),('096770','SK이노베이션'),('096775','SK이노베이션우'),('096870','엘디티'),('097230','한진중공업'),('097520','엠씨넥스'),('097780','에스맥'),('097800','윈팩'),('097870','효성오앤비'),('097950','CJ제일제당'),('097955','CJ제일제당 우'),('098120','마이크로컨텍솔'),('098460','고영'),('098660','에스티오'),('099190','아이센스'),('099220','SDN'),('099320','쎄트렉아이'),('099340','하나니켈1호'),('099350','하나니켈2호'),('099410','동방선기'),('099440','스맥'),('099520','ITX엠투엠'),('099750','이지케어텍'),('100030','모바일리더'),('100090','삼강엠앤티'),('100120','뷰웍스'),('100130','동국S&C'),('100220','비상교육'),('100250','진양홀딩스'),('100590','머큐리'),('100660','서암기계공업'),('100700','세운메디칼'),('100790','미래에셋벤처투자'),('100840','S&TC'),('101000','상상인인더스트리'),('101060','SBS미디어홀딩스'),('101140','비티원'),('101160','월덱스'),('101170','우림기계'),('101240','씨큐브'),('101330','모베이스'),('101360','이엔드디'),('101390','아이엠'),('101400','엔시트론'),('101490','에스앤에스텍'),('101530','해태제과식품'),('101670','코리아에스이'),('101680','한국정밀기계'),('101730','조이맥스'),('101930','인화정공'),('102120','어보브반도체'),('102210','해덕파워웨이'),('102260','동성코퍼레이션'),('102280','쌍방울'),('102460','이연제약'),('102710','이엔에프테크놀로지'),('102940','코오롱생명과학'),('103130','웅진에너지'),('103140','풍산'),('103230','에스앤더블류'),('103590','일진전기'),('103660','씨앗'),('104040','대성파인텍'),('104200','NHN벅스'),('104460','동양피엔에프'),('104480','티케이케미칼'),('104540','코렌텍'),('104620','노랑풍선'),('104700','한국철강'),('104830','원익머트리얼즈'),('105330','케이엔더블유'),('105550','트루윈'),('105560','KB금융'),('105630','한세실업'),('105740','디케이락'),('105840','우진'),('106080','지투하이소닉'),('106190','하이텍팜'),('106240','파인테크닉스'),('106520','디지탈옵틱'),('107590','미원홀딩스'),('107640','한중엔시에스'),('108230','톱텍'),('108320','실리콘웍스'),('108380','대양전기공업'),('108490','로보티즈'),('108670','LG하우시스'),('108675','LG하우시스우'),('108790','인터파크'),('108860','셀바스AI'),('109070','컨버즈'),('109080','옵티시스'),('109610','에스와이'),('109740','디에스케이'),('109820','진매트릭스'),('109860','동일금속'),('109960','에이프로젠 H&G'),('110020','전진바이오팜'),('110790','크리스에프앤씨'),('110990','디아이티'),('111110','호전실업'),('111710','남화산업'),('111770','영원무역'),('111820','지와이커머스'),('111870','삼본전자'),('112040','위메이드'),('112190','KC산업'),('112240','에스에프씨'),('112610','씨에스윈드'),('113810','디젠스'),('114090','GKL'),('114120','크루셜텍'),('114190','웰크론강원'),('114450','KPX생명과학'),('114570','지스마트글로벌'),('114630','우노앤컴퍼니'),('114810','아이원스'),('114920','대주이엔티'),('115160','휴맥스'),('115180','큐리언트'),('115310','인포바인'),('115390','락앤락'),('115440','우리넷'),('115450','지트리비앤티'),('115480','씨유메디칼'),('115500','케이씨에스'),('115530','씨엔플러스'),('115570','스타플렉스'),('115610','이미지스'),('115960','연우'),('116100','태양기계'),('117580','대성에너지'),('117670','알파홀딩스'),('117730','티로보틱스'),('118000','우리들휴브레인'),('118990','모트렉스'),('119500','포메탈'),('119610','인터로조'),('119650','KC코트렐'),('119830','아이텍'),('119850','지엔씨에너지'),('119860','다나와'),('120030','조선선재'),('120110','코오롱인더'),('120115','코오롱인더우'),('120240','대정화금'),('120780','전우정밀'),('121060','유니포인트'),('121440','골프존뉴딘홀딩스'),('121600','나노신소재'),('121800','비덴트'),('121850','코이즈'),('121890','에스디시스템'),('122050','아이엘사이언스'),('122310','제노레이'),('122350','삼기오토모티브'),('122450','KMH'),('122640','예스티'),('122690','서진오토모티브'),('122800','썬텍'),('122870','와이지엔터테인먼트'),('122900','아이마켓코리아'),('122990','와이솔'),('123010','옵토팩'),('123040','엠에스오토텍'),('123260','파인넥스'),('123330','제닉'),('123410','코리아에프티'),('123420','선데이토즈'),('123570','이엠넷'),('123690','한국화장품'),('123700','SJM'),('123750','알톤스포츠'),('123840','한일진공'),('123860','아나패스'),('123890','한국자산신탁'),('124500','아이티센'),('125210','아모그린텍'),('126340','비나텍'),('126560','현대에이치씨엔'),('126600','코프라'),('126640','화신정공'),('126700','하이비젼시스템'),('126870','뉴로스'),('126880','제이엔케이히터'),('127120','디엔에이링크'),('127160','매직마이크로'),('127710','아시아경제'),('128540','에코캡'),('128660','피제이메탈'),('128820','대성산업'),('128940','한미약품'),('129260','인터지스'),('130500','GH신소재'),('130580','나이스디앤비'),('130660','한전산업'),('130740','티피씨글로벌'),('131030','디에이치피코리아'),('131090','시큐브'),('131100','리켐'),('131180','딜리'),('131220','대한과학'),('131290','티에스이'),('131370','알서포트'),('131390','피앤이솔루션'),('131400','액트'),('131760','파인텍'),('131970','테스나'),('133750','메가엠디'),('133820','화인베스틸'),('134060','이퓨쳐'),('134380','미원화학'),('134580','디엠티'),('134780','화진'),('134790','시디즈'),('135160','지오씨'),('135270','세종머티리얼즈'),('136480','하림'),('136490','선진'),('136510','쎄미시스코'),('136540','윈스'),('136660','큐엠씨'),('137400','피엔티'),('137940','넥스트아이'),('137950','제이씨케미칼'),('138040','메리츠금융지주'),('138070','신진에스엠'),('138080','오이솔루션'),('138250','엔에스쇼핑'),('138360','에이씨티'),('138490','코오롱플라스틱'),('138580','비즈니스온'),('138610','나이벡'),('138690','엘아이에스'),('138930','BNK금융지주'),('139050','데일리블록체인'),('139130','DGB금융지주'),('139480','이마트'),('139670','키네마스터'),('140070','서플러스글로벌'),('140290','청광종건'),('140410','메지온'),('140520','대창스틸'),('140610','엔솔바이오사이언스'),('140660','위월드'),('140670','알에스오토메이션'),('140860','파크시스템스'),('140910','에이리츠'),('141000','비아트론'),('141020','포티스'),('141070','맥스로텍'),('141080','레고켐바이오'),('142210','유니트론텍'),('142280','녹십자엠에스'),('142760','바이오리더스'),('143160','아이디스'),('143210','핸즈코퍼레이션'),('143240','사람인에이치알'),('143540','영우디에스피'),('144510','녹십자랩셀'),('144620','코오롱머티리얼'),('144960','뉴파워프라즈마'),('145020','휴젤'),('145210','세화아이엠씨'),('145270','케이탑리츠'),('145720','덴티움'),('145990','삼양사'),('145995','삼양사우'),('147760','마이크로프랜드'),('147830','제룡산업'),('148140','비디아이'),('148250','알엔투테크놀로지'),('148780','비플라이소프트'),('149010','아이케이세미콘'),('149940','모다'),('149950','아바텍'),('149980','하이로닉'),('150440','피노텍'),('150840','인트로메딕'),('150900','파수닷컴'),('151860','KG ETS'),('151910','나노스'),('152330','코리아오토글라스'),('152550','한국ANKOR유전'),('153360','하이골드3호'),('153460','네이블'),('153490','우리이앤엘'),('153710','옵티팜'),('154030','아시아종묘'),('154040','솔루에타'),('155650','와이엠씨'),('155660','DSR'),('155900','바다로19호'),('156100','엘앤케이바이오'),('158300','에스에이티이엔지'),('158310','인터불스'),('159580','제로투세븐'),('159650','하이골드8호'),('159910','스킨앤스킨'),('160550','NEW'),('160600','에스엔텍'),('160980','싸이맥스'),('161000','애경유화'),('161390','한국타이어앤테크놀로지'),('161570','THE MIDONG'),('161580','필옵틱스'),('161890','한국콜마'),('162120','루켄테크놀러지스'),('163430','디피코'),('163560','동일고무벨트'),('166090','하나머티리얼즈'),('166480','코아스템'),('168330','내츄럴엔도텍'),('168490','한국패러랠'),('170030','현대공업'),('170790','파이오링크'),('170900','동아에스티'),('170920','엘티씨'),('171010','램테크놀러지'),('171090','선익시스템'),('171120','라이온켐텍'),('172580','하이골드12호'),('173130','오파스넷'),('173940','에프엔씨엔터'),('174880','장원테크'),('174900','앱클론'),('175140','인포마크'),('175250','아이큐어'),('175330','JB금융지주'),('176440','에이치엔티'),('176560','포인트엔지니어링'),('176750','듀켐바이오'),('177350','베셀'),('177830','파버나인'),('178320','서진시스템'),('178600','대동고려삼'),('178780','유테크'),('178920','SKC코오롱PI'),('179290','엠아이텍'),('179720','옐로페이'),('179900','유티아이'),('180060','탑선'),('180400','캔서롭'),('180640','한진칼'),('18064K','한진칼우'),('181340','이즈미디어'),('181710','NHN'),('182360','큐브엔터'),('182400','엔케이맥스'),('182690','테라셈'),('183190','아세아시멘트'),('183300','코미코'),('183350','LPK로보틱스'),('183410','골프존데카'),('183490','엔지켐생명과학'),('184230','SGA솔루션즈'),('185190','수프로'),('185490','아이진'),('185750','종근당'),('186230','그린플러스'),('187220','디티앤씨'),('187270','신화콘텍'),('187420','제노포커스'),('187790','나노'),('187870','디바이스이엔지'),('189300','인텔리안테크'),('189330','씨이랩'),('189350','코셋'),('189540','씨티네트웍스'),('189690','포시에스'),('189860','서전기전'),('189980','흥국에프엔비'),('190510','나무가'),('191410','육일씨엔에쓰'),('191420','테고사이언스'),('191600','티케이씨'),('192080','더블유게임즈'),('192250','케이사인'),('192390','윈하이텍'),('192400','쿠쿠홀딩스'),('192410','감마누'),('192440','슈피겐코리아'),('192650','드림텍'),('192820','코스맥스'),('193250','와이제이엠게임즈'),('194370','제이에스코퍼레이션'),('194480','데브시스터즈'),('194510','파티게임즈'),('194700','노바렉스'),('195440','퓨전데이타'),('195870','해성디에스'),('195990','유지인트'),('196170','알테오젠'),('196300','애니젠'),('196450','디오스텍'),('196490','디에이테크놀로지'),('196700','웹스'),('197140','디지캡'),('197210','리드'),('198440','고려시멘트'),('199150','데이터스트림즈'),('199290','바이오프로테크'),('199800','툴젠'),('200130','콜마비앤에이치'),('200230','텔콘RF제약'),('200350','래몽래인'),('200470','하이셈'),('200580','메디쎄이'),('200670','휴메딕스'),('200710','에이디테크놀로지'),('200780','비씨월드제약'),('200880','서연이화'),('201490','미투온'),('202960','판도라티비'),('203400','에이비온'),('203450','유니온커뮤니티'),('203650','드림시큐리티'),('203690','프로스테믹스'),('204020','엠코르셋'),('204210','모두투어리츠'),('204320','만도'),('204620','글로벌텍스프리'),('204630','화이브라더스코리아'),('204840','지엘팜텍'),('204990','현성바이탈'),('205100','엑셈'),('205290','케미메디'),('205470','휴마시스'),('205500','액션스퀘어'),('206400','엔터메이트'),('206560','덱스터'),('206640','바디텍메드'),('206650','유바이오로직스'),('206950','볼빅'),('207490','에이펙스인텍'),('207760','미스터블루'),('207940','삼성바이오로직스'),('208140','정다운'),('208340','파멥신'),('208350','지란지교시큐리티'),('208370','셀바스헬스케어'),('208640','썸에이지'),('208710','바이오로그디바이스'),('208850','이비테크'),('208860','엔지스테크널러지'),('208890','에듀파트너'),('210120','빅텐츠'),('210540','디와이파워'),('210610','소프트캠프'),('210980','SK디앤디'),('211050','인카금융서비스'),('211270','AP위성'),('212310','휴벡셀'),('212560','네오오토'),('213090','미래테크놀로지'),('213420','덕산네오룩스'),('213500','한솔제지'),('214150','클래시스'),('214180','민앤지'),('214270','퓨쳐스트림네트웍스'),('214310','세미콘라이트'),('214320','이노션'),('214330','금호에이치티'),('214370','케어젠'),('214390','경보제약'),('214420','토니모리'),('214430','아이쓰리시스템'),('214450','파마리서치프로덕트'),('214610','미코바이오메드'),('214680','디알텍'),('214870','뉴지랩'),('215000','골프존'),('215050','비엔디생활건강'),('215090','리퓨어유니맥스'),('215100','로보로보'),('215200','메가스터디교육'),('215360','우리산업'),('215380','우정바이오'),('215480','토박스코리아'),('215570','크로넥스'),('215600','신라젠'),('215790','이노인스트루먼트'),('216050','인크로스'),('216280','원텍'),('216400','바이오코아'),('217190','제너셈'),('217270','넵튠'),('217320','썬테크'),('217330','싸이토젠'),('217480','에스디생명공학'),('217500','러셀'),('217600','켐온'),('217620','디딤'),('217730','강스템바이오텍'),('217820','엔에스'),('217880','틸론'),('217910','에스제이켐'),('217950','파마리서치바이오'),('218150','미래생명자원'),('218410','RFHIC'),('219130','타이거일렉'),('219420','링크제니시스'),('219550','MP한강'),('219750','지티지웰니스'),('220100','퓨쳐켐'),('220110','드림티엔터테인먼트'),('220180','핸디소프트'),('220250','카이노스메드'),('220260','켐트로스'),('220630','해마로푸드서비스'),('221610','한솔씨앤피'),('221670','주노콜렉션'),('221800','유투바이오'),('221840','하이즈항공'),('221980','케이디켐'),('222040','코스맥스엔비티'),('222080','씨아이에스'),('222110','팬젠'),('222160','바이옵트로'),('222420','쎄노텍'),('222670','플럼라인생명과학'),('222800','심텍'),('222810','한류AI센터'),('222980','한국맥널티'),('223220','아이피몬스터'),('223310','이에스브이'),('224020','에스케이씨에스'),('224060','코디엠'),('224110','에이텍티앤'),('224760','엔에스컴퍼니'),('224810','엄지하우스'),('224880','SGA임베디드'),('225190','삼양옵틱스'),('225220','제놀루션'),('225330','씨엠에스에듀'),('225430','케이엠제약'),('225530','보광산업'),('225570','넷게임즈'),('225590','패션플랫폼'),('225650','쿠첸'),('225850','미애부'),('225860','엠앤씨생명과학'),('226320','잇츠한불'),('226340','본느'),('226350','아이엠텍'),('226360','이엑스티'),('226400','오스테오닉'),('226440','한송네오텍'),('226610','한국비엔씨'),('226950','올릭스'),('227100','디자인'),('227420','포레스팅블록체인'),('227610','아우딘퓨쳐스'),('227840','현대코퍼레이션홀딩스'),('227950','마이크로텍'),('228180','티씨엠생명과학'),('228340','동양파일'),('228760','지노믹트리'),('228850','레이언스'),('229000','젠큐릭스'),('229500','노브메타파마'),('229640','LS전선아시아'),('230240','에치에프알'),('230360','에코마케팅'),('230400','자비스'),('230980','솔트웍스'),('232140','와이아이케이'),('232330','SK3호스팩'),('232530','이엠티'),('232680','라온테크'),('232830','시큐센'),('233250','메디안디노스틱'),('233990','질경이'),('234070','에이원알폼'),('234080','JW생명과학'),('234100','세원'),('234300','에스트래픽'),('234920','자이글'),('236030','씨알푸드'),('236200','슈프리마'),('236340','메디젠휴먼케어'),('237690','에스티팜'),('237750','피앤씨테크'),('237880','클리오'),('238090','앤디포스'),('238120','로고스바이오'),('238200','비피도'),('238490','힘스'),('238500','로보쓰리'),('239340','줌인터넷'),('239610','에이치엘사이언스'),('239890','피엔에이치테크'),('240340','인터코스'),('240810','원익IPS'),('241510','이에스산업'),('241520','DSC인베스트먼트'),('241560','두산밥캣'),('241590','화승엔터프라이즈'),('241690','유니테크노'),('241710','코스메카코리아'),('241770','메카로'),('241790','오션브릿지'),('241820','피씨엘'),('242040','나무기술'),('242350','피엔아이컴퍼니'),('243070','휴온스'),('243840','신흥에스이씨'),('243870','굿센'),('244880','나눔테크'),('245450','씨앤에스링크'),('245620','EDGC'),('246250','에스엘에스바이오'),('246690','TS인베스트먼트'),('246710','티앤알바이오팹'),('246720','아스타'),('246960','이노테라피'),('247300','인프라웨어테크놀러지'),('247540','에코프로비엠'),('248170','샘표식품'),('249420','일동제약'),('250000','보라티알'),('250060','모비스'),('250930','케이비제10호스팩'),('251270','넷마블'),('251280','안지오랩'),('251370','와이엠티'),('251630','브이원텍'),('251960','엠에프엠코리아'),('251970','펌텍코리아'),('252370','유쎌'),('252500','세화피앤씨'),('253450','스튜디오드래곤'),('253590','네오셈'),('253840','수젠텍'),('254120','IBKS제5호스팩'),('255220','SG'),('255440','야스'),('256630','엔에이치스팩10호'),('256840','엔에이치스팩11호'),('256940','케이피에스'),('257370','명성티엔에스'),('257730','신한제3호스팩'),('258050','테크트랜스'),('258250','셀젠텍'),('258540','스템랩'),('258610','이더블유케이'),('258790','케이비제11호스팩'),('258830','세종메디칼'),('259630','엠플러스'),('260660','알리코제약'),('260870','시그넷이브이'),('260930','씨티케이코스메틱스'),('260970','에스앤디'),('261200','하나금융9호스팩'),('262830','대신밸런스제4호스팩'),('263020','디케이앤디'),('263050','유틸렉스'),('263540','샘코'),('263600','덕우전자'),('263690','디알젬'),('263700','케어랩스'),('263720','디앤씨미디어'),('263750','펄어비스'),('263770','유에스티'),('263800','데이타솔루션'),('263810','상신전자'),('263860','지니언스'),('263920','블러썸엠앤씨'),('264290','한화에이스스팩3호'),('264450','유비쿼스'),('264660','씨앤지하이테크'),('264850','IBKS제6호스팩'),('264900','크라운제과'),('26490K','크라운제과우'),('265480','미래에셋대우스팩1호'),('265520','AP시스템'),('265560','영화테크'),('265920','한화수성스팩'),('266170','앤유엔터테인먼트'),('266870','파워풀엑스'),('267060','명진홀딩스'),('267250','현대중공업지주'),('267260','현대일렉트릭'),('267270','현대건설기계'),('267290','경동도시가스'),('267320','교보7호스팩'),('267790','배럴'),('267810','앙츠'),('267850','아시아나IDT'),('267980','매일유업'),('268280','미원에스씨'),('268600','셀리버리'),('269620','시스웍'),('270020','두원석재'),('270210','에스알바이오텍'),('270520','하나금융10호스팩'),('270660','에브리봇'),('270870','뉴트리'),('271400','알로이스'),('271560','오리온'),('271740','한국제5호스팩'),('271780','비엔에프코퍼레이션'),('271850','다이오진'),('271980','제일약품'),('272290','이녹스첨단소재'),('272450','진에어'),('272550','삼양패키징'),('273060','엔에이치스팩12호'),('275630','에스에스알'),('276240','엘리비젼'),('276920','IBKS제7호스팩'),('277070','린드먼아시아'),('277410','인산가'),('277480','신한제4호스팩'),('277880','티에스아이'),('278280','천보'),('278380','원바이오젠'),('278990','파인이엠텍'),('279060','이노벡스'),('279410','한화에이스스팩4호'),('279600','미디어젠'),('280360','롯데제과'),('281310','바이오시네틱스'),('281410','한국제6호스팩'),('281740','동부스팩5호'),('281820','케이씨텍'),('282330','BGF리테일'),('282690','동아타이어'),('284420','휴럼'),('284610','TS트릴리온'),('284620','하나금융11호스팩'),('284740','쿠쿠홈시스'),('285130','SK케미칼'),('28513K','SK케미칼우'),('285490','노바텍'),('285770','라이프사이언스테크놀로지'),('286940','롯데정보통신'),('287410','유안타제3호스팩'),('288490','나라소프트'),('288620','에스퓨얼셀'),('289080','SV인베스트먼트'),('290120','대유에이피'),('290270','휴네시온'),('290380','대유'),('290550','디케이티'),('290650','엘앤씨바이오'),('290660','네오펙트'),('290670','대보마그네틱'),('290720','푸드나무'),('290740','액트로'),('291210','한국제7호스팩'),('291230','삼성스팩2호'),('293480','하나제약'),('293580','나우아이비캐피탈'),('293780','압타바이오'),('293940','신한알파리츠'),('294870','HDC현대산업개발'),('297570','IBKS제9호스팩'),('298000','효성화학'),('298020','효성티앤씨'),('298040','효성중공업'),('298050','효성첨단소재'),('298380','에이비엘바이오'),('298690','에어부산'),('299170','IBKS제10호스팩'),('299480','지앤이헬스케어'),('299660','셀리드'),('299670','에스엠비나'),('299900','위지윅스튜디오'),('299910','베스파'),('300720','한일시멘트'),('302430','이노메트리'),('302550','리메드'),('302920','더콘텐츠온'),('303030','대신밸런스제5호스팩'),('303360','프로테옴텍'),('305090','마이크로디지탈'),('306200','세아제강'),('306620','DB금융스팩6호'),('307070','SK4호스팩'),('307160','하나머스트제6호스팩'),('307180','신영스팩4호'),('307280','교보8호스팩'),('307750','대신밸런스제6호스팩'),('307870','상상인이안1호스팩'),('307930','컴퍼니케이'),('307950','현대오토에버'),('308100','까스텔바쟉'),('308700','테크엔'),('309900','티티씨디펜스'),('309930','삼성머스트스팩3호'),('310200','미래에셋대우스팩2호'),('310840','엔에이치스팩13호'),('310870','한국제8호스팩'),('311060','엘에이티'),('311270','키움제5호스팩'),('311840','대원모방'),('312610','에이에프더블류'),('313750','유안타제4호스팩'),('314130','지놈앤컴퍼니'),('316140','우리금융지주'),('317030','케이비17호스팩'),('317240','하이제4호스팩'),('317320','한화에스비아이스팩'),('319400','엔에이치스팩14호'),('319660','피에스케이'),('321260','유진스팩4호'),('322780','DB금융스팩7호'),('323230','신한제5호스팩'),('323280','신영스팩5호'),('323350','다원넥스뷰'),('323940','케이비제18호스팩'),('900040','차이나그레이트'),('900070','글로벌에스엠'),('900080','에스앤씨엔진그룹'),('900100','뉴프라이드'),('900110','이스트아시아홀딩스'),('900120','씨케이에이치'),('900140','엘브이엠씨홀딩스'),('900250','크리스탈신소재'),('900260','로스웰'),('900270','헝셩그룹'),('900280','골든센츄리'),('900290','GRT'),('900300','오가닉티코스메틱'),('900310','컬러레이'),('900340','윙입푸드'),('950110','SBI핀테크솔루션즈'),('950130','엑세스바이오'),('950140','잉글우드랩'),('950160','코오롱티슈진'),('950170','JTC'),('950180','SNK');
/*!40000 ALTER TABLE `tb_stock_list` ENABLE KEYS */;
UNLOCK TABLES;

--
-- Table structure for table `tb_summary_20190709_00095`
--

DROP TABLE IF EXISTS `tb_summary_20190709_00095`;
/*!40101 SET @saved_cs_client     = @@character_set_client */;
/*!40101 SET character_set_client = utf8 */;
CREATE TABLE `tb_summary_20190709_00095` (
  `stock_code` char(6) DEFAULT NULL,
  `prior_index` smallint(6) DEFAULT NULL,
  `stock_falling_rate` float DEFAULT '0',
  KEY `stock_code` (`stock_code`),
  CONSTRAINT `tb_summary_20190709_00095_ibfk_1` FOREIGN KEY (`stock_code`) REFERENCES `tb_stock_list` (`stock_code`) ON DELETE CASCADE ON UPDATE CASCADE
) ENGINE=InnoDB DEFAULT CHARSET=utf8;
/*!40101 SET character_set_client = @saved_cs_client */;

--
-- Dumping data for table `tb_summary_20190709_00095`
--

LOCK TABLES `tb_summary_20190709_00095` WRITE;
/*!40000 ALTER TABLE `tb_summary_20190709_00095` DISABLE KEYS */;
INSERT INTO `tb_summary_20190709_00095` VALUES ('207940',11,-4.1),('105560',14,-0.6),('316140',31,-1.1),('251270',34,5.2),('267250',49,0.3),('161390',61,-2.9),('139480',64,-1.1),('241560',69,-0.8),('128940',71,-0.3),('271560',72,-1.6),('282330',74,0.8),('215600',87,-11.2),('263750',97,-0.6),('138930',104,1.2),('138040',110,0),('253450',113,-3.3),('180640',122,1.2),('145020',123,-2),('294870',124,-6.4),('111770',128,-1),('214320',143,-0.1),('204320',149,1.1),('181710',151,-2.8),('139130',154,0.6),('161890',157,-1.9),('114090',163,-1.2),('247540',171,-0.5),('175330',172,0.2),('120110',174,-5.8),('307950',175,4.1),('240810',176,1.1),('192080',181,0.3),('284740',186,1.8),('280360',187,-0.9),('298380',189,-0.2),('192820',194,-3.8),('192400',202,-0.8),('185750',203,-1.6),('178920',211,-3.3),('241590',215,-1.7),('214370',220,0),('170900',222,-2.2),('105630',227,-1.5),('145720',228,-2.3),('115390',229,-3.3),('140410',230,-2.3),('200130',236,0.4),('214150',238,-5.1),('267270',242,-3.3),('278280',244,0.3),('103140',246,-0.6),('218410',251,3.7),('112610',259,-1.4),('115450',262,-1.1),('267980',270,0.9),('108320',271,0.8),('285130',277,-1.7),('298020',280,1.1),('151910',296,-2.5),('286940',298,-1.3),('298050',299,-0.4),('108670',300,-2.5),('272450',302,-2.1),('00680K',303,-0.4),('145990',304,-2.2),('141080',312,-3.5),('112040',315,0),('298000',324,-4.2),('122870',328,-0.9),('300720',329,-2.8),('271980',330,-3.6),('243070',332,-0.9),('200230',335,-0.2),('230360',336,-0.2),('950160',337,0),('210980',340,-1.9),('178320',346,1.2),('263050',347,-4.4),('239610',350,-3.6),('226320',354,-4.5),('183490',356,-0.2),('138080',360,6.2),('123890',361,-0.1),('272290',362,0),('215000',363,4.2),('199800',365,-4.2),('182400',366,1.8),('126560',368,-1),('192650',373,-0.5),('249420',376,-4.3),('314130',379,11.1),('950180',380,1.8),('196170',392,0.5),('122990',394,-2.1),('122900',395,-1.3),('293480',401,-1.4),('268280',405,-0.4),('192440',406,1.8),('152330',408,-2),('215200',411,-1.7),('214450',413,-2.3),('237880',416,0.4),('950110',418,-0.7),('213420',422,-3.4),('229500',423,-2.6),('298690',426,-3),('138250',427,-1.4),('234080',428,0.9),('224760',436,0),('183190',437,-2.1),('228760',438,-7.5),('255440',450,1.2),('213500',456,-0.4),('293940',460,-0.4),('267260',469,-4.5),('144510',472,-5),('108230',480,-3.1),('123860',481,1.8),('265520',483,-1.5),('281820',484,2.6),('101060',489,-0.2),('00088K',492,-1.1),('100120',493,1),('131970',494,-1.5),('174900',499,-3.3),('119860',500,-2.1),('237690',505,-0.6),('115960',516,0.6),('268600',518,3.7),('208340',523,-2.8),('217730',528,-4.8),('251970',529,0.1),('298040',530,-4.4),('143240',538,-3),('102940',540,-7),('179900',542,1.2),('104480',543,0.8),('104700',551,0),('102710',553,-4),('214870',556,-8),('104830',559,-1.8),('166090',560,4.2),('226950',563,-0.6),('272550',567,-0.5),('119610',570,0.2),('214180',573,1.2),('229640',575,-3.7),('102260',576,0.2),('143160',577,0),('101530',581,-0.8),('243840',584,-4),('102460',585,-2),('299660',588,-6.3),('159580',589,-0.8),('136480',592,-3.2),('140860',595,0.8),('200670',597,-1.6),('136490',599,-1.9),('161000',601,-2.2),('267850',614,-0.7),('206640',616,-2.4),('228850',617,-2.7),('950170',618,2.1),('110790',633,-1),('121800',638,7.4),('236200',639,-2.1),('319660',640,2),('220630',645,-0.8),('176440',646,-3.4),('194370',651,0),('214390',653,-0.8),('239340',655,-1),('284610',656,0.7),('183300',658,-0.6),('293780',660,-6.7),('195870',666,-2.3),('128820',667,0.5),('215360',668,-1.9),('238090',669,-2.7),('131370',675,4.5),('230240',676,-2.8),('263920',679,-5.4),('306200',687,-2),('264450',690,0.4),('194700',692,-0.4),('109740',693,-1.9),('201490',709,-2.1),('121440',710,0.8),('241710',711,-2.8),('214420',712,-0.4),('220250',715,-2),('217270',717,-0.9),('138490',719,1),('260930',721,-1),('191420',722,-4.2),('189300',725,2.5),('222040',726,-5.9),('138690',727,0),('245620',730,-3.1),('121600',734,-0.8),('123420',736,-3.9),('203690',737,-4.4),('136540',741,1),('282690',746,1.5),('263720',751,-2.9),('175250',754,-3.5),('251370',757,-0.6),('206650',761,-3.4),('108790',763,-1.6),('312610',767,-2.8),('168490',769,0.2),('299900',773,1),('206560',775,-1.4),('180400',785,0),('137940',790,-1.4),('100700',791,3.8),('115180',794,-3.9),('108490',795,-2.6),('270870',797,0.5),('290120',804,6.6),('216050',806,-5.1),('225570',809,-0.7),('232140',813,-3.1),('125210',814,1),('196490',815,0),('131390',816,-0.4),('122640',823,-1.7),('299910',828,-3.8),('138580',832,-7),('217480',835,-2.5),('226340',836,2.6),('111870',837,3),('100790',838,-2.5),('176560',845,0),('123690',846,-2.1),('290650',848,-0.2),('110990',855,-1.7),('117580',859,-0.2),('900140',865,0.2),('251630',868,-2.9),('190510',870,0.4),('171120',871,-1),('225530',872,-1.7),('122450',875,-0.2),('142760',877,-3.8),('115160',879,-1.3),('111710',881,-2.3),('302430',887,-0.3),('203650',889,-1.8),('187420',890,-1.9),('267290',891,-0.5),('241690',894,0.8),('166480',897,-4.3),('271400',898,14.8),('153710',907,-0.5),('200880',908,-5.2),('101330',912,0.5),('290670',918,-1.8),('210540',920,-1.2),('100250',922,0.2),('100590',923,-3.5),('131030',929,-2.4),('200780',932,-0.8),('102280',936,-6.1),('225190',938,0.7),('143210',941,-0.6),('204620',945,0),('214430',947,-1.3),('277880',948,0),('248170',950,-1.3),('241770',951,-6.6),('900100',956,-0.3),('290720',957,-1),('900250',958,-3.2),('100130',967,-2.5),('151860',971,0.1),('900290',975,1),('101000',977,0),('161580',978,0.7),('222080',979,-2.8),('144960',983,-3.4),('126700',987,-4),('141000',989,0),('101140',998,0.3),('222800',999,-2.6),('100090',1004,-0.2),('234920',1008,-0.1),('130580',1009,-0.6),('152550',1016,0.3),('289080',1017,2),('900300',1024,-2.9),('179290',1026,-2.5),('101490',1032,-3.3),('138360',1033,0),('108380',1034,-3),('149950',1035,-0.1),('126870',1038,0.2),('109960',1039,-0.2),('123040',1043,-4.2),('144620',1044,-3.8),('200710',1048,-0.8),('214270',1055,-1.1),('263540',1059,1),('227610',1061,-4.8),('228340',1062,-3.4),('109610',1065,-1.2),('227840',1072,-1.9),('264900',1074,0.2),('214330',1075,-2.1),('225330',1077,-0.6),('103590',1078,-2.3),('309900',1082,2.2),('238490',1083,4.3),('207760',1087,-9.8),('100840',1090,-2.5),('290380',1092,-3.4),('263770',1095,0),('160550',1098,-2.5),('307930',1099,-1.6),('168330',1110,0),('215100',1111,2.6),('130660',1113,-1.2),('02826K',1114,-0.4),('173940',1125,1.2),('219420',1126,1.4),('100220',1127,-1.9),('101160',1129,0.2),('288620',1132,-4.6),('187220',1142,-2),('238200',1144,-4.2),('100030',1148,5.8),('950140',1150,1.9),('155650',1152,-6.6),('117670',1156,-3.4),('102120',1157,0.3),('197210',1162,3),('255220',1164,-2.1),('246710',1166,0.8),('120030',1179,0.5),('211270',1180,-1.3),('185490',1182,-6.7),('104200',1196,-1.2),('267790',1201,-5.5),('234070',1203,2.9),('111110',1207,-5.7),('127160',1215,10.7),('192250',1219,1),('241790',1220,0.5),('120240',1222,-2.5),('221840',1224,-1.6),('107590',1225,0.8),('205100',1226,-0.3),('234300',1227,-0.7),('224060',1231,-0.4),('118990',1234,0),('263700',1238,-2),('126880',1240,2.1),('220260',1242,-8.3),('215790',1245,-5.1),('253840',1250,5),('242040',1253,-2.2),('140610',1259,-4.4),('216280',1260,-9.3),('131100',1263,-2.9),('191600',1264,-2.8),('950130',1266,-4.4),('217620',1269,-1),('105840',1271,-0.4),('194480',1273,-2.1),('119830',1274,0.3),('260660',1275,-1.3),('140070',1278,-2.3),('226360',1284,0.9),('174880',1286,-6.2),('900260',1287,-4.2),('290740',1288,-1.4),('180060',1293,0),('106190',1294,-0.8),('134790',1300,-0.3),('133820',1305,-2.2),('200470',1311,0),('217600',1313,-3.1),('900310',1322,-3.2),('142280',1323,-3.3),('134380',1324,0.2),('176750',1327,0.1),('215090',1329,4),('131290',1331,-4.1),('148250',1332,0),('263600',1333,3.8),('104620',1334,-2.1),('145210',1335,0),('229000',1339,0),('193250',1340,3),('150840',1341,0),('257370',1342,2.6),('258830',1343,-0.8),('101240',1344,3.3),('139670',1350,-0.4),('122350',1358,-1.6),('163560',1360,-0.3),('100660',1364,30),('160980',1365,-0.5),('259630',1366,-0.9),('214680',1368,-1.1),('140670',1375,-3.9),('122310',1376,-4.2),('250060',1377,2.5),('149980',1380,0),('222110',1382,-1.2),('182360',1383,-0.9),('170920',1384,-9.7),('263690',1388,-1.3),('104460',1389,-2.4),('900270',1391,-1.4),('222420',1392,-0.5),('108860',1395,0),('105740',1396,-1.5),('126600',1399,3.8),('198440',1401,-1.3),('220100',1406,-1),('102210',1411,0),('109860',1415,-0.4),('214610',1417,4.5),('285490',1419,-4.7),('195990',1421,4.9),('137400',1422,-0.8),('196450',1423,-0.5),('112240',1424,0),('204630',1425,-0.4),('302550',1426,-2.6),('03473K',1436,1.1),('137950',1442,-1.3),('246720',1448,0.7),('203400',1451,-0.2),('119650',1452,-1.8),('900280',1455,-1.2),('150440',1456,0),('114810',1460,-0.7),('187870',1461,2.7),('124500',1463,-0.8),('156100',1473,0),('204840',1476,-2.8),('129260',1482,0),('155660',1484,-1.9),('217500',1496,-5.9),('134780',1498,0),('225650',1499,-6.4),('105550',1501,2.3),('308100',1502,-1.8),('900340',1511,-3.7),('214310',1513,4.8),('290660',1515,0.2),('226610',1516,0),('131400',1521,2.7),('241820',1533,-1.1),('123570',1542,-0.9),('101400',1543,-2.9),('215380',1547,-0.4),('115310',1549,0.2),('123410',1550,-0.4),('205500',1554,-4.6),('305090',1558,-4),('119850',1565,-2.3),('219750',1570,-0.5),('148140',1571,0.7),('114120',1572,-0.5),('171090',1587,-4.6),('226440',1595,-0.9),('233250',1597,-0.3),('208640',1605,0.4),('241520',1607,-2.2),('110020',1609,-2.8),('900040',1611,0),('208350',1614,1.5),('206400',1616,0.4),('234100',1619,2.8),('160600',1623,4.2),('109070',1630,0),('303360',1634,0),('277070',1637,-2.7),('189980',1642,3.5),('171010',1644,-11),('290550',1645,-3.4),('117730',1648,0),('109820',1651,-5.5),('138610',1654,-1.9),('204020',1655,-2.8),('147760',1656,1.8),('217330',1660,-2.6),('123840',1661,0.9),('147830',1663,-4.2),('225430',1664,-4.5),('142210',1667,-2.5),('204990',1672,2.4),('252500',1677,-5.1),('154030',1679,-3.8),('106240',1684,-1.5),('114450',1685,-8.1),('131090',1687,0),('114570',1688,0.6),('258250',1694,-3.2),('264660',1695,2.6),('213090',1700,-5),('218150',1701,-0.2),('128660',1705,0),('208140',1708,-0.7),('131180',1709,-1.7),('115500',1710,-0.5),('120115',1722,-2.8),('222980',1726,1.3),('220180',1731,-7.6),('208710',1733,-2.7),('140520',1734,1.4),('900080',1738,-2.2),('104540',1739,0),('184230',1740,-1.9),('118000',1742,-2.1),('208860',1751,-1.4),('219550',1757,-3.1),('253590',1760,0),('127710',1762,-0.5),('115440',1765,-0.2),('123700',1766,-0.3),('196300',1773,-4),('101390',1777,0),('260870',1778,1.4),('263810',1789,-0.2),('207490',1790,0),('187790',1799,0.2),('138070',1800,-4.2),('265560',1801,-0.5),('101170',1803,7.2),('246960',1804,-4.7),('221980',1806,-0.8),('230980',1814,0),('114630',1819,-0.5),('126340',1821,0),('00499K',1824,-2),('263800',1826,-6.5),('224110',1830,1.9),('189690',1831,-2.7),('215480',1832,-3.6),('256940',1835,-0.9),('101730',1836,-1.2),('139050',1838,-2.3),('217820',1841,-1),('228180',1846,-8),('106520',1849,-0.1),('128540',1851,-4.9),('217950',1852,0),('263860',1853,1.2),('121890',1856,-8.4),('275630',1857,-2.4),('154040',1863,0),('141020',1867,-4.6),('101930',1870,0.1),('177830',1872,-1.3),('133750',1874,-1.7),('205470',1875,-0.9),('111820',1876,0),('123330',1878,-3.6),('170030',1884,0.7),('155900',1888,0),('237750',1889,-1.1),('159910',1893,-2),('238120',1905,-4.6),('277410',1908,0),('104040',1909,-1.7),('181340',1912,0.3),('203450',1913,-1.8),('136510',1915,-2.6),('246690',1916,-4.6),('269620',1918,1.9),('195440',1919,0.7),('131760',1925,-3.8),('122690',1926,1.6),('250000',1927,-3),('127120',1931,-2.1),('150900',1938,-4),('170790',1941,-0.6),('122050',1944,1.4),('900070',1946,-0.1),('123010',1947,-1.7),('192390',1952,-1.6),('153490',1955,-0.4),('177350',1957,-0.4),('145270',1958,-1.1),('263020',1959,-2.6),('293580',1961,-0.8),('225590',1963,-2.9),('109080',1968,-1.6),('302920',1970,0),('246250',1972,1.7),('136660',1973,13.6),('236030',1975,0),('126640',1979,-3.9),('900120',1980,-2.2),('161570',1982,-4),('279600',1990,1.4),('175140',1995,-0.9),('143540',1996,-3),('114190',2000,-1.8),('131220',2001,-1.9),('115480',2002,-2.6),('189860',2003,-2.6),('212560',2006,-3),('186230',2012,-2.5),('141070',2019,9.1),('311840',2026,0),('258610',2027,-5.5),('119500',2028,0),('172580',2029,0),('258540',2032,-0.2),('219130',2033,-5.7),('115530',2035,0),('173130',2037,2.9),('260970',2038,0),('28513K',2041,1.2),('251280',2042,-2.5),('122800',2044,0),('233990',2046,-13.4),('200580',2049,10.2),('130500',2050,0.3),('208370',2051,-4.7),('251960',2054,0),('158310',2056,3.5),('134060',2065,-0.8),('227950',2067,-3.1),('223310',2068,1),('197140',2071,-2.7),('206950',2072,0),('236340',2073,-2.8),('123750',2075,1),('108675',2078,-0.8),('187270',2079,-1.6),('284420',2081,1.3),('196700',2082,3.7),('299480',2084,-0.2),('191410',2085,-5.1),('226400',2087,-1.9),('221610',2089,-5.2),('281310',2090,-1.7),('103230',2094,-5.4),('232530',2100,0),('101670',2101,-1),('153360',2104,0.3),('211050',2105,0),('226350',2106,-1.3),('178600',2107,-5.9),('115570',2108,-3.1),('103130',2110,0),('134580',2111,-5.3),('216400',2115,0),('115610',2121,-1.4),('159650',2132,0.3),('130740',2134,-3.9),('204210',2139,1.6),('105330',2140,-4),('290270',2143,-0.4),('900110',2146,0),('288490',2149,-0.2),('178780',2152,-2.8),('267060',2153,-1),('222810',2154,-6.3),('153460',2155,-1.5),('227100',2158,-1.9),('256630',2159,-3),('224810',2162,8.3),('189330',2163,2),('140910',2166,0.7),('149010',2171,0),('135160',2173,-0.5),('217190',2174,-4.6),('221800',2175,-14.8),('121850',2178,-6.7),('00806K',2179,0),('182690',2180,-2.7),('101680',2181,0),('205290',2182,0),('250930',2183,1.2),('239890',2185,0),('217880',2186,0),('230400',2188,14.8),('278380',2190,-0.3),('232830',2191,13.6),('113810',2193,-1),('258050',2194,-2.6),('242350',2199,0),('232680',2201,-3.1),('210610',2202,1.9),('18064K',2203,-0.2),('319400',2204,0),('112190',2206,-8.2),('266870',2208,-1.1),('215570',2210,2.8),('123260',2211,0),('221670',2214,0),('106080',2215,0),('273060',2216,0),('225220',2217,0),('278990',2218,0),('323940',2219,-0.2),('291230',2220,0.2),('266170',2221,-2.7),('303030',2222,-6.3),('243870',2223,0),('210120',2224,9.5),('317320',2226,2.4),('244880',2227,2.4),('256840',2229,0),('199150',2230,0),('222670',2233,0.7),('120780',2236,0),('145995',2237,-0.3),('224880',2238,0),('194510',2240,0),('308700',2241,-7.1),('285770',2242,-1.2),('277480',2243,0.5),('202960',2244,-0.5),('323350',2245,0),('199290',2246,4),('254120',2247,-0.2),('241510',2249,14.6),('311060',2254,0),('317030',2255,-0.7),('284620',2256,0.7),('08537M',2257,0),('163430',2258,0),('265480',2259,0.9),('121060',2260,-1.1),('307070',2261,-0.9),('183410',2262,-0.4),('307750',2264,1.6),('291210',2265,0.5),('107640',2266,-2.7),('262830',2269,0),('281740',2270,-1.8),('217320',2271,0),('264850',2272,0),('185190',2273,-12.4),('306620',2274,1.2),('307160',2276,0),('307870',2277,1),('309930',2278,0.9),('192410',2280,0),('270520',2281,-1.1),('297570',2282,-7),('270660',2283,-0.1),('313750',2284,0.5),('267320',2285,0),('299170',2286,-0.4),('323230',2287,-0.9),('281410',2288,0.5),('240340',2289,0),('158300',2291,-14.4),('162120',2293,0),('279060',2294,-1.9),('322780',2295,0.2),('225850',2296,0),('265920',2297,0),('317240',2298,-0.2),('307180',2299,0),('200350',2300,-0.2),('299670',2302,0),('261200',2303,-0.2),('287410',2305,-0.2),('245450',2306,-6.5),('225860',2307,-15),('271740',2310,-0.2),('270020',2312,0),('222160',2313,-8),('238500',2315,-1.1),('208850',2316,-2.9),('140290',2317,-15),('276920',2318,0.2),('321260',2320,3.1),('307280',2322,0.5),('148780',2323,-5.6),('257730',2324,1.8),('323280',2329,0.4),('267810',2330,-0.2),('311270',2331,0.7),('232330',2333,0),('310840',2335,0.9),('310200',2336,0),('279410',2338,-0.9),('310870',2339,1.4),('103660',2340,-1.5),('258790',2341,-0.7),('264290',2342,-5.7),('116100',2344,-8.4),('215050',2345,-0.5),('212310',2346,4.3),('114920',2347,11.1),('183350',2348,0),('26490K',2352,-0.5),('189540',2354,-3.5),('140660',2357,4.4),('179720',2358,-0.2),('276240',2360,0.4),('270210',2361,7.8),('220110',2362,0),('252370',2363,-12.2),('189350',2365,-0.4),('101360',2368,-14),('271780',2371,0),('224020',2375,-10),('217910',2381,-14.8),('271850',2384,-15),('00781K',2389,-0.2),('149940',2390,0),('247300',2394,0),('223220',2395,0),('227420',2397,-0.3),('208890',2398,-6.4),('135270',2399,12.6);
/*!40000 ALTER TABLE `tb_summary_20190709_00095` ENABLE KEYS */;
UNLOCK TABLES;

--
-- Table structure for table `tb_summary_20190710_00096`
--

DROP TABLE IF EXISTS `tb_summary_20190710_00096`;
/*!40101 SET @saved_cs_client     = @@character_set_client */;
/*!40101 SET character_set_client = utf8 */;
CREATE TABLE `tb_summary_20190710_00096` (
  `stock_code` char(6) DEFAULT NULL,
  `prior_index` smallint(6) DEFAULT NULL,
  `stock_falling_rate` float DEFAULT '0',
  KEY `stock_code` (`stock_code`),
  CONSTRAINT `tb_summary_20190710_00096_ibfk_1` FOREIGN KEY (`stock_code`) REFERENCES `tb_stock_list` (`stock_code`) ON DELETE CASCADE ON UPDATE CASCADE
) ENGINE=InnoDB DEFAULT CHARSET=utf8;
/*!40101 SET character_set_client = @saved_cs_client */;

--
-- Dumping data for table `tb_summary_20190710_00096`
--

LOCK TABLES `tb_summary_20190710_00096` WRITE;
/*!40000 ALTER TABLE `tb_summary_20190710_00096` DISABLE KEYS */;
INSERT INTO `tb_summary_20190710_00096` VALUES ('207940',11,-1.3),('105560',14,0),('316140',32,-0.4),('251270',35,-4.5),('267250',48,0.9),('161390',60,0.9),('139480',64,-0.4),('241560',69,-0.3),('271560',71,-0.5),('128940',72,-0.8),('282330',79,-2.6),('215600',82,6.7),('263750',97,0.8),('138930',104,-0.5),('253450',109,3.7),('138040',113,-1.1),('180640',123,-0.2),('294870',124,0.3),('145020',125,-1.6),('111770',129,0.1),('214320',144,0.1),('204320',150,0.5),('181710',155,-0.4),('139130',156,0.4),('161890',158,-0.3),('114090',163,-0.2),('240810',170,4),('247540',171,1.2),('175330',173,-1),('307950',176,-0.4),('120110',178,-1.8),('192080',181,1.2),('298380',185,4.4),('284740',187,-0.6),('280360',192,-3.1),('192820',194,0),('185750',201,0.8),('192400',204,-2.3),('241590',213,0.4),('178920',216,-2),('214370',222,0),('170900',225,-0.4),('105630',226,2),('145720',229,0),('140410',232,0),('115390',234,-1.7),('200130',236,0.8),('214150',240,-0.8),('267270',242,0.8),('278280',248,0),('103140',250,-0.2),('218410',251,2.4),('112610',254,2),('115450',261,2.6),('267980',267,1),('108320',270,0.1),('285130',274,1),('298020',279,0.4),('286940',294,2),('272450',296,1.9),('151910',297,0),('145990',298,2.2),('00680K',301,1.4),('298050',302,0.4),('141080',308,2.2),('112040',312,3.4),('108670',313,-3.4),('122870',316,3.2),('298000',320,0.9),('300720',326,2.5),('230360',327,3.6),('271980',331,1.2),('200230',332,1.8),('263050',333,5.8),('243070',336,0.4),('138080',339,9.1),('950160',341,0),('178320',342,1.9),('210980',348,-1.2),('239610',349,2),('272290',351,5.6),('183490',356,1.2),('226320',357,0),('215000',362,1.5),('123890',366,-0.8),('199800',368,-0.7),('126560',370,-1.3),('249420',373,0.8),('950180',374,3.3),('192650',375,-0.3),('182400',376,-3.5),('196170',379,4.6),('314130',383,-0.6),('122990',392,1.2),('122900',397,0.4),('192440',400,2.4),('293480',401,1),('215200',403,3.3),('152330',406,1.3),('950110',409,4),('268280',410,-0.1),('214450',412,1),('213420',413,3.2),('237880',420,-0.2),('229500',421,1.4),('138250',425,1.4),('234080',427,1.5),('228760',430,3.4),('298690',433,0.1),('183190',438,0.5),('224760',440,0),('255440',442,4.4),('213500',450,2.5),('293940',460,1.9),('267260',466,2.5),('265520',467,5.8),('144510',474,0.8),('108230',480,0.7),('281820',484,0.9),('123860',485,0.3),('131970',491,1.9),('00088K',494,0.7),('101060',496,-0.2),('100120',500,-0.3),('119860',502,0.9),('217730',503,6.9),('237690',504,1.9),('174900',509,-0.9),('208340',515,2.5),('115960',527,0.2),('251970',531,2.5),('268600',532,-0.7),('179900',533,4.3),('298040',537,-0.8),('166090',541,5.2),('102940',542,0.2),('143240',543,-1.2),('214870',549,2.8),('102710',551,1.6),('104480',552,-0.3),('226950',553,4.4),('104830',556,2.6),('104700',561,-0.8),('272550',564,1.6),('119610',566,1.5),('214180',568,2),('159580',574,4),('102260',575,1.6),('299660',576,3.6),('229640',577,1.1),('243840',578,2.7),('102460',579,2.7),('143160',583,0.4),('101530',584,0.3),('136480',586,2.3),('140860',588,2.4),('136490',598,1.5),('950170',600,4.1),('200670',606,0),('161000',607,0.5),('206640',614,2),('228850',616,1.4),('319660',629,3.2),('121800',632,2.6),('267850',635,-1.9),('236200',637,1.4),('194370',640,3),('220630',643,1.7),('176440',647,0.6),('110790',649,-3.2),('214390',653,0.3),('293780',654,2),('195870',655,3.5),('183300',659,0.6),('284610',660,0.2),('230240',663,6),('238090',673,1.4),('131370',674,1.8),('128820',680,-1.2),('194700',682,2.8),('215360',684,-0.9),('239340',687,-6),('263920',688,0.9),('109740',694,1),('306200',701,-1.1),('264450',703,-1.1),('191420',705,3.3),('241710',710,0.5),('260930',714,2.1),('201490',715,-0.2),('121440',717,-0.2),('138490',719,1.4),('189300',723,2),('222040',724,2),('203690',725,4.2),('214420',728,-2.2),('217270',729,-0.8),('138690',730,0.8),('245620',731,1.1),('121600',737,1.4),('136540',741,1.6),('220250',744,-3.5),('123420',748,-0.2),('312610',749,5.4),('282690',752,0.4),('263720',754,1.3),('175250',756,1.2),('251370',761,1.2),('206650',762,1.9),('108790',772,-0.9),('168490',773,-0.2),('299900',774,0.3),('206560',775,0.3),('225570',784,4.8),('108490',785,3),('216050',786,3.9),('125210',787,5.6),('180400',791,0),('100700',792,1.3),('137940',796,0.2),('115180',799,0.8),('270870',808,-0.5),('232140',810,1.9),('131390',812,2.2),('271400',813,14.9),('122640',822,1.3),('138580',826,2.1),('299910',828,1),('196490',830,-0.6),('100790',835,2.2),('290120',836,-3.9),('111870',843,0.5),('290650',844,1.9),('217480',846,-0.3),('110990',847,2.7),('226340',855,-1.5),('176560',856,0),('111710',858,5.2),('203650',860,5.6),('123690',863,-0.9),('142760',872,2.3),('117580',873,-0.2),('302430',874,3),('207760',875,29.8),('251630',876,0.5),('214430',877,9.6),('900140',878,0.2),('190510',880,0.7),('225530',887,0.5),('122450',888,0.6),('187420',890,1.5),('166480',891,2),('100130',894,11.2),('267290',895,1.1),('153710',898,3),('171120',899,-0.9),('115160',901,-0.5),('200880',905,2.1),('100590',917,2.6),('241690',923,-1.6),('210540',931,0.8),('290670',932,0.6),('143210',933,2.5),('100250',938,0.4),('101330',939,-1.3),('225190',943,1.1),('200780',946,0.3),('131030',950,-0.4),('241770',951,2.2),('102280',952,-0.5),('900100',954,2.4),('290720',955,2),('204620',958,-0.4),('277880',959,0),('248170',961,0),('900250',965,0.8),('130580',966,8.4),('126700',970,4.7),('101490',972,9.5),('222080',975,3.1),('307930',976,17),('151860',978,0.6),('179290',982,6.8),('144960',984,1.6),('900290',985,0),('101000',991,0),('161580',992,0.4),('101140',993,2.5),('141000',998,1),('100090',1001,2.1),('123040',1004,6),('222800',1006,0.4),('234920',1007,1.6),('149950',1022,2.7),('289080',1027,0),('108380',1028,1.6),('144620',1032,2.9),('152550',1033,-0.6),('900300',1034,0.2),('126870',1039,1.3),('228340',1041,3.7),('138360',1042,0),('117670',1049,13.8),('109960',1052,0),('263770',1055,5.3),('214270',1059,0.8),('238490',1060,3.2),('109610',1061,1.5),('225330',1065,2.1),('214330',1069,1.2),('160550',1071,3.4),('227840',1072,0.8),('100840',1079,2),('264900',1083,-0.1),('227610',1084,-0.8),('103590',1087,-0.2),('290380',1089,1.2),('200710',1090,-2.7),('309900',1093,0),('215100',1100,2.2),('130660',1102,2.3),('100030',1111,5.8),('185490',1112,10.8),('101160',1113,4.1),('288620',1117,4),('168330',1120,0.2),('02826K',1121,0.4),('197210',1127,5.9),('127160',1130,12.7),('263540',1135,-6.8),('219420',1136,0),('100220',1139,0.2),('246710',1140,4.8),('255220',1143,4.2),('238200',1145,1.5),('173940',1148,-1.2),('187220',1153,0.3),('102120',1158,1.5),('170920',1161,27.7),('155650',1167,-0.2),('241790',1169,8.2),('950140',1170,-0.7),('120030',1187,0.7),('211270',1188,0.6),('120240',1200,3.2),('220260',1203,5.2),('126880',1207,4.7),('111110',1208,1.2),('192250',1214,1.6),('267790',1215,0),('221840',1223,0.9),('104200',1224,-1.8),('107590',1228,0.5),('140610',1230,3.6),('234300',1233,0.2),('205100',1236,-0.2),('118990',1237,0.4),('215790',1239,1.3),('263700',1240,0.7),('234070',1241,-2.8),('191600',1242,2.9),('253840',1245,1.1),('216280',1246,2.1),('224060',1253,-1),('119830',1254,3.1),('242040',1260,0.2),('217620',1261,1.6),('950130',1266,1),('194480',1269,1.6),('260660',1270,2.1),('105840',1271,1.2),('131100',1274,0),('290740',1275,2.4),('140070',1283,1),('200470',1285,4.3),('263600',1286,6),('900260',1287,1),('258830',1288,6.2),('226360',1289,0.4),('133820',1290,3.1),('174880',1296,0.2),('139670',1298,6),('106190',1304,0.4),('180060',1318,-0.9),('257370',1320,3.3),('222420',1323,8.2),('217600',1325,0.7),('150840',1326,2.8),('134790',1327,-0.9),('100660',1328,5.5),('148250',1329,1.9),('104620',1331,1.9),('134380',1336,0.1),('176750',1342,-0.5),('142280',1343,-1.2),('145210',1344,0),('193250',1349,0),('229000',1350,-0.3),('214680',1351,2.9),('263690',1352,4.3),('900310',1353,-2.1),('250060',1358,2.9),('122350',1359,0.7),('131290',1360,-1.6),('101240',1361,-0.9),('182360',1366,2.4),('160980',1368,1.1),('122310',1369,1.9),('198440',1370,4.1),('149980',1371,2),('163560',1372,0.2),('259630',1373,0.9),('222110',1380,1),('195990',1381,6.1),('105740',1386,2),('140670',1389,-0.1),('126600',1390,1.9),('900270',1391,1),('104460',1395,0.1),('108860',1399,0),('285490',1400,3.8),('215090',1404,-6.1),('214610',1407,2.9),('220100',1414,0),('137400',1416,2),('109860',1421,0.9),('102210',1425,0),('196450',1426,1.4),('119650',1429,4),('217500',1433,9.1),('187870',1436,4.9),('124500',1437,5.1),('112240',1439,0),('302550',1441,0),('900280',1449,1.6),('03473K',1451,-0.4),('137950',1452,0),('203400',1455,0),('150440',1457,0.9),('246720',1463,-1),('204630',1464,-3),('204840',1468,2.1),('114810',1476,-0.4),('156100',1484,0),('129260',1489,0.8),('155660',1490,0.8),('308100',1501,1.4),('225650',1502,0.6),('900340',1504,1.4),('134780',1506,0),('105550',1511,0),('290660',1521,0),('226610',1522,0),('123570',1526,2.5),('205500',1527,3.8),('305090',1529,4.2),('123410',1536,2.4),('241820',1538,0.8),('131400',1545,-1.2),('114120',1551,3.4),('219750',1552,3.2),('215380',1553,0.4),('115310',1566,-0.5),('101400',1568,-1.2),('214310',1571,-4.6),('148140',1572,1.7),('119850',1577,0.5),('171090',1579,2),('226440',1581,2.7),('208350',1582,4.8),('110020',1595,3.6),('234100',1599,3.4),('241520',1604,1.5),('277070',1606,4.2),('233250',1607,0),('208640',1611,0.5),('160600',1617,1.5),('290550',1625,3.9),('900040',1629,0),('189980',1630,3.1),('138610',1640,3.2),('109070',1645,0),('206400',1647,-1.5),('109820',1648,1.8),('171010',1649,1.1),('117730',1651,0.9),('204020',1652,1.6),('142210',1656,2.4),('131090',1659,5.1),('217330',1663,0.9),('123840',1665,0.9),('147830',1667,0.6),('114450',1672,3),('225430',1674,0.2),('154030',1678,2),('264660',1679,4.1),('252500',1681,1.6),('114570',1682,2.5),('204990',1684,-0.5),('218150',1693,2.5),('106240',1697,0),('258250',1706,0),('147760',1707,-4.7),('128660',1709,1.3),('220180',1712,4),('131180',1717,0.5),('140520',1718,3.4),('115500',1719,0.4),('208140',1721,0),('118000',1724,3.5),('184230',1729,3),('126340',1732,14.5),('120115',1737,-0.2),('208710',1741,0.7),('303360',1742,-11.3),('213090',1745,-4.2),('208860',1749,1.9),('104540',1753,0),('196300',1754,4.2),('900080',1755,-0.4),('253590',1758,2),('127710',1761,2.1),('115440',1767,1.4),('219550',1769,0.1),('123700',1776,0),('222980',1779,-4.8),('263810',1782,2.9),('138070',1789,3.3),('265560',1790,2.9),('260870',1791,-0.4),('246960',1798,2.4),('101390',1799,-1.6),('187790',1809,0),('101730',1813,6.2),('101170',1815,-0.5),('221980',1819,-0.8),('207490',1821,-2.8),('230980',1822,0),('114630',1826,0.4),('263800',1830,1.1),('139050',1831,3.3),('217950',1832,4.7),('00499K',1834,0),('189690',1836,1.8),('217820',1839,2),('215480',1841,0.4),('256940',1842,0.9),('275630',1843,3.4),('170030',1851,4.5),('263860',1852,1.6),('224110',1853,-1.3),('228180',1854,0.4),('106520',1862,-2),('141020',1863,1.9),('205470',1865,2.1),('154040',1872,1.2),('133750',1873,1.7),('121890',1877,-0.4),('101930',1883,0.4),('159910',1887,2.8),('237750',1889,2.3),('128540',1892,-2.8),('269620',1893,5.5),('111820',1894,0),('177830',1900,-1.2),('181340',1901,3.5),('104040',1902,3.2),('123330',1903,-1.2),('131760',1906,5),('238120',1907,2),('155900',1911,-0.2),('277410',1913,1.5),('150900',1914,5.7),('246690',1915,2.3),('203450',1923,0.5),('136510',1926,0.5),('122690',1929,1.4),('250000',1933,0.8),('123010',1934,3.9),('127120',1936,0.1),('170790',1937,1.6),('192390',1939,3.5),('109080',1949,3.8),('900070',1955,-0.5),('153490',1957,0.2),('302920',1958,2.9),('263020',1959,1.1),('177350',1961,0.1),('293580',1963,0.9),('126640',1967,2.7),('122050',1969,-3),('145270',1970,0),('143540',1972,5.4),('900120',1973,1.9),('225590',1977,-0.6),('246250',1980,0),('175140',1981,3.7),('161570',1982,1.4),('236030',1984,0),('258540',1988,9.6),('279600',1989,1.4),('186230',1995,5.1),('131220',1996,2.5),('233990',1998,12.7),('189860',2000,2.3),('212560',2001,2.2),('114190',2006,0.4),('195440',2007,-11.7),('115480',2011,-0.8),('141070',2016,1),('258610',2022,1.8),('173130',2025,3.6),('119500',2027,1.3),('219130',2029,1.7),('311840',2031,0),('172580',2033,0),('130500',2035,5.4),('136660',2041,-10.9),('115530',2042,0),('260970',2043,0),('28513K',2046,0.4),('251280',2047,0),('122800',2048,0),('208370',2055,0.4),('251960',2059,0),('134060',2063,1),('227950',2064,-0.3),('200580',2065,-4.2),('290270',2067,29.8),('178600',2068,15),('206950',2070,0.9),('197140',2071,0.3),('223310',2073,-0.4),('187270',2074,3.1),('158310',2077,-4.8),('103230',2083,5.4),('123750',2084,-1.6),('196700',2085,2.5),('108675',2087,-0.8),('236340',2088,-3.9),('284420',2089,0),('226400',2092,0.7),('191410',2093,0.3),('221610',2101,-1.3),('281310',2102,-0.9),('299480',2104,-4),('232530',2105,0),('226350',2109,1.3),('153360',2110,0.3),('101670',2111,-1.3),('211050',2112,0),('159650',2113,7),('134580',2115,1),('115570',2116,0.2),('103130',2118,0),('115610',2119,3.1),('216400',2128,-1.4),('130740',2133,1.3),('105330',2140,1.2),('204210',2141,0.3),('222810',2143,6.8),('900110',2149,0),('288490',2151,1.2),('178780',2154,0.7),('256630',2156,0.9),('267060',2157,-1.5),('227100',2159,0),('153460',2160,-1.2),('189330',2161,2.9),('182690',2163,14),('230400',2168,14.9),('140910',2170,-0.8),('224810',2172,-3.8),('221800',2174,2.7),('149010',2175,-0.1),('121850',2177,4.1),('135160',2178,-0.8),('217190',2179,-0.6),('217880',2182,6.2),('250930',2183,3.4),('00806K',2184,0.5),('232830',2186,5.8),('101680',2188,0),('205290',2189,0),('239890',2191,0),('113810',2194,1.7),('278380',2195,0.7),('18064K',2197,6.1),('210610',2199,5.1),('258050',2202,-1.9),('319400',2206,0),('242350',2207,-3.1),('266870',2208,0),('232680',2209,-3.9),('112190',2211,-3.7),('123260',2212,0),('221670',2213,0),('273060',2215,0.7),('106080',2216,0),('225220',2217,0.2),('278990',2218,0),('323940',2219,-0.2),('243870',2220,3),('291230',2221,0.2),('266170',2222,0),('303030',2223,0.5),('215570',2224,-9.1),('317320',2226,1.6),('222670',2227,4.1),('256840',2230,0),('199150',2231,0),('210120',2233,-6.2),('244880',2235,-6.8),('120780',2236,0),('145995',2238,-0.6),('254120',2240,8.1),('224880',2241,0),('308700',2242,1.5),('194510',2243,0),('202960',2244,1.8),('285770',2245,0),('277480',2246,-0.2),('323350',2247,0),('199290',2248,0),('183410',2249,13.6),('311060',2252,2.4),('241510',2254,0),('284620',2256,0),('317030',2257,-0.2),('08537M',2258,-0.4),('270660',2260,14.4),('185190',2261,6),('163430',2262,0),('307070',2263,1),('265480',2264,-1.1),('291210',2267,0.2),('307750',2268,0),('279060',2269,12.1),('281740',2270,1.2),('262830',2271,0.2),('217320',2272,0),('264850',2273,0),('306620',2274,0.7),('297570',2277,2.6),('121060',2278,-7.1),('307160',2279,0),('307870',2280,0),('309930',2281,0),('270520',2282,0.9),('192410',2283,0),('158300',2284,2.8),('299170',2285,1.3),('313750',2286,0),('281410',2289,0.7),('267320',2290,0),('240340',2291,0.5),('323230',2292,-0.4),('222160',2293,13.3),('162120',2295,0),('107640',2296,-11.8),('322780',2297,-0.5),('225850',2298,0),('265920',2299,0),('307180',2300,1.2),('261200',2301,1.9),('317240',2302,-0.9),('200350',2304,-0.8),('299670',2305,0),('287410',2306,0.2),('271740',2309,0.7),('225860',2310,-2.3),('270020',2314,0),('276920',2315,0.7),('238500',2316,-0.8),('208850',2318,-1.6),('321260',2319,-0.6),('148780',2320,0.9),('307280',2322,0),('257730',2324,0),('140290',2325,-3.7),('311270',2329,1.2),('323280',2331,-1.1),('267810',2332,-1.5),('245450',2333,-14),('232330',2335,0),('103660',2336,4.9),('279410',2338,0.5),('310200',2339,0),('310870',2340,1.4),('264290',2341,4.1),('114920',2342,13.2),('310840',2343,-0.9),('258790',2344,1.6),('212310',2346,2.4),('116100',2347,-0.5),('215050',2348,-0.2),('183350',2350,0),('26490K',2354,1.4),('189540',2356,4),('270210',2359,8.6),('140660',2360,0),('101360',2361,13.8),('179720',2362,0),('276240',2365,-1.5),('252370',2366,0.1),('220110',2367,0),('224020',2368,13.8),('189350',2371,-1.6),('271780',2376,0),('217910',2378,13.7),('271850',2385,-9.6),('00781K',2390,-0.8),('149940',2391,0),('223220',2395,0),('227420',2397,2.6),('208890',2398,3),('247300',2399,-12.8),('135270',2400,-14.7);
/*!40000 ALTER TABLE `tb_summary_20190710_00096` ENABLE KEYS */;
UNLOCK TABLES;

--
-- Table structure for table `tb_summary_20190711_00097`
--

DROP TABLE IF EXISTS `tb_summary_20190711_00097`;
/*!40101 SET @saved_cs_client     = @@character_set_client */;
/*!40101 SET character_set_client = utf8 */;
CREATE TABLE `tb_summary_20190711_00097` (
  `stock_code` char(6) DEFAULT NULL,
  `prior_index` smallint(6) DEFAULT NULL,
  `stock_falling_rate` float DEFAULT '0',
  KEY `stock_code` (`stock_code`),
  CONSTRAINT `tb_summary_20190711_00097_ibfk_1` FOREIGN KEY (`stock_code`) REFERENCES `tb_stock_list` (`stock_code`) ON DELETE CASCADE ON UPDATE CASCADE
) ENGINE=InnoDB DEFAULT CHARSET=utf8;
/*!40101 SET character_set_client = @saved_cs_client */;

--
-- Dumping data for table `tb_summary_20190711_00097`
--

LOCK TABLES `tb_summary_20190711_00097` WRITE;
/*!40000 ALTER TABLE `tb_summary_20190711_00097` DISABLE KEYS */;
INSERT INTO `tb_summary_20190711_00097` VALUES ('207940',11,0.7),('105560',14,0),('316140',32,1.8),('251270',35,2.6),('267250',48,2.3),('161390',60,0.3),('139480',64,1.8),('241560',69,-0.6),('271560',70,3.5),('128940',72,3.2),('282330',75,2.1),('215600',83,0),('263750',99,-3.3),('138930',105,-0.7),('138040',111,1.5),('253450',113,-0.4),('294870',124,1.1),('180640',125,-0.9),('145020',129,-1.1),('111770',130,0.6),('214320',144,0.4),('204320',149,0.7),('139130',154,-0.5),('161890',155,0.7),('181710',157,-3.1),('114090',167,-0.5),('247540',169,4.6),('240810',170,2.5),('175330',175,0.4),('120110',177,0.8),('307950',178,0.2),('192080',179,0.3),('298380',184,2.1),('284740',189,0.4),('192820',192,1.5),('280360',193,1.3),('185750',203,1.2),('192400',204,2),('241590',214,0.7),('178920',217,0.5),('214370',223,0),('170900',226,0.1),('105630',228,0.5),('115390',231,2.8),('145720',234,0),('200130',235,2.5),('140410',236,0.3),('214150',238,2.5),('267270',244,-0.1),('278280',246,1.7),('103140',249,1.4),('218410',251,0.8),('112610',253,0.8),('115450',261,0.9),('108320',266,4.1),('267980',267,2.3),('285130',275,0.4),('298020',277,1.4),('286940',292,2),('141080',298,4.9),('272450',299,0.5),('145990',300,0.2),('00680K',301,0.9),('151910',302,-0.2),('298050',309,-2),('112040',310,0.9),('122870',311,4.4),('108670',316,-0.3),('298000',325,0.6),('230360',329,0.3),('263050',330,1.4),('243070',333,1.6),('271980',334,0.4),('300720',335,-1.2),('200230',339,-1.2),('138080',342,-0.6),('950160',343,0),('239610',344,2.2),('272290',347,1.6),('178320',348,-0.6),('210980',350,-0.4),('183490',354,1.7),('226320',356,1.9),('199800',365,2.9),('123890',367,0.9),('215000',369,-2.1),('126560',370,1.7),('950180',371,2.4),('192650',372,1.9),('249420',374,1),('182400',375,2.2),('196170',376,3.2),('122900',385,3.6),('215200',393,3.6),('298690',394,10.5),('122990',395,0.9),('314130',398,-3),('152330',406,1),('293480',407,-0.4),('192440',408,-0.8),('213420',411,2.2),('268280',412,0.7),('214450',413,1.6),('950110',414,-0.3),('234080',419,2.8),('229500',422,0.8),('179900',426,29.9),('228760',427,1.9),('237880',429,-0.2),('183190',434,2.5),('138250',437,-0.4),('224760',443,0),('213500',448,2.1),('265520',462,2.7),('255440',465,-4.6),('293940',466,-0.1),('144510',469,3.4),('267260',471,0),('108230',478,2),('123860',487,0.8),('281820',488,0.6),('100120',491,2.8),('131970',493,0.3),('101060',498,0.7),('237690',501,2.1),('00088K',502,-0.4),('217730',503,1.4),('102710',509,11.6),('174900',511,0.8),('115960',512,3.6),('119860',519,-1.9),('208340',527,0.1),('251970',534,0.1),('268600',537,-0.4),('298040',542,0.8),('104830',547,3.2),('166090',548,1),('143240',555,0.2),('104480',558,0.3),('104700',562,1.2),('299660',563,4.8),('214180',564,3.1),('226950',565,-2.1),('101530',569,5.1),('272550',570,0),('119610',572,0.2),('214870',575,-4.9),('159580',577,1.2),('243840',578,1.8),('102460',581,1.3),('102260',582,0.4),('136480',586,1.9),('102940',589,-7.9),('161000',594,3.6),('143160',596,-1.2),('319660',597,7.2),('140860',598,-0.1),('229640',600,-2.8),('136490',603,0.5),('206640',611,1.9),('267850',612,5.7),('950170',613,-0.1),('200670',614,0.4),('228850',623,0.3),('110790',636,3.6),('293780',638,3.6),('230240',641,4.6),('220630',643,0.2),('236200',644,-0.9),('183300',648,2.8),('214390',651,1.5),('176440',653,0.3),('195870',655,1.1),('284610',657,1.4),('194370',658,-2.9),('121800',663,-5.8),('263920',668,4),('238090',671,0.6),('194700',674,1.7),('215360',680,1.3),('128820',684,0.6),('131370',687,-1),('201490',692,5.5),('109740',694,1.5),('306200',699,2.1),('239340',700,-0.9),('189300',702,4.4),('241710',703,2.4),('203690',706,4.3),('191420',714,0.6),('264450',716,-0.1),('121440',721,0.5),('217270',724,2),('214420',728,1.4),('260930',729,-1.3),('138690',730,1.2),('138490',731,-0.8),('245620',732,1.1),('222040',734,-1),('121600',737,0.8),('312610',739,3),('123420',742,2.3),('136540',743,1),('220250',745,0.7),('175250',755,0.5),('108790',762,3.5),('282690',768,-1.8),('251370',770,-1.2),('225570',771,5.1),('206650',775,-1.6),('122640',777,9.4),('206560',781,1),('168490',782,0.2),('299900',783,-0.8),('100700',784,2.6),('115180',787,3.3),('108490',788,1),('137940',798,1.6),('299910',800,5.9),('263720',801,-8.1),('207760',802,14.4),('131390',803,3),('180400',804,0),('216050',806,-0.9),('270870',810,2.2),('125210',811,-1.4),('232140',812,1.7),('290120',816,5.4),('271400',824,0),('138580',825,2),('110990',837,3.9),('217480',842,2.4),('196490',844,-0.6),('302430',845,6.7),('100790',850,-0.4),('111870',851,1.1),('290650',855,0),('226340',858,1),('214430',859,4.5),('176560',863,0),('111710',864,-0.1),('123690',867,0.3),('203650',868,-0.2),('166480',874,3),('142760',875,0.6),('117580',877,0.6),('251630',881,1),('225530',882,1.6),('187420',884,1.6),('122450',888,0.6),('190510',889,0),('900140',890,-0.2),('100130',892,1),('153710',893,1),('241770',896,6.9),('267290',901,0),('200880',904,0.6),('171120',907,-0.5),('100590',913,1),('115160',914,-0.6),('210540',916,2.3),('307930',917,8.8),('143210',919,2.5),('241690',925,0.8),('290670',930,1.5),('131030',935,2.4),('200780',937,1.4),('100250',941,0.2),('225190',942,0.7),('101490',947,5),('144960',948,7.2),('900100',955,1.3),('102280',957,0.9),('222080',958,4),('123040',960,8.8),('101330',962,-2.2),('126700',967,1.6),('248170',969,0.2),('900250',972,0),('290720',974,-1.7),('204620',977,-1.2),('161580',981,3),('141000',985,3.3),('130580',987,-1.8),('900290',991,0.8),('151860',992,-0.5),('234920',995,3.1),('179290',998,-0.6),('101000',1001,0),('222800',1005,1.1),('263770',1007,6.5),('100090',1013,-0.2),('149950',1025,1.2),('277880',1026,-7.4),('144620',1032,1.4),('214270',1035,4.1),('900300',1036,0.7),('126870',1038,1.1),('289080',1039,0),('108380',1041,0),('152550',1044,0),('101140',1049,-5.7),('290380',1050,5.4),('160550',1051,3.7),('138360',1055,0),('109960',1058,0.4),('227840',1061,2.3),('228340',1062,-1.3),('238490',1063,0.7),('200710',1071,3.2),('109610',1072,0.1),('227610',1078,1.7),('100840',1080,1),('225330',1083,-0.8),('117670',1085,-2.7),('264900',1087,0.6),('309900',1090,1.3),('214330',1095,-1.2),('288620',1096,3.8),('103590',1102,0.3),('100030',1118,0.3),('155650',1119,6.7),('130660',1120,-0.7),('02826K',1121,1),('101160',1122,-0.2),('185490',1126,-0.5),('215100',1127,-1.6),('263540',1129,2.6),('255220',1133,2.9),('168330',1135,-0.2),('127160',1136,0.8),('219420',1137,1.8),('197210',1142,-0.6),('187220',1146,2.2),('173940',1148,1.3),('102120',1150,1.9),('100220',1152,0.1),('238200',1163,-0.6),('241790',1167,1.8),('246710',1169,-1.1),('950140',1183,0.2),('205100',1191,7.3),('120240',1194,2.8),('211270',1195,0.7),('126880',1197,3.2),('120030',1198,0.2),('170920',1206,-4.2),('195990',1209,20.5),('111110',1213,1.2),('234300',1215,3.9),('104200',1224,1.2),('267790',1226,0),('234070',1227,2.9),('105840',1230,5),('221840',1231,0.4),('192250',1233,-1),('215790',1234,2),('118990',1242,1),('253840',1243,1.7),('107590',1244,-0.1),('242040',1246,2.7),('140610',1249,-0.4),('194480',1252,2.8),('950130',1256,2.4),('217600',1262,7.8),('216280',1265,-0.2),('131100',1266,2.3),('119830',1267,0),('263700',1268,-1),('217620',1269,0.8),('140070',1272,2),('290740',1279,1),('260660',1281,0),('224060',1285,-1.8),('200470',1288,1.1),('191600',1289,-2.8),('226360',1290,1.6),('133820',1291,1.6),('258830',1292,1.5),('900260',1293,1),('101240',1294,8.4),('174880',1300,1.3),('106190',1308,1.6),('220260',1324,-9.6),('180060',1326,0.9),('263600',1327,-2.2),('139670',1330,-1.1),('104620',1338,0.8),('100660',1340,0.1),('148250',1341,0),('150840',1343,-0.4),('182360',1344,4),('134790',1345,-0.3),('134380',1349,0),('193250',1350,1.6),('160980',1353,3.2),('142280',1357,0.6),('308100',1358,19.1),('222420',1360,-2.2),('900310',1361,1.2),('257370',1362,-2.5),('122350',1363,1.4),('145210',1364,0),('214680',1365,0.6),('131290',1366,1.4),('198440',1367,2),('149980',1372,1.5),('263690',1374,-0.1),('250060',1378,0),('122310',1379,0.8),('140670',1380,2.4),('163560',1381,0.5),('105740',1382,2),('229000',1383,-1.2),('176750',1389,-2.9),('285490',1393,1.9),('900270',1395,0.5),('222110',1397,-0.6),('259630',1398,-1.5),('214610',1400,2.1),('104460',1403,0.3),('220100',1408,2.1),('108860',1410,0),('196450',1418,1.4),('109860',1426,0.4),('137400',1429,-0.4),('119650',1431,0.6),('102210',1434,0),('137950',1440,2.7),('03473K',1441,2.5),('126600',1444,-5.1),('187870',1445,0),('112240',1448,0),('114810',1449,4.9),('217500',1450,-1),('105550',1452,8.1),('900280',1455,0.7),('124500',1464,-1.6),('302550',1467,-1.3),('204840',1468,2.1),('225650',1470,5.9),('203400',1473,0),('150440',1475,-0.1),('204630',1477,0.4),('246720',1478,0.3),('155660',1484,2.2),('290660',1486,6.1),('114120',1491,8.9),('129260',1500,0.4),('156100',1501,0),('900340',1505,2.2),('123570',1513,3.2),('123410',1522,3.5),('305090',1524,2.5),('134780',1528,0),('215380',1536,3.8),('131400',1537,2.7),('226610',1542,0),('205500',1544,0.2),('241820',1547,1.1),('171090',1548,5.5),('219750',1556,1.8),('115310',1571,0.7),('119850',1572,1.9),('214310',1576,-0.5),('114450',1583,11.7),('208640',1585,4.2),('208350',1587,0.8),('101400',1590,-1),('206400',1591,7.3),('290550',1592,4.9),('148140',1593,-1.1),('226440',1594,0.3),('160600',1599,4),('234100',1606,1.3),('110020',1607,0.4),('241520',1612,0.8),('233250',1624,0),('277070',1625,-0.2),('189980',1627,1.6),('147830',1630,6.3),('900040',1644,0),('263800',1645,30),('138610',1646,1.1),('154030',1648,5.7),('117730',1651,2.1),('109820',1652,1.1),('204020',1654,1.8),('131090',1655,2.7),('109070',1656,0),('204990',1672,3.6),('252500',1674,2.9),('264660',1675,2.5),('118000',1678,8.4),('217330',1679,0),('142210',1681,-0.8),('225430',1682,1.2),('123840',1683,0),('171010',1685,-2.2),('303360',1686,10),('114570',1689,1.4),('220180',1695,4.5),('218150',1700,0.8),('128660',1701,3),('106240',1705,0.6),('131180',1707,3.3),('140520',1708,3.1),('213090',1712,6.3),('147760',1714,0.9),('208860',1718,3.6),('215090',1723,-28.7),('184230',1724,2.6),('208140',1726,1.8),('258250',1727,-0.3),('115500',1734,0.8),('101730',1736,14.1),('208710',1739,2.2),('120115',1745,1),('196300',1760,0.9),('219550',1762,2.9),('263810',1765,4.4),('104540',1766,0),('900080',1770,0),('253590',1775,0),('127710',1776,-0.2),('115440',1783,-0.6),('123700',1786,0.3),('246960',1787,2.4),('260870',1800,0.4),('138070',1801,-0.2),('265560',1802,0.2),('222980',1805,-1.8),('187790',1809,2),('101390',1811,-0.4),('104040',1814,14),('207490',1818,2.1),('221980',1822,1.2),('126340',1823,-10.5),('101170',1824,0.3),('230980',1831,0),('00499K',1833,1.6),('114630',1834,0),('228180',1838,3.5),('275630',1839,1.6),('170030',1841,2.6),('256940',1843,0.9),('215480',1848,0.4),('263860',1851,1.6),('217820',1852,-0.4),('139050',1854,-2.2),('189690',1855,-1.8),('128540',1858,4.7),('154040',1862,2.2),('141020',1866,0.9),('217950',1868,-4.1),('133750',1874,0.7),('237750',1875,2.2),('106520',1880,-0.7),('121890',1886,0),('205470',1888,-1.2),('269620',1889,1.2),('123330',1890,2.4),('177830',1891,1.9),('101930',1896,-0.3),('159910',1899,-0.5),('111820',1900,0),('246690',1902,2.7),('203450',1904,4.2),('131760',1908,0.9),('224110',1909,-4.4),('277410',1910,1.8),('250000',1911,5.3),('238120',1912,0.8),('181340',1913,0),('155900',1919,-0.3),('136510',1920,2.2),('122690',1921,2.9),('150900',1924,-0.3),('143540',1927,9.2),('123010',1931,2.3),('170790',1934,1.8),('263020',1935,5.8),('127120',1940,0.3),('192390',1943,0.2),('293580',1948,3.7),('177350',1950,3.2),('302920',1951,2.8),('900120',1956,4.1),('126640',1962,2.2),('109080',1965,-0.4),('900070',1966,0.4),('225590',1968,3),('153490',1969,-0.1),('122050',1974,0.8),('131220',1979,4.4),('145270',1980,0.1),('246250',1983,1.7),('161570',1984,1.7),('189860',1985,4.6),('175140',1988,0),('236030',1991,0),('279600',1997,0),('186230',1999,0.8),('212560',2001,1.4),('115480',2005,2.5),('219130',2007,5),('258610',2012,2.8),('114190',2014,-1.2),('141070',2018,0.7),('136660',2020,5.3),('195440',2027,-3),('173130',2032,-0.2),('311840',2033,0),('119500',2034,-0.6),('172580',2036,0.2),('233990',2037,-7.5),('130500',2040,-0.4),('115530',2042,0),('260970',2044,0),('178600',2046,8.6),('28513K',2047,-0.2),('251280',2048,0),('122800',2049,0),('258540',2050,-11.8),('227950',2057,4.9),('251960',2065,0),('208370',2066,-1.4),('134060',2067,0.1),('200580',2068,-0.1),('206950',2069,1.2),('223310',2071,1.4),('290270',2072,0),('158310',2074,1.9),('197140',2075,0.5),('196700',2076,3.7),('187270',2077,0.3),('191410',2083,3.4),('236340',2085,0.7),('108675',2086,0.2),('226400',2088,1.9),('123750',2089,-1),('284420',2091,0),('221610',2092,4),('103230',2096,-2.4),('281310',2102,-0.4),('226350',2103,1.7),('299480',2105,0),('101670',2106,2),('232530',2107,0),('115570',2110,1.8),('134580',2112,1.2),('153360',2113,-0.3),('211050',2114,0),('103130',2119,0),('115610',2126,-1.4),('159650',2127,-3.4),('130740',2128,1.9),('222810',2131,7),('216400',2135,-1.3),('230400',2141,15),('105330',2142,1),('204210',2144,0.5),('900110',2150,0),('227100',2156,3.7),('288490',2157,-2),('153460',2159,2.5),('256630',2160,1.8),('267060',2161,1.7),('178780',2162,-1.1),('189330',2163,1.4),('140910',2169,0.2),('217190',2171,2.9),('221800',2173,0),('149010',2174,-0.1),('182690',2175,-6.9),('224810',2178,-2.8),('135160',2180,0),('217880',2182,0.2),('250930',2183,0.8),('00806K',2184,1.1),('121850',2185,-3.4),('101680',2189,0),('205290',2190,0),('258050',2191,7.7),('239890',2193,0),('113810',2196,0.5),('232830',2197,-6.2),('278380',2199,-2.6),('18064K',2202,-2.7),('232680',2204,4.9),('243870',2205,14.2),('319400',2208,0),('242350',2209,0),('112190',2211,3.8),('266870',2212,0),('210610',2213,-7.1),('303030',2214,8.5),('123260',2216,0),('273060',2217,0.2),('106080',2218,0),('225220',2219,-0.2),('222670',2220,7.6),('278990',2221,0),('266170',2222,1.4),('323940',2223,0.2),('291230',2224,0.2),('199150',2225,6.8),('317320',2227,-1.4),('256840',2231,0),('210120',2233,1.4),('215570',2234,-9),('241510',2235,14.7),('145995',2236,1.2),('120780',2237,0),('244880',2240,-4.8),('224880',2242,0),('308700',2243,0),('194510',2244,0),('202960',2245,0),('285770',2246,1.2),('254120',2247,-2),('277480',2248,0.5),('323350',2249,0),('311060',2253,0),('183410',2255,-3.3),('284620',2256,0.2),('317030',2257,0),('08537M',2258,-0.4),('265480',2259,1.6),('185190',2260,0),('163430',2261,-0.3),('307070',2262,-0.2),('291210',2264,0.7),('307750',2266,-0.2),('262830',2267,1.4),('281740',2268,0),('199290',2269,-14.9),('217320',2271,0),('297570',2272,2.8),('264850',2273,0),('245450',2275,-11),('306620',2276,-0.2),('222160',2277,5.9),('158300',2278,2.1),('121060',2279,-0.6),('270520',2280,0.5),('307160',2281,-0.2),('309930',2282,0),('307870',2283,-0.5),('192410',2284,0),('313750',2286,0.5),('299170',2287,0),('267320',2289,0),('240340',2290,0),('281410',2291,-0.5),('323230',2292,0.4),('270660',2293,-14.8),('200350',2294,4.6),('322780',2295,1),('162120',2298,0),('225850',2299,0),('265920',2300,0),('307180',2301,0),('279060',2302,-12.5),('317240',2303,1),('261200',2304,0.2),('299670',2305,0),('287410',2306,0.5),('271740',2308,-0.2),('148780',2309,5.8),('270020',2313,0),('225860',2314,-2.6),('107640',2316,-11.6),('276920',2319,-0.2),('208850',2320,0),('307280',2321,0.2),('257730',2323,0.9),('321260',2324,-1.7),('238500',2327,-4.8),('140290',2328,-1.3),('311270',2329,0.5),('212310',2330,14.5),('267810',2331,1.1),('323280',2333,0.2),('232330',2335,0),('310200',2337,0),('279410',2338,-0.2),('310870',2339,-0.5),('310840',2341,0),('264290',2342,-1.2),('258790',2343,0.7),('103660',2344,-3.2),('189540',2346,11.5),('116100',2347,-0.5),('215050',2349,-0.8),('183350',2350,0),('270210',2353,10.2),('114920',2354,-13.3),('26490K',2355,0.7),('101360',2359,2.9),('140660',2360,-2.8),('179720',2361,0),('276240',2366,1.3),('224020',2367,5.3),('220110',2368,0),('252370',2369,-0.1),('189350',2371,0),('271780',2375,0),('217910',2376,3.6),('271850',2384,13.8),('00781K',2390,0),('149940',2391,0),('227420',2395,4.8),('223220',2396,0),('208890',2398,0.4),('247300',2399,0),('221670',2400,-91.8),('135270',2401,-14.9);
/*!40000 ALTER TABLE `tb_summary_20190711_00097` ENABLE KEYS */;
UNLOCK TABLES;

--
-- Table structure for table `tb_summary_20190712_00098`
--

DROP TABLE IF EXISTS `tb_summary_20190712_00098`;
/*!40101 SET @saved_cs_client     = @@character_set_client */;
/*!40101 SET character_set_client = utf8 */;
CREATE TABLE `tb_summary_20190712_00098` (
  `stock_code` char(6) DEFAULT NULL,
  `prior_index` smallint(6) DEFAULT NULL,
  `stock_falling_rate` float DEFAULT '0',
  KEY `stock_code` (`stock_code`),
  CONSTRAINT `tb_summary_20190712_00098_ibfk_1` FOREIGN KEY (`stock_code`) REFERENCES `tb_stock_list` (`stock_code`) ON DELETE CASCADE ON UPDATE CASCADE
) ENGINE=InnoDB DEFAULT CHARSET=utf8;
/*!40101 SET character_set_client = @saved_cs_client */;

--
-- Dumping data for table `tb_summary_20190712_00098`
--

LOCK TABLES `tb_summary_20190712_00098` WRITE;
/*!40000 ALTER TABLE `tb_summary_20190712_00098` DISABLE KEYS */;
INSERT INTO `tb_summary_20190712_00098` VALUES ('207940',11,0),('105560',14,1.2),('316140',32,-0.4),('251270',34,-0.1),('267250',47,0.3),('161390',61,-1.1),('139480',64,-0.7),('241560',69,2.1),('271560',70,-0.4),('128940',71,-0.8),('282330',75,1),('215600',83,0.8),('263750',99,-0.6),('138930',101,2.9),('253450',111,-0.3),('138040',113,-1.8),('180640',123,3.2),('145020',126,2.4),('294870',127,-2.5),('111770',129,1.5),('214320',144,0.6),('204320',148,1.4),('139130',154,0.8),('161890',156,-0.7),('181710',157,0),('247540',158,6.7),('114090',170,0.2),('240810',172,1.4),('175330',176,0.5),('120110',177,0.6),('192080',179,0.3),('307950',181,-1.5),('298380',187,-4.1),('192820',191,0.5),('280360',193,-0.3),('284740',194,-4.6),('178920',201,10.3),('185750',203,0),('192400',209,-2.3),('241590',210,3.5),('214370',222,0),('105630',224,0.5),('170900',225,-0.1),('115390',227,1.7),('214150',230,4.9),('145720',234,0),('140410',238,-1.7),('200130',239,-2.1),('278280',240,4.6),('218410',244,4.8),('267270',251,-1.5),('103140',252,0),('112610',259,-1.2),('115450',260,0.2),('267980',263,2.4),('108320',269,-0.6),('298020',278,0.4),('285130',280,-1.9),('141080',297,0.4),('286940',298,-2.1),('00680K',301,0.2),('151910',302,0.2),('145990',304,-0.6),('298050',308,0.8),('272450',310,-3.7),('108670',311,0.5),('138080',314,8.7),('298000',322,0.3),('122870',323,-4.5),('271980',326,2),('178320',329,6.6),('112040',333,-6.3),('230360',334,-0.3),('243070',336,0.2),('200230',340,0.3),('263050',341,-2.6),('300720',342,-2),('950160',345,0),('215000',347,9.3),('226320',348,3),('272290',351,0.4),('183490',356,1.3),('239610',358,-2.3),('210980',361,-2.4),('192650',362,6.4),('123890',369,-0.1),('126560',370,0.1),('199800',371,-3.4),('950180',372,-0.2),('182400',373,0.7),('249420',377,-1.6),('196170',379,-1.9),('122990',389,0.9),('122900',394,-1.7),('192440',399,2.1),('215200',400,-1.4),('214450',407,1.1),('293480',408,-0.4),('213420',409,0),('268280',412,-0.7),('298690',413,-4.9),('228760',416,2.7),('179900',418,2.3),('314130',423,-5.6),('229500',424,0.6),('234080',428,-0.4),('152330',432,-4.6),('950110',433,-3.5),('138250',437,0.5),('237880',439,-1.6),('183190',445,-2.3),('224760',446,0),('265520',449,3.5),('213500',451,-0.3),('108230',468,2.9),('293940',469,-0.7),('144510',470,-0.2),('255440',472,-1.7),('267260',476,-1.2),('131970',483,3.1),('123860',486,1.4),('281820',488,0.9),('237690',489,2.7),('102710',497,2.1),('101060',499,0.2),('174900',502,2.2),('00088K',504,-0.4),('100120',506,-1.9),('119860',512,1.7),('217730',517,-2.3),('115960',520,-1),('208340',531,-0.6),('251970',541,-1.7),('298040',543,0.6),('166090',544,1.4),('268600',551,-2.7),('104830',552,-0.2),('104480',553,1.6),('243840',558,6),('143240',560,-0.4),('104700',569,-1.4),('226950',570,-1),('214870',572,0.9),('299660',573,-2.1),('101530',578,-1.4),('119610',579,-0.4),('102940',581,1.8),('272550',583,-1.3),('102460',584,0),('159580',586,-1.1),('102260',588,-0.7),('319660',589,2),('140860',595,1.2),('136490',596,2.4),('136480',597,-1.3),('161000',598,0.1),('214180',603,-7),('143160',609,-1.5),('230240',611,7.5),('229640',612,-1),('950170',614,0.3),('206640',615,0),('200670',616,-0.2),('228850',624,0),('267850',628,-2.7),('110790',644,-1),('183300',645,1.2),('220630',646,0.6),('238090',648,6.8),('176440',649,1),('236200',652,-0.9),('293780',654,-2.6),('214390',657,-0.9),('195870',661,-1.5),('284610',663,-1.2),('207760',664,30),('215360',665,3.8),('131370',675,2.1),('194700',679,0.4),('263920',682,-1.7),('121800',687,-4),('128820',688,-0.1),('239340',693,1.4),('109740',700,-0.5),('201490',702,-0.9),('121440',703,4),('241710',708,0.3),('189300',709,-0.4),('264450',714,0.8),('203690',715,-0.6),('191420',716,0.4),('217270',718,2.1),('306200',719,-2.4),('121600',726,2.8),('138490',729,0.8),('260930',731,0.5),('245620',732,0.7),('214420',733,0),('136540',735,1.2),('138690',740,-1.6),('123420',742,0),('251370',744,5.7),('194370',750,-14.8),('222040',751,-2.2),('271400',752,14.9),('225570',753,4.6),('263720',754,10.9),('206650',756,4.6),('122640',757,5.5),('175250',762,0),('312610',763,-3.9),('108790',768,0.2),('282690',778,-1.1),('220250',783,-6.4),('168490',788,-0.2),('206560',790,-1.2),('108490',791,0.6),('100700',792,0.2),('110990',793,8),('299900',795,-0.5),('137940',799,0.4),('131390',800,1.2),('299910',801,0.7),('196490',802,7.7),('125210',808,1.5),('115180',809,-2),('180400',810,0),('270870',813,0.3),('232140',816,0.6),('138580',818,2.3),('226340',822,8.1),('302430',828,4.2),('290120',831,-1.3),('216050',838,-4),('100790',856,0),('217480',858,-1),('214430',860,1.6),('251630',861,5),('111870',862,-0.6),('290650',863,0.2),('111710',867,2.1),('203650',871,1),('176560',872,0),('153710',873,3.9),('123690',875,0),('142760',879,0.9),('900140',880,2.6),('225530',882,1.2),('101490',886,7.8),('117580',887,0),('166480',888,-0.5),('187420',890,0),('290670',891,4.5),('100590',895,2.5),('122450',898,-0.6),('241770',902,-0.3),('900250',904,8.8),('100130',905,-1),('267290',906,0),('200880',911,0.2),('171120',918,0),('190510',921,-2.5),('900100',924,3.6),('210540',929,-0.4),('100250',935,2.2),('115160',939,-1.8),('241690',941,-1.2),('131030',942,-0.1),('307930',943,-2),('102280',946,1.4),('200780',949,-0.6),('204620',951,4.4),('143210',952,-3),('222080',953,0.8),('225190',957,-1.1),('126700',958,2.3),('248170',959,2.2),('144960',969,-2.4),('123040',971,-1.1),('900290',974,3.3),('101330',975,-0.9),('161580',976,1.3),('179290',979,3.7),('151860',986,1.6),('290720',987,-1),('222800',993,3),('234920',998,0),('149950',1002,3.3),('101000',1006,0),('141000',1007,-2.3),('214270',1008,4.3),('130580',1010,-2.4),('100090',1018,0.5),('277880',1020,1.8),('309900',1023,8.9),('900300',1028,2.5),('144620',1037,0.8),('263540',1038,11.7),('263770',1041,-2),('126870',1044,0.9),('289080',1045,0.6),('108380',1048,0.4),('101140',1049,1),('109610',1050,3.6),('152550',1054,0),('290380',1060,0.4),('160550',1062,-0.1),('200710',1063,1.9),('138360',1065,0),('227840',1068,0),('238490',1071,0),('109960',1072,-0.9),('214330',1073,2.8),('264900',1082,0.8),('101160',1084,4.4),('227610',1085,-0.4),('288620',1086,1),('103590',1090,1),('225330',1093,-0.5),('100840',1096,-1),('127160',1107,3.5),('197210',1112,4),('130660',1119,0.3),('155650',1120,0.2),('117670',1121,-3.3),('246710',1125,5),('02826K',1127,-0.3),('228340',1132,-6.5),('255220',1133,0.3),('185490',1137,-1),('187220',1147,0),('173940',1148,0.4),('215100',1151,-2.4),('168330',1152,-2),('102120',1153,0),('950140',1158,2.4),('100030',1161,-4.8),('100220',1162,-1.2),('241790',1174,-0.9),('105840',1181,7.2),('219420',1187,-5.4),('238200',1192,-3.4),('126880',1195,0.6),('120030',1198,0.4),('211270',1201,-0.3),('120240',1202,-0.3),('205100',1208,-1.6),('216280',1212,6.1),('111110',1213,0.4),('234300',1219,-0.1),('267790',1220,0.8),('215790',1224,2.2),('195990',1225,-1.1),('242040',1227,3.1),('104200',1233,0.2),('192250',1236,0.6),('221840',1240,0.2),('118990',1247,0.3),('140610',1249,0.9),('194480',1251,0.8),('107590',1253,0),('253840',1255,-0.1),('131100',1257,1.5),('226360',1258,3.9),('119830',1259,1.7),('217620',1264,1.5),('263700',1265,1.3),('234070',1268,-2.8),('191600',1270,2.9),('217600',1271,-0.3),('950130',1275,-1.1),('170920',1277,-6.6),('900260',1278,2.4),('140070',1281,0.6),('224060',1285,1.6),('260660',1286,0.9),('200470',1288,1.3),('257370',1290,8.3),('139670',1293,4.6),('258830',1297,0.4),('133820',1300,0),('101240',1301,0.4),('290740',1303,-1.2),('174880',1315,-1.1),('106190',1320,-0.8),('220260',1326,0.3),('180060',1328,0),('193250',1329,2.6),('900270',1330,7.6),('148250',1332,1.5),('229000',1335,5),('222420',1336,2.5),('134790',1337,1),('250060',1340,4.1),('142280',1342,2.1),('900310',1345,2.1),('104620',1347,-0.3),('263600',1349,0.4),('259630',1354,5.7),('150840',1357,-0.5),('176750',1359,4),('122350',1361,0.9),('198440',1362,1.1),('308100',1363,0.4),('160980',1366,-0.2),('214680',1368,0.8),('131290',1370,0.8),('134380',1371,-0.7),('145210',1375,0),('182360',1377,-2.1),('263690',1381,0.4),('149980',1384,0.2),('163560',1386,-0.5),('105740',1387,-0.5),('100660',1388,-4.5),('140670',1389,-0.8),('137400',1393,5.1),('122310',1401,-2.4),('285490',1402,-0.3),('220100',1405,1),('104460',1407,0),('214610',1408,-0.7),('108860',1416,0),('222110',1417,-1.8),('119650',1419,2.2),('196450',1428,0.6),('105550',1433,3.5),('187870',1434,2.5),('109860',1435,0.4),('102210',1441,0),('204630',1443,4.4),('900280',1449,1.4),('112240',1453,0),('114810',1454,0),('204840',1455,1.8),('137950',1456,-0.9),('03473K',1461,-1.4),('126600',1466,-1.4),('246720',1475,0.9),('217500',1477,-1.8),('203400',1478,-0.2),('155660',1480,1.2),('124500',1481,-1.2),('131400',1482,6.6),('900340',1483,3),('129260',1487,2.4),('225650',1491,-1.5),('114120',1494,0.4),('215380',1504,4.5),('123570',1505,2.1),('156100',1507,0),('302550',1509,-4),('123410',1513,1.7),('228180',1518,-1.7),('150440',1519,-3.8),('241820',1522,3),('134780',1531,0),('290660',1541,-5.4),('226610',1544,0),('171090',1547,-0.1),('205500',1548,-0.4),('219750',1554,0),('305090',1558,-3.9),('148140',1562,3.2),('119850',1571,0.2),('114450',1575,1.6),('115310',1579,-0.2),('226440',1584,1.7),('214310',1587,-0.5),('208350',1589,0.6),('101400',1594,0.2),('208640',1595,-0.1),('290550',1602,-0.1),('138610',1607,4.7),('241520',1608,0.9),('234100',1610,-0.5),('171010',1611,8.5),('160600',1615,-1.2),('206400',1621,-2.4),('263800',1623,2.8),('277070',1631,0.4),('117730',1633,2.5),('233250',1635,0),('110020',1643,-3.1),('189980',1644,-0.7),('131090',1647,1.5),('900040',1649,0),('147830',1650,-1.5),('204020',1651,0.5),('114570',1657,4),('109070',1663,0),('264660',1665,1.7),('154030',1667,-1.6),('252500',1672,0.8),('123840',1677,1.4),('142210',1678,1.1),('225430',1682,0.2),('109820',1685,-3.7),('118000',1688,-0.8),('204990',1689,-1.5),('217330',1693,-1.4),('218150',1694,1.5),('208860',1697,3.1),('220180',1698,0),('128660',1705,0.6),('184230',1709,2.5),('303360',1712,-3.2),('140520',1713,0.5),('131180',1717,-0.2),('208140',1722,0.7),('106240',1724,-1.6),('115500',1728,0.6),('208710',1732,1.2),('213090',1736,-2.8),('115440',1741,5.5),('196300',1746,1.3),('120115',1747,-0.7),('219550',1748,1.4),('147760',1753,-4.9),('900080',1757,1.6),('104540',1766,0),('253590',1768,0.3),('246960',1770,3.3),('127710',1773,0.5),('215090',1775,-6),('263810',1782,-1.7),('101730',1784,-6),('123700',1793,0),('101390',1797,3.2),('265560',1802,1),('260870',1807,0),('138070',1810,-0.2),('187790',1811,0.7),('222980',1812,0),('221980',1824,0.8),('101170',1825,0.9),('258250',1830,-13.8),('230980',1832,0),('00499K',1834,0.2),('126340',1835,-1.6),('114630',1836,0.1),('217950',1837,5.5),('207490',1838,-2.8),('154040',1839,4.1),('275630',1843,0.2),('217820',1844,1.4),('170030',1849,0.2),('189690',1850,1.6),('263860',1851,1),('104040',1858,-6.6),('215480',1859,-0.8),('128540',1869,-0.8),('237750',1871,1.4),('131760',1872,4.7),('205470',1873,2.4),('256940',1875,-2.6),('177830',1876,2.4),('139050',1879,-1.8),('181340',1884,3.8),('133750',1886,0),('141020',1888,-0.9),('123330',1892,0.9),('106520',1894,-0.4),('269620',1898,-0.2),('136510',1899,3.4),('111820',1904,0),('159910',1906,-0.2),('203450',1909,-0.2),('238120',1910,0.4),('224110',1911,0.1),('246690',1912,-0.5),('121890',1914,-2.3),('277410',1915,0),('101930',1918,-2.1),('122690',1922,0.4),('250000',1924,-1.3),('155900',1926,0),('170790',1928,2.5),('263020',1933,0.7),('123010',1936,-0.9),('150900',1939,-2.8),('127120',1940,0.5),('143540',1941,-2.7),('192390',1946,-1),('290270',1950,29.9),('293580',1955,-0.6),('177350',1956,-0.4),('900120',1960,-0.3),('126640',1966,0),('900070',1971,0),('302920',1976,-2.7),('161570',1978,1),('122050',1979,0),('153490',1981,-0.6),('145270',1982,0.6),('279600',1984,3.2),('225590',1985,-1.6),('109080',1986,-2),('189860',1987,0),('131220',1992,-1.3),('236030',1996,0),('175140',1998,-0.4),('212560',1999,1.4),('186230',2000,0.8),('258540',2002,13.4),('219130',2003,2.6),('246250',2005,-3.3),('115480',2012,0),('173130',2017,3.8),('114190',2020,0.4),('251280',2024,7.7),('136660',2029,-0.1),('258610',2033,-2.9),('311840',2037,0),('141070',2038,-3),('119500',2039,-0.2),('130500',2040,1.2),('172580',2041,-0.4),('195440',2046,-3.9),('115530',2047,0),('260970',2048,0),('28513K',2051,-0.4),('122800',2052,0),('251960',2062,0),('196700',2063,4.2),('227950',2065,-3),('233990',2066,-7.4),('134060',2068,-0.6),('208370',2069,-1.7),('206950',2070,0),('223310',2071,0.3),('197140',2074,0.3),('187270',2077,-0.9),('221610',2080,3.5),('108675',2085,0.2),('158310',2086,-4.4),('226400',2087,0.1),('123750',2089,0),('284420',2091,0),('103230',2093,-0.2),('191410',2095,-3),('178600',2099,-14.9),('230400',2100,15),('236340',2101,-4.1),('226350',2103,1.3),('101670',2105,1.3),('115570',2107,1),('299480',2108,0),('232530',2109,0),('134580',2110,0.8),('200580',2112,-12.3),('115610',2113,4),('153360',2116,0),('211050',2117,0),('159650',2120,2.4),('103130',2122,0),('130740',2130,0.6),('222810',2135,-0.7),('281310',2141,-9.7),('105330',2143,0.2),('216400',2146,-3.8),('204210',2151,-2.4),('227100',2153,2.5),('900110',2154,0),('224810',2155,14.8),('288490',2156,2),('256630',2159,1.7),('267060',2160,1.5),('153460',2162,-0.8),('189330',2169,-5.6),('178780',2171,-6.9),('140910',2172,-0.7),('217190',2175,0.2),('182690',2176,1),('149010',2177,0.4),('135160',2180,-0.2),('00806K',2182,1),('243870',2183,14.3),('221800',2184,-4.8),('121850',2185,0),('250930',2190,-2.5),('101680',2191,0),('205290',2192,0),('210610',2193,13.9),('278380',2194,5.7),('239890',2196,0),('217880',2197,-6),('18064K',2198,6.8),('113810',2201,-1.8),('112190',2202,7.4),('232830',2203,-1.7),('258050',2206,-6.8),('232680',2209,-2.3),('319400',2210,0),('199150',2212,14.2),('266870',2213,-0.7),('242350',2215,-3),('222670',2216,6),('266170',2217,5.4),('303030',2218,-0.5),('123260',2219,0),('273060',2220,0.7),('106080',2222,0),('225220',2223,0),('278990',2224,0),('323940',2225,0.2),('291230',2226,-0.2),('317320',2229,-0.9),('256840',2230,0),('224880',2231,0),('210120',2234,-0.3),('241510',2237,0),('120780',2238,0),('145995',2239,-1.4),('244880',2240,-0.4),('194510',2243,0),('285770',2244,0),('202960',2245,-0.4),('254120',2246,-0.7),('277480',2247,-0.5),('308700',2248,-2.9),('323350',2250,0),('185190',2251,13.3),('311060',2256,-0.5),('183410',2257,0),('284620',2258,-0.2),('317030',2259,0),('08537M',2260,-0.4),('265480',2261,0),('163430',2262,0),('270660',2263,13.3),('199290',2264,2.7),('307070',2265,-0.2),('291210',2266,0),('158300',2269,6.4),('279060',2270,14.6),('222160',2272,5.6),('262830',2273,-0.9),('307750',2274,-1.2),('281740',2275,-0.2),('297570',2276,1.2),('217320',2277,0),('264850',2278,0),('306620',2280,-0.7),('270520',2281,0.5),('121060',2282,0),('307870',2284,0.5),('200350',2285,4.6),('307160',2286,0),('309930',2287,-0.5),('192410',2289,0),('240340',2290,1.6),('313750',2291,-0.2),('299170',2292,-0.2),('281410',2293,0.9),('323230',2294,0.9),('267320',2295,0),('322780',2296,0),('162120',2298,0),('245450',2299,-9.4),('225850',2300,0),('265920',2301,0),('307180',2302,-0.2),('317240',2303,-0.2),('261200',2304,-0.2),('148780',2306,7.2),('299670',2307,0),('140290',2308,14.9),('287410',2309,-0.2),('271740',2311,0),('225860',2313,1.5),('238500',2315,7.7),('270020',2316,0),('107640',2320,-0.4),('276920',2321,0),('208850',2322,0),('307280',2324,-0.2),('257730',2325,0),('189540',2326,14.3),('321260',2330,-1.3),('323280',2332,0),('267810',2333,-0.8),('311270',2334,-1.6),('232330',2336,0),('310840',2337,1.6),('310200',2339,0),('279410',2340,0),('310870',2342,-0.9),('103660',2343,1),('116100',2344,8.8),('270210',2345,13.6),('114920',2346,13.1),('264290',2347,-1),('258790',2348,-1.8),('212310',2351,-13.6),('183350',2353,0),('215050',2354,-1.6),('26490K',2356,-0.8),('101360',2359,2.9),('179720',2361,0.2),('140660',2362,-2.8),('215570',2364,14),('252370',2366,0.1),('220110',2367,0),('189350',2371,1.6),('271780',2374,0),('224020',2376,-10),('217910',2377,-2.9),('276240',2378,-14),('271850',2387,-8.6),('00781K',2392,0),('221670',2393,150),('149940',2394,0),('223220',2398,0),('208890',2399,1.5),('227420',2401,-6.2),('247300',2402,4.9),('135270',2403,-14.7);
/*!40000 ALTER TABLE `tb_summary_20190712_00098` ENABLE KEYS */;
UNLOCK TABLES;

--
-- Table structure for table `tb_summary_20190715_00099`
--

DROP TABLE IF EXISTS `tb_summary_20190715_00099`;
/*!40101 SET @saved_cs_client     = @@character_set_client */;
/*!40101 SET character_set_client = utf8 */;
CREATE TABLE `tb_summary_20190715_00099` (
  `stock_code` char(6) DEFAULT NULL,
  `prior_index` smallint(6) DEFAULT NULL,
  `stock_falling_rate` float DEFAULT '0',
  KEY `stock_code` (`stock_code`),
  CONSTRAINT `tb_summary_20190715_00099_ibfk_1` FOREIGN KEY (`stock_code`) REFERENCES `tb_stock_list` (`stock_code`) ON DELETE CASCADE ON UPDATE CASCADE
) ENGINE=InnoDB DEFAULT CHARSET=utf8;
/*!40101 SET character_set_client = @saved_cs_client */;

--
-- Dumping data for table `tb_summary_20190715_00099`
--

LOCK TABLES `tb_summary_20190715_00099` WRITE;
/*!40000 ALTER TABLE `tb_summary_20190715_00099` DISABLE KEYS */;
INSERT INTO `tb_summary_20190715_00099` VALUES ('207940',12,-1.7),('105560',14,0.6),('316140',32,-0.4),('251270',36,-2.7),('267250',47,-0.9),('161390',62,-1.2),('139480',66,-3.9),('241560',69,-0.1),('271560',71,-1.1),('128940',72,-0.7),('282330',76,-1.3),('215600',84,-3),('263750',99,-1.7),('138930',103,-1.2),('253450',109,2.2),('138040',114,-0.7),('180640',125,-2.8),('145020',127,-0.8),('111770',131,-2.6),('294870',132,-3.8),('214320',144,-1.6),('204320',149,-1.4),('139130',155,-0.5),('181710',156,0.2),('247540',157,0.2),('161890',158,-3.1),('240810',172,-1),('114090',173,-4),('175330',176,-0.9),('120110',177,-1.2),('307950',181,-0.2),('192080',183,-1.2),('298380',187,0),('192820',193,-1.5),('280360',195,-0.9),('284740',197,-1.9),('178920',198,4.2),('185750',203,-1.1),('192400',213,-1.6),('241590',216,-3.4),('170900',222,2.8),('214370',223,0),('115390',226,0.3),('145720',231,0.4),('105630',234,-4.2),('140410',236,1.4),('214150',237,-2.7),('278280',238,0.5),('218410',241,-0.2),('200130',245,-4),('267270',250,-0.7),('103140',254,-2.7),('115450',259,0.2),('112610',260,-2),('267980',265,-2.6),('108320',270,-3),('298020',277,0),('285130',286,-3.4),('141080',290,3),('00680K',299,-0.5),('298050',303,0.8),('145990',304,-1.5),('151910',305,-2.1),('286940',307,-4.1),('108670',308,1.5),('178320',316,1.9),('272450',317,-4.4),('138080',320,-2.6),('298000',322,-0.3),('122870',324,-1.2),('271980',331,-2.6),('243070',332,-1.1),('215000',335,2.4),('263050',336,0.4),('230360',338,-2.5),('272290',340,2.1),('200230',341,-1.2),('950160',343,0),('300720',344,-1.3),('226320',345,-0.2),('192650',350,1.9),('210980',353,1.2),('239610',355,-1.7),('183490',356,-2.1),('112040',359,-8.7),('123890',367,-0.1),('199800',370,0),('126560',371,-2.3),('249420',373,0),('182400',376,-3.6),('950180',377,-4.1),('196170',378,-1),('179900',384,7.2),('213420',385,5.2),('122990',392,-1.8),('298690',395,4),('215200',399,-0.4),('122900',402,-3.1),('293480',403,0),('214450',405,-0.7),('192440',407,-3.3),('268280',411,-0.4),('229500',421,-0.7),('314130',423,-1.1),('234080',432,-2.1),('228760',433,-4.2),('268600',436,30),('138250',437,-1.8),('183190',439,-0.2),('213500',440,2.7),('224760',441,0),('108230',446,5.8),('265520',449,-0.6),('950110',450,-5.6),('237880',452,-4.8),('102710',454,10.8),('144510',462,1.1),('152330',464,-10.1),('293940',472,-1.1),('267260',483,-1.5),('281820',489,0),('255440',491,-3.5),('101060',492,1.3),('237690',498,-2),('123860',500,-3.4),('104830',503,10.7),('00088K',504,0),('131970',509,-6.3),('217730',511,0.3),('174900',514,-3.6),('119860',515,-2.3),('100120',516,-3.5),('166090',523,3.4),('208340',525,-0.4),('298040',537,0.6),('115960',539,-4.3),('143240',552,0.4),('243840',557,-0.9),('104480',566,-3.9),('299660',568,1.1),('104700',569,-0.5),('272550',570,2.2),('251970',571,-7.2),('226950',572,0),('319660',577,1.4),('102260',579,0.4),('101530',580,-1.6),('102460',583,-1.9),('230240',584,2.6),('119610',585,-2.8),('136490',586,0),('140860',588,-0.3),('161000',590,-0.1),('102940',595,-4.4),('229640',596,0.4),('136480',597,-2.2),('267850',604,3.2),('143160',607,-1.7),('214870',608,-7.7),('950170',611,-1.6),('200670',613,-1.2),('159580',617,-6.9),('214180',626,-5),('206640',629,-3.3),('238090',630,3.4),('228850',637,-2.7),('183300',640,0.8),('110790',646,-0.2),('176440',649,0),('220630',650,-1),('293780',653,0),('214390',656,-0.3),('236200',657,-1.4),('195870',659,0),('215360',660,0.8),('263920',662,4),('284610',664,-0.8),('239340',667,4.7),('207760',668,-1.1),('251370',673,12.9),('131370',676,-1.5),('121600',682,6.2),('128820',688,-0.7),('194700',690,-2.3),('121440',695,0.2),('109740',703,-1.9),('214420',707,2.7),('241710',709,-1.8),('201490',713,-3.6),('121800',714,-5.9),('203690',716,-2.1),('189300',717,-3.2),('306200',720,-2),('217270',721,-2.3),('264450',726,-3.5),('138490',728,-1),('260930',732,-1.8),('138690',734,0.4),('191420',735,-4.7),('225570',736,2.1),('245620',739,-3.1),('271400',743,0),('194370',749,-2.1),('263720',750,-1.3),('123420',753,-3.7),('222040',754,-2.9),('110990',755,5.6),('206650',758,-2.5),('175250',762,-2.2),('282690',764,0.8),('312610',765,-2.4),('220250',769,0.8),('108790',770,-2),('122640',775,-4.4),('168490',782,0.2),('100700',789,-0.8),('206560',796,-1.4),('115180',797,0.8),('226340',800,1.4),('180400',801,0),('137940',802,-1.6),('299900',804,-3.2),('196490',806,-2.1),('108490',810,-4.2),('131390',811,-2.9),('299910',812,-2.8),('136540',815,-14.8),('232140',816,-2),('302430',819,-0.9),('125210',821,-3.8),('216050',832,-0.2),('101490',833,7.7),('138580',835,-3.9),('214430',842,1.3),('100790',844,0.6),('290670',846,6.7),('270870',847,-6.4),('251630',850,0.5),('217480',858,-1),('111710',861,-0.8),('290650',864,-1.9),('176560',866,0),('111870',870,-3.1),('225530',872,0.2),('153710',873,-0.9),('166480',875,0.7),('900140',877,-0.7),('117580',880,0),('123690',884,-1.9),('241770',886,1.7),('142760',890,-2.2),('187420',894,-0.7),('122450',897,0),('161580',898,8.9),('900250',902,0),('290120',904,-11.8),('267290',906,-0.5),('190510',907,0.8),('171120',908,0.4),('123040',911,6.6),('100130',912,-1.7),('210540',915,0),('222080',919,2.9),('100250',924,-1),('900100',926,-1.6),('307930',927,0.2),('100590',928,-4.5),('143210',934,0.6),('200880',943,-4.8),('144960',944,1.8),('131030',948,-1.9),('248170',949,0),('203650',951,-10.4),('225190',953,-0.4),('102280',954,-1.8),('200780',956,-1.7),('204620',959,-2),('115160',962,-3.7),('126700',963,-1.6),('241690',964,-3.8),('900290',970,-0.7),('277880',982,3),('151860',986,-1.5),('101330',987,-3.3),('149950',990,0.4),('214270',996,0.3),('101000',997,0),('222800',998,-1.9),('290720',999,-2.8),('179290',1000,-4.3),('141000',1013,-1.9),('100090',1017,-1.2),('263770',1018,0.9),('309900',1019,-0.8),('234920',1023,-3.5),('900300',1029,-1.3),('130580',1032,-3.3),('144620',1039,-1.6),('109610',1040,0.3),('160550',1042,1.2),('152550',1045,0),('138360',1051,0),('108380',1052,-1.9),('101160',1053,2.6),('126870',1057,-3.1),('289080',1058,-3),('200710',1061,-1.5),('290380',1069,-2.9),('263540',1070,-5.4),('214330',1072,-1),('227840',1073,-1.5),('117670',1075,4.4),('101140',1076,-4.2),('264900',1078,-0.3),('109960',1081,-2.1),('103590',1083,-0.2),('127160',1084,1.3),('255220',1087,4.1),('225330',1088,-0.2),('241790',1100,7.1),('288620',1108,-3.4),('197210',1112,-1.1),('100840',1113,-2.9),('228340',1115,0.9),('238490',1119,-6.1),('02826K',1120,-0.3),('155650',1124,-1.4),('227610',1126,-5.1),('130660',1127,-1.6),('246710',1134,-1.8),('120240',1139,5.8),('173940',1141,-0.9),('187220',1143,-1),('185490',1146,-3),('100220',1147,0.1),('238200',1169,1.4),('168330',1171,-3.4),('105840',1172,-0.4),('100030',1174,-2.3),('102120',1176,-3.5),('950140',1177,-2.9),('126880',1183,-0.2),('195990',1186,2.7),('211270',1194,-0.7),('215100',1195,-6.4),('120030',1198,-1.3),('205100',1201,-0.5),('194480',1202,4.1),('219420',1204,-3.3),('111110',1206,0),('242040',1213,0.9),('234300',1222,-0.8),('192250',1224,1),('220260',1227,10),('170920',1229,3.9),('234070',1230,2.9),('216280',1233,-2.6),('258830',1234,5),('215790',1237,-2.2),('104200',1240,-1.5),('257370',1242,3.3),('107590',1244,0.2),('221840',1248,-1.6),('226360',1254,-0.7),('140670',1257,12.5),('217620',1260,-1.3),('263700',1261,-1.3),('118990',1264,-2.6),('217600',1266,-0.7),('131100',1268,-2.1),('140070',1280,-1.4),('253840',1281,-3.8),('191600',1286,-2.8),('140610',1287,-4.4),('900260',1290,-2.4),('148250',1292,3),('260660',1293,-2.3),('950130',1294,-3),('101240',1295,-0.8),('224060',1301,-3.2),('133820',1302,-1.4),('200470',1304,-3.1),('267790',1306,-8.8),('180060',1312,0.9),('104620',1313,2.1),('900310',1316,1.5),('106190',1319,-1.5),('308100',1320,2.2),('131290',1321,2.5),('193250',1326,-0.8),('174880',1330,-2.3),('290740',1331,-4),('100660',1335,4.8),('222420',1339,-0.7),('134380',1341,1),('139670',1344,-6.6),('142280',1347,-1.5),('900270',1348,-2.6),('250060',1349,-1.8),('176750',1352,-0.5),('259630',1354,-1.1),('122350',1356,-0.5),('160980',1361,-0.7),('145210',1362,0),('263690',1364,0.1),('134790',1366,-3.2),('198440',1371,-1.8),('119830',1377,-11.5),('229000',1378,-4.5),('214680',1383,-3),('163560',1384,-0.2),('182360',1389,-3),('149980',1391,-3.2),('187870',1392,2.9),('220100',1394,-0.3),('122310',1398,-0.8),('137400',1400,-2.1),('104460',1403,-0.6),('222110',1404,0.4),('108860',1406,0),('285490',1408,-1.6),('105740',1412,-3.4),('214610',1415,-1.4),('196450',1416,-0.2),('217500',1423,5.1),('126600',1426,3.7),('119650',1427,-1.6),('109860',1430,-0.4),('205500',1432,12.9),('150840',1433,-9),('102210',1434,0),('171010',1436,19.7),('137950',1443,0.3),('112240',1446,0),('03473K',1447,0.7),('900280',1459,-1.6),('114810',1460,-1),('203400',1461,1.4),('124500',1465,1.2),('204630',1466,-2.8),('105550',1471,-4.6),('129260',1483,-0.6),('246720',1486,-1.8),('228180',1492,2.1),('155660',1493,-2),('204840',1494,-4.5),('131400',1495,-2.4),('900340',1497,-2.3),('215380',1502,-0.8),('156100',1503,0),('225650',1508,-2.8),('150440',1512,-0.3),('114120',1517,-3.8),('123410',1520,-2),('123570',1522,-3.1),('290660',1524,1.3),('134780',1525,0),('148140',1527,3.9),('241820',1537,-2),('302550',1538,-3.4),('226610',1542,0),('305090',1549,0.3),('171090',1551,-1.5),('226440',1558,1.1),('115310',1565,0.5),('219750',1569,-2.2),('119850',1570,-0.5),('160600',1572,3),('101400',1577,0.5),('214310',1582,-0.5),('114450',1589,-1.9),('263800',1590,2.7),('208350',1598,-1.7),('208640',1601,-1.7),('138610',1604,-1),('290550',1609,-1.9),('110020',1615,1.4),('241520',1618,-1.9),('233250',1624,0),('117730',1633,-1.2),('206400',1634,-2.1),('189980',1635,-0.2),('900040',1642,0),('277070',1643,-2.2),('234100',1645,-4.1),('147830',1649,-1.2),('131090',1653,-1.7),('109070',1655,0),('204020',1662,-1.9),('154030',1665,-0.9),('264660',1668,-1.2),('252500',1670,-0.8),('123840',1675,-0.9),('142210',1682,-2),('204990',1683,-0.5),('114570',1684,-4.3),('225430',1685,-1.5),('118000',1686,-1.2),('109820',1687,-1.3),('147760',1688,8.2),('220180',1693,-0.6),('217330',1698,-1.8),('303360',1700,0),('131180',1707,-0.5),('218150',1708,-3.2),('208860',1709,-3),('128660',1710,-2.4),('196300',1718,2.6),('184230',1719,-3),('106240',1720,-1.3),('208140',1721,-1.6),('208710',1731,-1),('140520',1734,-3.8),('115500',1743,-2.5),('127710',1746,3),('120115',1752,0),('213090',1754,-2),('253590',1758,1.6),('900080',1761,-0.7),('219550',1763,-1.6),('115440',1765,-2.9),('104540',1766,0),('263810',1779,-1.2),('246960',1781,-2.3),('123700',1782,0.3),('101170',1793,3.4),('260870',1798,-0.4),('138070',1800,-0.2),('187790',1801,0),('133750',1803,11.3),('222980',1805,-0.5),('258250',1808,2.7),('101390',1816,-3.9),('265560',1821,-3.9),('101730',1822,-6.2),('217950',1825,1.6),('104040',1827,4.2),('221980',1828,-2.3),('230980',1829,0),('114630',1830,0),('00499K',1833,-1.2),('275630',1834,0.6),('215090',1837,-10.6),('170030',1839,0),('126340',1841,-2.5),('154040',1846,-2.7),('189690',1847,-1.1),('217820',1850,-1.8),('263860',1853,-1.9),('177830',1863,0.3),('215480',1864,-1.3),('128540',1869,-1.2),('205470',1870,-0.9),('131760',1873,-1.3),('237750',1875,-1.8),('141020',1878,-1),('256940',1883,-2.7),('123330',1885,-1.2),('106520',1886,-0.7),('111820',1895,0),('238120',1897,0.4),('203450',1898,0.2),('250000',1899,1.8),('159910',1900,-0.5),('170790',1902,2),('181340',1904,-3.7),('224110',1905,-0.6),('290270',1907,7.2),('143540',1908,4.5),('246690',1911,-1.5),('277410',1913,-1.4),('139050',1914,-5.6),('122690',1916,-0.6),('269620',1917,-3.7),('155900',1918,-0.3),('101930',1924,-2),('136510',1926,-4.5),('279600',1928,7.6),('150900',1932,-0.2),('263020',1934,-1.6),('207490',1937,-14.6),('127120',1938,-1.3),('177350',1942,0.5),('123010',1943,-2.8),('302920',1944,2.8),('293580',1947,0),('192390',1954,-1.4),('121890',1960,-8.7),('900070',1961,0),('153490',1962,1.2),('126640',1968,-1.3),('131220',1972,1.5),('263600',1975,-8.7),('900120',1977,-2.9),('161570',1980,-1.3),('122050',1981,-1.3),('145270',1982,-1.1),('225590',1983,-0.6),('109080',1989,-1.2),('246250',1991,1.7),('189860',1992,-1.7),('236030',1993,0),('186230',1997,0),('219130',1998,0.5),('258540',1999,0),('212560',2002,-1.4),('115480',2011,-1),('175140',2012,-4.1),('258610',2018,2),('114190',2019,-0.8),('173130',2024,-2.7),('251280',2025,-1.9),('311840',2029,0),('130500',2035,-0.9),('172580',2037,-0.5),('115530',2040,0),('260970',2042,0),('119500',2043,-2.8),('141070',2044,-3.4),('28513K',2047,-0.4),('122800',2048,0),('136660',2049,-7.3),('230400',2055,14.9),('196700',2056,2),('195440',2057,-4.3),('206950',2059,3.9),('251960',2063,0),('123750',2064,8.6),('134060',2065,0.7),('227950',2067,-1.1),('233990',2068,-1.2),('197140',2071,0.1),('223310',2074,-2),('208370',2075,-2.8),('187270',2079,-1.6),('108675',2083,0),('103230',2086,1.4),('221610',2087,-3.2),('284420',2088,0),('191410',2089,0),('158310',2091,-2.7),('226400',2092,-2.4),('299480',2094,3.8),('178600',2099,-0.7),('115570',2100,1.8),('101670',2104,-0.3),('200580',2105,1.7),('232530',2106,0),('281310',2108,8.8),('115610',2111,0.1),('226350',2112,-3.3),('236340',2113,-3.8),('153360',2116,-0.3),('134580',2117,-1.4),('211050',2118,0),('159650',2120,0),('103130',2123,0),('130740',2132,0),('153460',2138,13),('105330',2143,1.1),('222810',2144,-3.3),('216400',2148,-1.2),('900110',2152,0),('227100',2153,-0.5),('288490',2154,0.5),('204210',2158,-4.4),('267060',2161,-2.9),('182690',2165,4.2),('256630',2166,-8.3),('135160',2169,4.4),('189330',2170,-0.5),('140910',2171,0),('149010',2173,0),('00806K',2178,-0.2),('224810',2179,-14.9),('217190',2181,-5),('178780',2182,-6.2),('243870',2183,-0.3),('221800',2184,0),('258050',2185,11.1),('250930',2188,-0.4),('101680',2189,0),('205290',2190,0),('210610',2191,-0.1),('278380',2193,-0.3),('121850',2194,-3.3),('239890',2196,0),('217880',2197,0),('18064K',2198,0.1),('113810',2201,-1),('232680',2205,2.4),('232830',2206,-2.5),('266870',2207,3.4),('319400',2208,0),('199150',2210,0.2),('112190',2213,-7.9),('266170',2215,1.3),('222670',2216,-0.3),('242350',2218,-3),('123260',2219,0),('303030',2220,-1),('106080',2221,0),('273060',2222,-1.8),('278990',2223,0),('323940',2224,-0.2),('225220',2226,-1.7),('291230',2227,-0.7),('256840',2230,0),('224880',2231,0),('317320',2234,-5.1),('185190',2235,11.6),('210120',2237,-5.6),('120780',2238,0),('244880',2240,0),('145995',2241,-1),('194510',2243,0),('241510',2244,-4.8),('285770',2245,0),('202960',2246,0),('308700',2247,-0.2),('277480',2249,-0.7),('323350',2250,0),('254120',2251,-1.9),('311060',2252,2.4),('317030',2257,0.2),('183410',2258,-3.4),('284620',2259,-1.4),('08537M',2260,-1.6),('265480',2261,0),('163430',2262,0),('307070',2263,0),('199290',2264,-0.4),('307750',2266,0.9),('291210',2267,-1.4),('121060',2268,5.9),('281740',2270,0.2),('262830',2271,-1.4),('217320',2272,0),('264850',2274,0),('297570',2275,-1.3),('158300',2276,-2.8),('306620',2277,0.9),('200350',2279,1),('222160',2280,-5.3),('270520',2281,-0.2),('279060',2282,-6.5),('307160',2283,-0.5),('309930',2284,-0.2),('307870',2285,-0.9),('192410',2286,0),('240340',2288,0),('281410',2289,0),('313750',2290,-0.7),('299170',2291,-0.7),('267320',2292,0),('322780',2294,0),('323230',2296,-2.2),('162120',2297,0),('265920',2298,0),('225850',2299,-0.4),('307180',2300,-0.2),('317240',2301,-0.2),('270660',2302,-15),('261200',2303,-0.7),('299670',2304,0),('245450',2305,-2.8),('140290',2306,0),('148780',2307,-1.8),('287410',2309,-0.9),('271740',2313,-0.2),('238500',2315,-0.8),('270020',2316,0),('114920',2318,14.2),('276920',2319,-0.2),('208850',2320,0),('257730',2322,0.6),('307280',2323,0),('311270',2327,1.6),('267810',2331,-0.3),('212310',2332,13.5),('321260',2333,-3.3),('189540',2334,-5),('323280',2335,-2.2),('232330',2336,0),('279410',2337,0.5),('310840',2339,-0.7),('310200',2340,0),('310870',2342,-0.2),('225860',2343,-15),('258790',2344,0.4),('107640',2345,-13.6),('264290',2346,-2.3),('103660',2348,-5.8),('101360',2349,14.7),('215050',2351,3.9),('116100',2352,-8),('183350',2354,0),('270210',2356,-12),('26490K',2357,1.8),('215570',2359,14.5),('140660',2363,6.1),('179720',2364,-0.2),('224020',2365,13.9),('252370',2367,0),('220110',2368,0),('276240',2369,11.8),('189350',2373,-0.4),('271780',2377,0),('217910',2378,1.9),('221670',2379,43),('271850',2387,9),('00781K',2394,-4),('149940',2395,0),('223220',2399,0),('208890',2400,0.7),('227420',2402,-0.3),('247300',2403,-2.8),('135270',2404,-14.8);
/*!40000 ALTER TABLE `tb_summary_20190715_00099` ENABLE KEYS */;
UNLOCK TABLES;
/*!40103 SET TIME_ZONE=@OLD_TIME_ZONE */;

/*!40101 SET SQL_MODE=@OLD_SQL_MODE */;
/*!40014 SET FOREIGN_KEY_CHECKS=@OLD_FOREIGN_KEY_CHECKS */;
/*!40014 SET UNIQUE_CHECKS=@OLD_UNIQUE_CHECKS */;
/*!40101 SET CHARACTER_SET_CLIENT=@OLD_CHARACTER_SET_CLIENT */;
/*!40101 SET CHARACTER_SET_RESULTS=@OLD_CHARACTER_SET_RESULTS */;
/*!40101 SET COLLATION_CONNECTION=@OLD_COLLATION_CONNECTION */;
/*!40111 SET SQL_NOTES=@OLD_SQL_NOTES */;

-- Dump completed on 2019-07-19  5:54:50
