-- MySQL dump 10.13  Distrib 5.7.26, for Linux (x86_64)
--
-- Host: localhost    Database: kisemble
-- ------------------------------------------------------
-- Server version	5.7.26-0ubuntu0.16.04.1

/*!40101 SET @OLD_CHARACTER_SET_CLIENT=@@CHARACTER_SET_CLIENT */;
/*!40101 SET @OLD_CHARACTER_SET_RESULTS=@@CHARACTER_SET_RESULTS */;
/*!40101 SET @OLD_COLLATION_CONNECTION=@@COLLATION_CONNECTION */;
/*!40101 SET NAMES utf8 */;
/*!40103 SET @OLD_TIME_ZONE=@@TIME_ZONE */;
/*!40103 SET TIME_ZONE='+00:00' */;
/*!40014 SET @OLD_UNIQUE_CHECKS=@@UNIQUE_CHECKS, UNIQUE_CHECKS=0 */;
/*!40014 SET @OLD_FOREIGN_KEY_CHECKS=@@FOREIGN_KEY_CHECKS, FOREIGN_KEY_CHECKS=0 */;
/*!40101 SET @OLD_SQL_MODE=@@SQL_MODE, SQL_MODE='NO_AUTO_VALUE_ON_ZERO' */;
/*!40111 SET @OLD_SQL_NOTES=@@SQL_NOTES, SQL_NOTES=0 */;

--
-- Table structure for table `tb_category_list`
--

DROP TABLE IF EXISTS `tb_category_list`;
/*!40101 SET @saved_cs_client     = @@character_set_client */;
/*!40101 SET character_set_client = utf8 */;
CREATE TABLE `tb_category_list` (
  `category_code` char(6) NOT NULL,
  `category_name` varchar(100) DEFAULT NULL,
  PRIMARY KEY (`category_code`)
) ENGINE=InnoDB DEFAULT CHARSET=utf8;
/*!40101 SET character_set_client = @saved_cs_client */;

--
-- Dumping data for table `tb_category_list`
--

LOCK TABLES `tb_category_list` WRITE;
/*!40000 ALTER TABLE `tb_category_list` DISABLE KEYS */;
INSERT INTO `tb_category_list` VALUES ('1','IT서비스'),('10','게임엔터테인먼트'),('11','광고'),('12','교육서비스'),('13','기계'),('14','기타'),('15','기타금융'),('16','다각화된통신서비스'),('17','담배'),('18','도로와철도운송'),('19','독립전력생산및에너지거래'),('2','가구'),('20','디스플레이장비및부품'),('21','디스플레이패널'),('22','레저용장비와제품'),('23','무선통신서비스'),('24','무역회사와판매업체'),('25','문구류'),('26','반도체와반도체장비'),('27','방송과엔터테인먼트'),('28','백화점과일반상점'),('29','복합기업'),('3','가스유틸리티'),('30','복합유틸리티'),('31','부동산'),('32','비철금속'),('33','사무용전자제품'),('34','상업서비스와공급품'),('35','생명과학도구및서비스'),('36','생명보험'),('37','생물공학'),('38','석유와가스'),('39','섬유/의류/신발/호화품'),('4','가정용기기와용품'),('40','소프트웨어'),('41','손해보험'),('42','식품'),('43','식품과기본식료품소매'),('44','양방향미디어와서비스'),('45','에너지장비및서비스'),('46','우주항공과국방'),('47','운송인프라'),('48','은행'),('49','음료'),('5','건강관리업체및서비스'),('50','인터넷과카탈로그소매'),('51','자동차'),('52','자동차부품'),('53','전기유틸리티'),('54','전기장비'),('55','전기제품'),('56','전문소매'),('57','전자장비와기기'),('58','전자제품'),('59','제약'),('6','건강관리장비와용품'),('60','조선'),('61','종이와목재'),('62','증권'),('63','철강'),('64','출판'),('65','카드'),('66','컴퓨터와주변기기'),('67','통신장비'),('68','포장재'),('69','항공사'),('7','건설'),('70','항공화물운송과물류'),('71','해운사'),('72','핸드셋'),('73','호텔/레스토랑/레저'),('74','화장품'),('75','화학'),('8','건축자재'),('9','건축제품');
/*!40000 ALTER TABLE `tb_category_list` ENABLE KEYS */;
UNLOCK TABLES;

--
-- Table structure for table `tb_fr_category_20190715`
--

DROP TABLE IF EXISTS `tb_fr_category_20190715`;
/*!40101 SET @saved_cs_client     = @@character_set_client */;
/*!40101 SET character_set_client = utf8 */;
CREATE TABLE `tb_fr_category_20190715` (
  `category_code` char(6) DEFAULT NULL,
  `category_falling_rate` float DEFAULT '0',
  KEY `category_code` (`category_code`),
  CONSTRAINT `tb_fr_category_20190715_ibfk_1` FOREIGN KEY (`category_code`) REFERENCES `tb_category_list` (`category_code`) ON DELETE CASCADE ON UPDATE CASCADE
) ENGINE=InnoDB DEFAULT CHARSET=utf8;
/*!40101 SET character_set_client = @saved_cs_client */;

--
-- Dumping data for table `tb_fr_category_20190715`
--

LOCK TABLES `tb_fr_category_20190715` WRITE;
/*!40000 ALTER TABLE `tb_fr_category_20190715` DISABLE KEYS */;
INSERT INTO `tb_fr_category_20190715` VALUES ('71',1.82),('25',1.71),('4',1),('58',0.88),('65',0.83),('37',0.52),('51',0.48),('11',0.42),('45',0.36),('9',0.21),('70',0.18),('18',0.16),('23',0.1),('75',0.1),('35',0.08),('17',0),('52',0),('49',-0.04),('55',-0.18),('48',-0.21),('22',-0.21),('62',-0.23),('1',-0.29),('16',-0.35),('53',-0.52),('41',-0.53),('31',-0.58),('69',-0.59),('32',-0.61),('29',-0.62),('46',-0.64),('14',-0.65),('36',-0.66),('63',-0.72),('43',-0.81),('20',-0.82),('38',-0.86),('30',-0.87),('6',-0.9),('66',-0.9),('61',-0.97),('34',-0.98),('67',-1.01),('28',-1.02),('47',-1.02),('60',-1.03),('44',-1.2),('50',-1.22),('27',-1.25),('12',-1.26),('21',-1.26),('57',-1.28),('68',-1.34),('13',-1.35),('72',-1.36),('26',-1.38),('8',-1.46),('10',-1.46),('42',-1.47),('56',-1.5),('59',-1.52),('24',-1.6),('3',-1.65),('15',-1.72),('54',-1.77),('40',-1.78),('7',-1.95),('5',-1.98),('2',-2.19),('33',-2.53),('74',-3.05),('19',-3.09),('64',-5.44);
/*!40000 ALTER TABLE `tb_fr_category_20190715` ENABLE KEYS */;
UNLOCK TABLES;

--
-- Table structure for table `tb_stock_list`
--

DROP TABLE IF EXISTS `tb_stock_list`;
/*!40101 SET @saved_cs_client     = @@character_set_client */;
/*!40101 SET character_set_client = utf8 */;
CREATE TABLE `tb_stock_list` (
  `stock_code` char(6) NOT NULL,
  `stock_name` varchar(30) DEFAULT NULL,
  PRIMARY KEY (`stock_code`)
) ENGINE=InnoDB DEFAULT CHARSET=utf8;
/*!40101 SET character_set_client = @saved_cs_client */;

--
-- Dumping data for table `tb_stock_list`
--

LOCK TABLES `tb_stock_list` WRITE;
/*!40000 ALTER TABLE `tb_stock_list` DISABLE KEYS */;
INSERT INTO `tb_stock_list` VALUES ('000020','동화약품'),('000040','KR모터스'),('000050','경방'),('000060','메리츠화재'),('000070','삼양홀딩스'),('000075','삼양홀딩스우'),('000080','하이트진로'),('000087','하이트진로2우B'),('000100','유한양행'),('000105','유한양행우'),('000120','CJ대한통운'),('000140','하이트진로홀딩스'),('000145','하이트진로홀딩스우'),('000150','두산'),('000155','두산우'),('000157','두산2우B'),('000180','성창기업지주'),('000210','대림산업'),('000215','대림산업우'),('000220','유유제약'),('000225','유유제약1우'),('000227','유유제약2우B'),('000230','일동홀딩스'),('000240','한국테크놀로지그룹'),('000250','삼천당제약'),('000270','기아차'),('000300','대유플러스'),('000320','노루홀딩스'),('000325','노루홀딩스우'),('000370','한화손해보험'),('000390','삼화페인트'),('000400','롯데손해보험'),('000430','대원강업'),('000440','중앙에너비스'),('000480','조선내화'),('000490','대동공업'),('000500','가온전선'),('000520','삼일제약'),('000540','흥국화재'),('000545','흥국화재우'),('000547','흥국화재2우B'),('000590','CS홀딩스'),('000640','동아쏘시오홀딩스'),('000650','천일고속'),('000660','SK하이닉스'),('000670','영풍'),('000680','LS네트웍스'),('000700','유수홀딩스'),('000720','현대건설'),('000725','현대건설우'),('000760','이화산업'),('000810','삼성화재'),('000815','삼성화재우'),('000850','화천기공'),('000860','강남제비스코'),('000880','한화'),('000885','한화우'),('00088K','한화3우B'),('000890','보해양조'),('000910','유니온'),('000950','전방'),('000970','한국주철관'),('000990','DB하이텍'),('000995','DB하이텍1우'),('001000','신라섬유'),('001020','페이퍼코리아'),('001040','CJ'),('001045','CJ우'),('001060','JW중외제약'),('001065','JW중외제약우'),('001067','JW중외제약2우B'),('001070','대한방직'),('001080','만호제강'),('001120','LG상사'),('001130','대한제분'),('001140','국보'),('001200','유진투자증권'),('001210','금호전기'),('001230','동국제강'),('001250','GS글로벌'),('001260','남광토건'),('001270','부국증권'),('001275','부국증권우'),('001290','상상인증권'),('001340','백광산업'),('001360','삼성제약'),('001380','SG충방'),('001390','KG케미칼'),('001420','태원물산'),('001430','세아베스틸'),('001440','대한전선'),('001450','현대해상'),('001460','BYC'),('001465','BYC우'),('001470','삼부토건'),('001500','현대차증권'),('001510','SK증권'),('001515','SK증권우'),('001520','동양'),('001525','동양우'),('001527','동양2우B'),('001529','동양3우B'),('001530','DI동일'),('001540','안국약품'),('001550','조비'),('001560','제일연마'),('001570','금양'),('001620','케이비아이동국실업'),('001630','종근당홀딩스'),('001680','대상'),('001685','대상우'),('001720','신영증권'),('001725','신영증권우'),('001740','SK네트웍스'),('001745','SK네트웍스우'),('001750','한양증권'),('001755','한양증권우'),('001770','신화실업'),('001780','알루코'),('001790','대한제당'),('001795','대한제당우'),('001799','대한제당3우B'),('001800','오리온홀딩스'),('001810','무림SP'),('001820','삼화콘덴서'),('001840','이화공영'),('001880','삼호'),('001940','KISCO홀딩스'),('002020','코오롱'),('002025','코오롱우'),('002030','아세아'),('002070','남영비비안'),('002100','경농'),('002140','고려산업'),('002150','도화엔지니어링'),('002170','삼양통상'),('002200','수출포장'),('002210','동성제약'),('002220','한일철강'),('002230','피에스텍'),('002240','고려제강'),('002270','롯데푸드'),('002290','삼일기업공사'),('002300','한국제지'),('002310','아세아제지'),('002320','한진'),('002350','넥센타이어'),('002355','넥센타이어1우B'),('002360','SH에너지화학'),('002380','KCC'),('002390','한독'),('002410','범양건영'),('002420','세기상사'),('002450','삼익악기'),('002460','화성산업'),('002600','조흥'),('002620','제일파마홀딩스'),('002630','오리엔트바이오'),('002680','한탑'),('002690','동일제강'),('002700','신일산업'),('002710','TCC스틸'),('002720','국제약품'),('002760','보락'),('002780','진흥기업'),('002785','진흥기업우B'),('002787','진흥기업2우B'),('002790','아모레G'),('002795','아모레G우'),('002800','신신제약'),('002810','삼영무역'),('002820','선창산업'),('002840','미원상사'),('002870','신풍제지'),('002880','대유에이텍'),('002900','동양물산'),('002920','유성기업'),('002960','한국쉘석유'),('002990','금호산업'),('002995','금호산업우'),('003000','부광약품'),('003010','혜인'),('003030','세아제강지주'),('003060','에이프로젠제약'),('003070','코오롱글로벌'),('003075','코오롱글로벌우'),('003080','성보화학'),('003090','대웅'),('003100','선광'),('003120','일성신약'),('003160','디아이'),('003200','일신방직'),('003220','대원제약'),('003230','삼양식품'),('003240','태광산업'),('003280','흥아해운'),('003300','한일홀딩스'),('003310','대주산업'),('003350','한국화장품제조'),('003380','하림지주'),('003410','쌍용양회'),('003415','쌍용양회우'),('003460','유화증권'),('003465','유화증권우'),('003470','유안타증권'),('003475','유안타증권우'),('003480','한진중공업홀딩스'),('003490','대한항공'),('003495','대한항공우'),('003520','영진약품'),('003530','한화투자증권'),('003535','한화투자증권우'),('003540','대신증권'),('003545','대신증권우'),('003547','대신증권2우B'),('003550','LG'),('003555','LG우'),('003560','IHQ'),('003570','S&T중공업'),('003580','넥스트사이언스'),('003610','방림'),('003620','쌍용차'),('003650','미창석유'),('003670','포스코케미칼'),('003680','한성기업'),('003690','코리안리'),('003720','삼영화학'),('003780','진양산업'),('003800','에이스침대'),('003830','대한화섬'),('003850','보령제약'),('003920','남양유업'),('003925','남양유업우'),('003960','사조대림'),('004000','롯데정밀화학'),('004020','현대제철'),('004060','SG세계물산'),('004080','신흥'),('004090','한국석유'),('004100','태양금속'),('004105','태양금속우'),('004140','동방'),('004150','한솔홀딩스'),('004170','신세계'),('004200','고려개발'),('004250','NPC'),('004255','NPC우'),('004270','남성'),('004310','현대약품'),('004360','세방'),('004365','세방우'),('004370','농심'),('004380','삼익THK'),('004410','서울식품'),('004415','서울식품우'),('004430','송원산업'),('004440','대림씨엔에스'),('004450','삼화왕관'),('004490','세방전지'),('004540','깨끗한나라'),('004545','깨끗한나라우'),('004560','현대비앤지스틸'),('004565','현대비앤지스틸우'),('004590','한국가구'),('004650','창해에탄올'),('004690','삼천리'),('004700','조광피혁'),('004710','한솔테크닉스'),('004720','우리들제약'),('004770','써니전자'),('004780','대륙제관'),('004800','효성'),('004830','덕성'),('004835','덕성우'),('004840','DRB동일'),('004870','티웨이홀딩스'),('004890','동일산업'),('004910','조광페인트'),('004920','씨아이테크'),('004960','한신공영'),('004970','신라교역'),('004980','성신양회'),('004985','성신양회우'),('004990','롯데지주'),('00499K','롯데지주우'),('005010','휴스틸'),('005030','부산주공'),('005070','코스모신소재'),('005090','삼광글라스'),('005110','한창'),('005160','동국산업'),('005180','빙그레'),('005190','동성화학'),('005250','녹십자홀딩스'),('005257','녹십자홀딩스2우'),('005290','동진쎄미켐'),('005300','롯데칠성'),('005305','롯데칠성우'),('005320','국동'),('005360','모나미'),('005380','현대차'),('005385','현대차우'),('005387','현대차2우B'),('005389','현대차3우B'),('005390','신성통상'),('005420','코스모화학'),('005430','한국공항'),('005440','현대그린푸드'),('005450','신한'),('005490','POSCO'),('005500','삼진제약'),('005610','SPC삼립'),('005670','푸드웰'),('005680','삼영전자'),('005690','파미셀'),('005710','대원산업'),('005720','넥센'),('005725','넥센우'),('005740','크라운해태홀딩스'),('005745','크라운해태홀딩스우'),('005750','대림B&Co'),('005800','신영와코루'),('005810','풍산홀딩스'),('005820','원림'),('005830','DB손해보험'),('005850','에스엘'),('005860','한일사료'),('005870','휴니드'),('005880','대한해운'),('005935','삼성전자우'),('005940','NH투자증권'),('005945','NH투자증권우'),('005950','이수화학'),('005960','동부건설'),('005965','동부건설우'),('005990','매일홀딩스'),('006040','동원산업'),('006050','국영지앤엠'),('006060','화승인더'),('006090','사조오양'),('006110','삼아알미늄'),('006120','SK디스커버리'),('006125','SK디스커버리우'),('006140','피제이전자'),('006200','한국전자홀딩스'),('006220','제주은행'),('006260','LS'),('006280','녹십자'),('006340','대원전선'),('006345','대원전선우'),('006360','GS건설'),('006370','대구백화점'),('006380','카프로'),('006390','한일현대시멘트'),('006400','삼성SDI'),('006405','삼성SDI우'),('006490','인스코비'),('006570','대림통상'),('006580','대양제지'),('006620','동구바이오제약'),('006650','대한유화'),('006660','삼성공조'),('006730','서부T&D'),('006740','영풍제지'),('006800','미래에셋대우'),('006805','미래에셋대우우'),('00680K','미래에셋대우2우B'),('006840','AK홀딩스'),('006880','신송홀딩스'),('006890','태경화학'),('006910','보성파워텍'),('006920','모헨즈'),('006980','우성사료'),('007070','GS리테일'),('007110','일신석재'),('007120','미래아이앤지'),('007160','사조산업'),('007210','벽산'),('007280','한국특수형강'),('007310','오뚜기'),('007330','푸른저축은행'),('007340','디티알오토모티브'),('007370','진양제약'),('007390','네이처셀'),('007460','에이프로젠 KIC'),('007530','영신금속'),('007540','샘표'),('007570','일양약품'),('007575','일양약품우'),('007590','동방아그로'),('007610','선도전기'),('007630','폴루스바이오팜'),('007660','이수페타시스'),('007680','대원'),('007690','국도화학'),('007700','F&F'),('007720','대명코퍼레이션'),('007770','한일화학'),('007810','코리아써키트'),('007815','코리아써우'),('00781K','코리아써키트2우B'),('007820','에스엠코어'),('007860','서연'),('007980','태평양물산'),('008040','사조동아원'),('008060','대덕전자'),('00806K','대덕전자1우'),('008110','대동전자'),('008250','이건산업'),('008260','NI스틸'),('008290','원풍물산'),('008350','남선알미늄'),('008355','남선알미우'),('008370','원풍'),('008420','문배철강'),('008470','부스타'),('008490','서흥'),('008500','일정실업'),('008560','메리츠종금증권'),('008600','윌비스'),('008700','아남전자'),('008730','율촌화학'),('008770','호텔신라'),('008775','호텔신라우'),('008800','스튜디오썸머'),('008830','대동기어'),('008870','금비'),('008930','한미사이언스'),('008970','동양철관'),('009070','KCTC'),('009140','경인전자'),('009150','삼성전기'),('009155','삼성전기우'),('009160','SIMPAC'),('009180','한솔로지스틱스'),('009190','대양금속'),('009200','무림페이퍼'),('009240','한샘'),('009270','신원'),('009275','신원우'),('009290','광동제약'),('009300','삼아제약'),('009310','참엔지니어링'),('009320','대우부품'),('009410','태영건설'),('009415','태영건설우'),('009420','한올바이오파마'),('009440','KC그린홀딩스'),('009450','경동나비엔'),('009460','한창제지'),('009470','삼화전기'),('009520','포스코엠텍'),('009540','한국조선해양'),('009580','무림P&P'),('009620','삼보산업'),('009680','모토닉'),('009730','코센'),('009770','삼정펄프'),('009780','엠에스씨'),('009810','엔케이물산'),('009830','한화케미칼'),('009835','한화케미칼우'),('009970','영원무역홀딩스'),('010040','한국내화'),('010050','우리종금'),('010060','OCI'),('010100','한국프랜지'),('010120','LS산전'),('010130','고려아연'),('010140','삼성중공업'),('010145','삼성중공우'),('010170','대한광통신'),('010240','흥국'),('010280','쌍용정보통신'),('010400','우진아이엔에스'),('010420','한솔PNS'),('010470','오리콤'),('010580','지코'),('010600','웰바이오텍'),('010620','현대미포조선'),('010640','진양폴리'),('010660','화천기계'),('010690','화신'),('010770','평화홀딩스'),('010780','아이에스동서'),('010820','퍼스텍'),('010950','S-Oil'),('010955','S-Oil우'),('010960','삼호개발'),('011000','진원생명과학'),('011040','경동제약'),('011070','LG이노텍'),('011080','형지I&C'),('011090','에넥스'),('011150','CJ씨푸드'),('011155','CJ씨푸드1우'),('011160','두산건설'),('011170','롯데케미칼'),('011200','현대상선'),('011210','현대위아'),('011230','삼화전자'),('011280','태림포장'),('011300','성안'),('011320','유니크'),('011330','유니켐'),('011370','서한'),('011390','부산산업'),('011420','갤럭시아에스엠'),('011500','한농화성'),('011560','세보엠이씨'),('011690','유양디앤유'),('011700','한신기계'),('011760','현대상사'),('011780','금호석유'),('011785','금호석유우'),('011790','SKC'),('011810','STX'),('011930','신성이엔지'),('012030','DB'),('012160','영흥철강'),('012170','키위미디어그룹'),('012200','계양전기'),('012205','계양전기우'),('012280','영화금속'),('012320','경동인베스트'),('012330','현대모비스'),('012340','뉴인텍'),('012450','한화에어로스페이스'),('012510','더존비즈온'),('012600','청호컴넷'),('012610','경인양행'),('012620','원일특강'),('012630','HDC'),('012690','모나리자'),('012700','리드코프'),('012750','에스원'),('012790','신일제약'),('012800','대창'),('012860','서연전자'),('013000','세우글로벌'),('013030','하이록코리아'),('013120','동원개발'),('013310','아진산업'),('013360','일성건설'),('013520','화승알앤에이'),('013570','디와이'),('013580','계룡건설'),('013700','까뮤이앤씨'),('013720','청보산업'),('013810','스페코'),('013870','지엠비코리아'),('013990','아가방컴퍼니'),('014100','보령메디앙스'),('014130','한익스프레스'),('014160','대영포장'),('014190','원익큐브'),('014200','광림'),('014280','금강공업'),('014285','금강공업우'),('014440','영보화학'),('014470','부방'),('014530','극동유화'),('014570','고려제약'),('014580','백광소재'),('014620','성광벤드'),('014680','한솔케미칼'),('014710','사조씨푸드'),('014790','한라'),('014820','동원시스템즈'),('014825','동원시스템즈우'),('014830','유니드'),('014910','성문전자'),('014915','성문전자우'),('014940','오리엔탈정공'),('014970','삼륭물산'),('014990','인디에프'),('015020','이스타코'),('015230','대창단조'),('015260','에이엔피'),('015350','부산가스'),('015360','예스코홀딩스'),('015540','메디파트너생명공학'),('015590','큐로'),('015710','코콤'),('015750','성우하이텍'),('015760','한국전력'),('015860','일진홀딩스'),('015890','태경산업'),('016090','대현'),('016100','리더스코스메틱'),('016250','이테크건설'),('016360','삼성증권'),('016380','동부제철'),('016385','동부제철우'),('016450','한세예스24홀딩스'),('016580','환인제약'),('016590','신대양제지'),('016600','큐캐피탈'),('016610','DB금융투자'),('016670','포비스티앤씨'),('016710','대성홀딩스'),('016740','두올'),('016790','현대사료'),('016800','퍼시스'),('016880','웅진'),('016920','카스'),('017000','신원종합개발'),('017040','광명전기'),('017180','명문제약'),('017250','인터엠'),('017370','우신시스템'),('017390','서울가스'),('017480','삼현철강'),('017510','세명전기'),('017550','수산중공업'),('017650','대림제지'),('017670','SK텔레콤'),('017680','데코앤이'),('017800','현대엘리베이'),('017810','풀무원'),('017890','한국알콜'),('017900','광전자'),('017940','E1'),('017960','한국카본'),('018000','유니슨'),('018120','진로발효'),('018250','애경산업'),('018260','삼성에스디에스'),('018290','지엠피'),('018310','삼목에스폼'),('018470','조일알미늄'),('018500','동원금속'),('018620','우진비앤지'),('018670','SK가스'),('018680','서울제약'),('018700','바른손'),('018880','한온시스템'),('019010','베뉴지'),('019170','신풍제약'),('019175','신풍제약우'),('019180','티에이치엔'),('019210','와이지-원'),('019440','세아특수강'),('019490','하이트론'),('019540','일지테크'),('019550','SBI인베스트먼트'),('019570','제미니투자'),('019590','엠벤처투자'),('019660','글로본'),('019680','대교'),('019685','대교우B'),('019770','서연탑메탈'),('019990','에너토크'),('020000','한섬'),('020120','키다리스튜디오'),('020150','일진머티리얼즈'),('020180','대신정보통신'),('020400','대동금속'),('020560','아시아나항공'),('020710','시공테크'),('020760','일진디스플'),('021040','대호피앤씨'),('021045','대호피앤씨우'),('021050','서원'),('021080','에이티넘인베스트'),('021240','웅진코웨이'),('021320','KCC건설'),('021650','한국큐빅'),('021820','세원정공'),('021880','메이슨캐피탈'),('022100','포스코 ICT'),('022220','정산애강'),('023000','삼원강재'),('023150','MH에탄올'),('023160','태광'),('023350','한국종합기술'),('023410','유진기업'),('023440','제일제강'),('023450','동남합성'),('023460','CNH'),('023530','롯데쇼핑'),('023590','다우기술'),('023600','삼보판지'),('023760','한국캐피탈'),('023770','플레이위드'),('023790','동일철강'),('023800','인지컨트롤스'),('023810','인팩'),('023890','한국아트라스비엑스'),('023900','풍국주정'),('023910','대한약품'),('023960','에쓰씨엔지니어링'),('024060','흥구석유'),('024070','WISCOM'),('024090','디씨엠'),('024110','기업은행'),('024120','KB오토시스'),('024720','한국콜마홀딩스'),('024740','한일단조'),('024800','유성티엔에스'),('024810','이화전기'),('024830','세원물산'),('024840','KBI메탈'),('024850','피에스엠씨'),('024880','케이피에프'),('024890','대원화성'),('024900','덕양산업'),('024910','경창산업'),('024940','PN풍년'),('024950','삼천리자전거'),('025000','KPX케미칼'),('025320','시노펙스'),('025440','대성엘텍'),('025530','SJM홀딩스'),('025540','한국단자'),('025550','한국선재'),('025560','미래산업'),('025620','제이준코스메틱'),('025750','한솔홈데코'),('025770','한국정보통신'),('025820','이구산업'),('025860','남해화학'),('025870','신라에스지'),('025880','케이씨피드'),('025890','한국주강'),('025900','동화기업'),('025950','동신건설'),('025980','아난티'),('026040','제이에스티나'),('026150','특수건설'),('026180','현대정보기술'),('026890','디피씨'),('026910','광진실업'),('026940','부국철강'),('026960','동서'),('027040','서울전자통신'),('027050','코리아나'),('027360','아주IB투자'),('027390','한화갤러리아타임월드'),('027410','BGF'),('027580','상보'),('027710','팜스토리'),('027740','마니커'),('027830','대성창투'),('027970','세하'),('028040','미래SCI'),('028050','삼성엔지니어링'),('028080','휴맥스홀딩스'),('028100','동아지질'),('028150','GS홈쇼핑'),('028260','삼성물산'),('02826K','삼성물산우B'),('028300','에이치엘비'),('028670','팬오션'),('029460','케이씨'),('029480','바른테크놀로지'),('029530','신도리코'),('029780','삼성카드'),('029960','코엔텍'),('030000','제일기획'),('030190','NICE평가정보'),('030200','KT'),('030210','KTB투자증권'),('030270','에스마크'),('030350','드래곤플라이'),('030520','한글과컴퓨터'),('030530','원익홀딩스'),('030610','교보증권'),('030720','동원수산'),('030790','동양네트웍스'),('030960','양지사'),('031310','아이즈비전'),('031330','에스에이엠티'),('031390','녹십자셀'),('031430','신세계인터내셔날'),('031440','신세계푸드'),('031510','오스템'),('031820','콤텍시스템'),('031860','엔에스엔'),('031980','피에스케이홀딩스'),('032080','아즈텍WB'),('032190','다우데이타'),('032280','삼일'),('032350','롯데관광개발'),('032500','케이엠더블유'),('032540','TJ미디어'),('032560','황금에스티'),('032580','피델릭스'),('032620','유비케어'),('032640','LG유플러스'),('032680','소프트센'),('032685','소프트센우'),('032750','삼진'),('032790','엠젠플러스'),('032800','판타지오'),('032820','우리기술'),('032830','삼성생명'),('032850','비트컴퓨터'),('032860','GMR 머티리얼즈'),('032940','원익'),('032960','동일기연'),('032980','바이온'),('033050','제이엠아이'),('033100','제룡전기'),('033110','코너스톤네트웍스'),('033130','디지틀조선'),('033160','엠케이전자'),('033170','시그네틱스'),('033180','필룩스'),('033200','모아텍'),('033230','인성정보'),('033240','자화전자'),('033250','체시스'),('033270','유나이티드제약'),('033290','코웰패션'),('033310','디케이디앤아이'),('033320','제이씨현시스템'),('033340','좋은사람들'),('033430','디에스티'),('033500','동성화인텍'),('033530','세종공업'),('033540','파라텍'),('033560','블루콤'),('033600','럭슬'),('033640','네패스'),('033660','아주캐피탈'),('033780','KT&G'),('033790','스카이문스테크놀로지'),('033830','티비씨'),('033920','무학'),('034020','두산중공업'),('034120','SBS'),('034220','LG디스플레이'),('034230','파라다이스'),('034300','신세계건설'),('034310','NICE'),('034590','인천도시가스'),('034730','SK'),('03473K','SK우'),('034810','해성산업'),('034830','한국토지신탁'),('034940','조아제약'),('034950','한국기업평가'),('035000','지투알'),('035080','인터파크홀딩스'),('035150','백산'),('035200','프럼파스트'),('035250','강원랜드'),('035290','더블유에프엠'),('035420','NAVER'),('035460','기산텔레콤'),('035480','제이테크놀로지'),('035510','신세계 I&C'),('035600','KG이니시스'),('035610','솔본'),('035620','바른손이앤에이'),('035720','카카오'),('035760','CJ ENM'),('035810','이지바이오'),('035890','서희건설'),('035900','JYP Ent.'),('036000','예림당'),('036010','아비코전자'),('036030','KTH'),('036090','위지트'),('036120','SCI평가정보'),('036170','씨티젠'),('036180','영인프런티어'),('036190','금화피에스시'),('036200','유니셈'),('036260','이매진아시아'),('036420','제이콘텐트리'),('036460','한국가스공사'),('036480','대성미생물'),('036490','SK머티리얼즈'),('036530','S&T홀딩스'),('036540','SFA반도체'),('036560','영풍정밀'),('036570','엔씨소프트'),('036580','팜스코'),('036620','버추얼텍'),('036630','세종텔레콤'),('036640','HRS'),('036670','KCI'),('036690','코맥스'),('036710','심텍홀딩스'),('036800','나이스정보통신'),('036810','에프에스티'),('036830','솔브레인'),('036890','진성티이씨'),('036930','주성엔지니어링'),('037030','파워넷'),('037070','파세코'),('037230','한국팩키지'),('037270','YG PLUS'),('037330','인지디스플레'),('037350','성도이엔지'),('037370','EG'),('037400','우리조명'),('037440','희림'),('037460','삼지전자'),('037560','CJ헬로'),('037710','광주신세계'),('037760','쎄니트'),('037950','엘컴텍'),('038010','제일테크노스'),('038060','루멘스'),('038070','서린바이오'),('038110','에코플라스틱'),('038160','팍스넷'),('038290','마크로젠'),('038340','UCI'),('038390','레드캡투어'),('038460','바이오스마트'),('038500','삼표시멘트'),('038530','골드퍼시픽'),('038540','상상인'),('038620','위즈코프'),('038680','에스넷'),('038870','에코바이오'),('038880','아이에이'),('038950','파인디지털'),('039010','현대통신'),('039020','이건홀딩스'),('039030','이오테크닉스'),('039130','하나투어'),('039200','오스코텍'),('039230','에이아이비트'),('039240','경남스틸'),('039290','인포뱅크'),('039310','세중'),('039340','한국경제TV'),('039420','케이엘넷'),('039440','에스티아이'),('039490','키움증권'),('039560','다산네트웍스'),('039570','HDC아이콘트롤스'),('039610','화성밸브'),('039670','한류타임즈'),('039740','한국정보공학'),('039830','오로라'),('039840','디오'),('039860','나노엔텍'),('039980','리노스'),('040160','누리텔레콤'),('040300','YTN'),('040350','큐로컴'),('040420','정상제이엘에스'),('040610','SG&G'),('040910','아이씨디'),('041020','인프라웨어'),('041140','넥슨지티'),('041190','우리기술투자'),('041440','에버다임'),('041460','한국전자인증'),('041510','에스엠'),('041520','이라이콤'),('041590','에너전트'),('041650','상신브레이크'),('041830','인바디'),('041910','에스텍파마'),('041920','메디아나'),('041930','동아화성'),('041960','코미팜'),('042000','카페24'),('042040','케이피엠테크'),('042110','에스씨디'),('042370','비츠로테크'),('042420','네오위즈홀딩스'),('042500','링네트'),('042510','라온시큐어'),('042520','한스바이오메드'),('042600','새로닉스'),('042660','대우조선해양'),('042670','두산인프라코어'),('042700','한미반도체'),('042940','상지카일룸'),('043090','팜스웰바이오'),('043100','솔고바이오'),('043150','바텍'),('043200','파루'),('043220','에이치엘비파워'),('043260','성호전자'),('043290','케이맥'),('043340','에쎈테크'),('043360','디지아이'),('043370','평화정공'),('043590','크로바하이텍'),('043610','지니뮤직'),('043650','국순당'),('043710','서울리거'),('043910','자연과환경'),('044060','조광ILI'),('044180','KD건설'),('044340','위닉스'),('044380','주연테크'),('044450','KSS해운'),('044480','바이오제네틱스'),('044490','태웅'),('044780','에이치케이'),('044820','코스맥스비티아이'),('044960','이글벳'),('044990','에이치엔에스하이텍'),('045060','오공'),('045100','한양이엔지'),('045300','성우테크론'),('045340','토탈소프트'),('045390','대아티아이'),('045510','정원엔시스'),('045520','크린앤사이언스'),('045660','에이텍'),('045890','GV'),('045970','코아시아'),('046070','코다코'),('046110','한일네트웍스'),('046120','오르비텍'),('046140','SBS콘텐츠허브'),('046210','파나진'),('046310','백금T&A'),('046390','삼화네트웍스'),('046440','KG모빌리언스'),('046890','서울반도체'),('046940','우원개발'),('046970','우리로'),('047040','대우건설'),('047050','포스코인터내셔널'),('047080','한빛소프트'),('047310','파워로직스'),('047400','유니온머티리얼'),('047560','이스트소프트'),('047770','코데즈컴바인'),('047810','한국항공우주'),('047820','초록뱀'),('047920','씨트리'),('048260','오스템임플란트'),('048410','현대바이오'),('048430','유라테크'),('048470','대동스틸'),('048530','인트론바이오'),('048550','SM C&C'),('048770','TPC'),('048830','엔피케이'),('048870','시너지이노베이션'),('048910','대원미디어'),('049070','인탑스'),('049080','기가레인'),('049120','파인디앤씨'),('049180','셀루메드'),('049430','코메론'),('049470','SGA'),('049480','오픈베이스'),('049520','유아이엘'),('049550','잉크테크'),('049630','재영솔루텍'),('049720','고려신용정보'),('049770','동원F&B'),('049800','우진플라임'),('049830','승일'),('049950','미래컴퍼니'),('049960','쎌바이오텍'),('050090','휘닉스소재'),('050110','캠시스'),('050120','라이브플렉스'),('050320','에이앤티앤'),('050540','한국코퍼레이션'),('050760','에스폴리텍'),('050860','아세아텍'),('050890','쏠리드'),('050960','수산아이앤티'),('051160','지어소프트'),('051360','토비스'),('051370','인터플렉스'),('051380','피씨디렉트'),('051390','YW'),('051490','나라엠앤디'),('051500','CJ프레시웨이'),('051600','한전KPS'),('051630','진양화학'),('051780','큐로홀딩스'),('051900','LG생활건강'),('051905','LG생활건강우'),('051910','LG화학'),('051915','LG화학우'),('051980','센트럴바이오'),('052020','에스티큐브'),('052190','이에스에이'),('052220','iMBC'),('052260','SK바이오랜드'),('052300','W홀딩컴퍼니'),('052330','코텍'),('052400','코나아이'),('052420','오성첨단소재'),('052460','아이크래프트'),('052600','한네트'),('052670','제일바이오'),('052690','한전기술'),('052710','아모텍'),('052770','와이디온라인'),('052790','액토즈소프트'),('052860','아이앤씨'),('052900','KMH하이텍'),('053030','바이넥스'),('053050','지에스이'),('053060','세동'),('053110','소리바다'),('053160','프리엠스'),('053210','스카이라이프'),('053260','금강철강'),('053270','구영테크'),('053280','예스24'),('053290','NE능률'),('053300','한국정보인증'),('053350','이니텍'),('053450','세코닉스'),('053580','웹케시'),('053590','한국테크놀로지'),('053610','프로텍'),('053620','태양'),('053660','현진소재'),('053690','한미글로벌'),('053700','삼보모터스'),('053800','안랩'),('053950','경남제약'),('053980','오상자이엘'),('054040','한국컴퓨터'),('054050','농우바이오'),('054090','삼진엘앤디'),('054180','중앙오션'),('054210','이랜텍'),('054220','비츠로시스'),('054300','팬스타엔터프라이즈'),('054340','피앤텔'),('054410','케이피티유'),('054450','텔레칩스'),('054540','삼영엠텍'),('054620','APS홀딩스'),('054630','에이디칩스'),('054670','대한뉴팜'),('054780','키이스트'),('054800','아이디스홀딩스'),('054920','한컴시큐어'),('054930','유신'),('054940','엑사이엔씨'),('054950','제이브이엠'),('055490','테이팩스'),('055550','신한지주'),('056000','신스타임즈'),('056080','유진로봇'),('056090','유앤아이'),('056190','에스에프에이'),('056360','코위버'),('056700','신화인터텍'),('056730','포스링크'),('057030','와이비엠넷'),('057050','현대홈쇼핑'),('057500','SKC 솔믹스'),('057540','옴니시스템'),('057680','옴니텔'),('057880','필로시스헬스케어'),('058110','멕아이씨에스'),('058220','아리온'),('058400','KNN'),('058420','제이웨이'),('058430','포스코강판'),('058450','일야'),('058470','리노공업'),('058530','슈펙스비앤피'),('058610','에스피지'),('058630','엠게임'),('058650','세아홀딩스'),('058730','다스코'),('058820','CMG제약'),('058850','KTcs'),('058860','KTis'),('058970','엠로'),('059090','미코'),('059100','아이컴포넌트'),('059120','아진엑스텍'),('059210','메타바이오메드'),('060150','인선이엔티'),('060230','이그잭스'),('060240','룽투코리아'),('060250','NHN한국사이버결제'),('060260','뉴보텍'),('060280','큐렉소'),('060300','레드로버'),('060310','3S'),('060370','KT서브마린'),('060380','동양에스텍'),('060480','국일신동'),('060540','에스에이티'),('060560','홈센타홀딩스'),('060570','드림어스컴퍼니'),('060590','씨티씨바이오'),('060720','KH바텍'),('060900','퍼시픽바이오'),('060980','한라홀딩스'),('061040','알에프텍'),('061250','화일약품'),('061970','엘비세미콘'),('062860','티엘아이'),('063080','게임빌'),('063160','종근당바이오'),('063170','서울옥션'),('063440','SM Life Design'),('063570','한국전자금융'),('063760','이엘피'),('064090','에프앤리퍼블릭'),('064240','홈캐스트'),('064260','다날'),('064290','인텍플러스'),('064350','현대로템'),('064480','브리지텍'),('064510','에코마이스터'),('064520','바른전자'),('064550','바이오니아'),('064760','티씨케이'),('064800','필링크'),('064820','케이프'),('064850','에프앤가이드'),('064960','S&T모티브'),('065060','지엔코'),('065130','탑엔지니어링'),('065150','MP그룹'),('065170','넥스트BT'),('065350','신성델타테크'),('065370','위세아이텍'),('065420','에스아이리소스'),('065440','이루온'),('065450','빅텍'),('065500','오리엔트정공'),('065510','휴비츠'),('065530','전파기지국'),('065560','녹원씨엔아이'),('065570','삼영이엔씨'),('065620','제낙스'),('065650','메디프론'),('065660','안트로젠'),('065680','우주일렉트로'),('065690','파커스'),('065710','서호전기'),('065770','CS'),('065940','바이오빌'),('065950','웰크론'),('066110','한프'),('066130','하츠'),('066310','큐에스아이'),('066360','체리부로'),('066410','버킷스튜디오'),('066430','와이오엠'),('066570','LG전자'),('066575','LG전자우'),('066590','우수AMS'),('066620','국보디자인'),('066670','디스플레이텍'),('066700','테라젠이텍스'),('066790','씨씨에스'),('066830','제노텍'),('066900','디에이피'),('066910','손오공'),('066970','엘앤에프'),('066980','브레인콘텐츠'),('067000','조이시티'),('067010','이씨에스'),('067080','대화제약'),('067160','아프리카TV'),('067170','오텍'),('067280','멀티캠퍼스'),('067290','JW신약'),('067310','하나마이크론'),('067370','선바이오'),('067390','아스트'),('067570','엔브이에이치코리아'),('067630','에이치엘비생명과학'),('067730','로지시스'),('067770','세진티에스'),('067830','세이브존I&C'),('067900','와이엔텍'),('067920','이글루시큐리티'),('067990','도이치모터스'),('068050','팬엔터테인먼트'),('068240','다원시스'),('068270','셀트리온'),('068290','삼성출판사'),('068330','일신바이오'),('068400','AJ렌터카'),('068760','셀트리온제약'),('068790','DMS'),('068930','디지털대성'),('068940','아이씨케이'),('069080','웹젠'),('069110','코스온'),('069140','누리플랜'),('069260','휴켐스'),('069330','유아이디'),('069410','엔텔스'),('069460','대호에이엘'),('069510','에스텍'),('069540','라이트론'),('069620','대웅제약'),('069640','한세엠케이'),('069730','DSR제강'),('069920','아이에스이커머스'),('069960','현대백화점'),('070300','한솔시큐어'),('070590','한솔인티큐브'),('070960','용평리조트'),('071050','한국금융지주'),('071055','한국금융지주우'),('071090','하이스틸'),('071200','인피니트헬스케어'),('071280','로체시스템즈'),('071320','지역난방공사'),('071460','대유위니아'),('071670','에이테크솔루션'),('071840','롯데하이마트'),('071850','캐스텍코리아'),('071950','코아스'),('071970','STX중공업'),('072020','중앙백신'),('072130','유엔젤'),('072470','우리산업홀딩스'),('072520','제넨바이오'),('072710','농심홀딩스'),('072770','네오디안테크놀로지'),('072870','메가스터디'),('072950','빛샘전자'),('072990','에이치시티'),('073010','케이에스피'),('073070','에스모'),('073110','엘엠에스'),('073190','듀오백'),('073240','금호타이어'),('073490','이노와이어리스'),('073540','에프알텍'),('073560','우리손에프앤지'),('073570','WI'),('073640','삼원테크'),('074430','아미노로직스'),('074600','원익QnC'),('074610','나노메딕스'),('075130','플랜티넷'),('075180','새론오토모티브'),('075580','세진중공업'),('075970','동국알앤에스'),('076080','웰크론한텍'),('076340','관악산업'),('076610','해성옵틱스'),('077280','한컴지엠디'),('077360','덕산하이메탈'),('077500','유니퀘스트'),('077970','STX엔진'),('078000','텔코웨어'),('078020','이베스트투자증권'),('078070','유비쿼스홀딩스'),('078130','국일제지'),('078140','대봉엘에스'),('078150','HB테크놀러지'),('078160','메디포스트'),('078340','컴투스'),('078350','한양디지텍'),('078520','에이블씨엔씨'),('078590','두올산업'),('078600','대주전자재료'),('078650','코렌'),('078860','아이오케이'),('078890','가온미디어'),('078930','GS'),('078935','GS우'),('078940','코드네이처'),('079000','와토스코리아'),('079160','CJ CGV'),('079170','한창산업'),('079190','EMW'),('079370','제우스'),('079430','현대리바트'),('079440','오렌지라이프'),('079550','LIG넥스원'),('079650','서산'),('079810','디이엔티'),('079940','가비아'),('079950','인베니아'),('079960','동양이엔피'),('079970','투비소프트'),('079980','휴비스'),('080000','에스엔유'),('080010','이상네트웍스'),('080160','모두투어'),('080220','제주반도체'),('080420','모다이노칩'),('080440','에스제이케이'),('080470','성창오토텍'),('080520','오디텍'),('080530','코디'),('080580','오킨스전자'),('080720','한국유니온제약'),('081000','일진다이아'),('081150','티플랙스'),('081580','성우전자'),('081660','휠라코리아'),('082210','옵트론텍'),('082270','젬백스'),('082640','동양생명'),('082660','삼우엠스'),('082740','HSD엔진'),('082800','루미마이크로'),('082850','우리바이오'),('082920','비츠로셀'),('083310','엘오티베큠'),('083370','동북아12호'),('083380','동북아13호'),('083420','그린케미칼'),('083450','GST'),('083470','KJ프리텍'),('083500','에프엔에스테크'),('083550','케이엠'),('083640','인콘'),('083650','비에이치아이'),('083660','CSA 코스믹'),('083790','크리스탈'),('083930','아바코'),('084010','대한제강'),('084110','휴온스글로벌'),('084180','수성'),('084370','유진테크'),('084440','유비온'),('084650','랩지노믹스'),('084670','동양고속'),('084680','이월드'),('084690','대상홀딩스'),('084695','대상홀딩스우'),('084730','팅크웨어'),('084870','TBH글로벌'),('084990','헬릭스미스'),('085310','엔케이'),('085370','루트로닉'),('08537M','루트로닉3우C'),('085620','미래에셋생명'),('085660','차바이오텍'),('085670','뉴프렉스'),('085810','알티캐스트'),('085910','네오티스'),('086040','바이오톡스텍'),('086060','진바이오텍'),('086080','다이노나'),('086220','네추럴FNP'),('086250','화신테크'),('086280','현대글로비스'),('086390','유니테스트'),('086450','동국제약'),('086460','에스엔피제네틱스'),('086520','에코프로'),('086670','비엠티'),('086790','하나금융지주'),('086820','바이오솔루션'),('086890','이수앱지스'),('086900','메디톡스'),('086960','한컴MDS'),('086980','쇼박스'),('087010','펩트론'),('087260','모바일어플라이언스'),('087600','픽셀플러스'),('087730','네패스신소재'),('088130','동아엘텍'),('088260','이리츠코크렙'),('088290','이원컴포텍'),('088350','한화생명'),('088390','이녹스'),('088790','진도'),('088800','에이스테크'),('088910','동우팜투테이블'),('088980','맥쿼리인프라'),('089010','켐트로닉스'),('089030','테크윙'),('089140','넥스턴'),('089150','케이씨티'),('089230','THE E&M'),('089470','HDC현대EP'),('089530','에이티세미콘'),('089590','제주항공'),('089600','나스미디어'),('089790','제이티'),('089850','유비벨록스'),('089890','코세스'),('089970','에이피티씨'),('089980','상아프론테크'),('090080','평화산업'),('090150','광진윈텍'),('090350','노루페인트'),('090355','노루페인트우'),('090360','로보스타'),('090370','메타랩스'),('090410','덕신하우징'),('090430','아모레퍼시픽'),('090435','아모레퍼시픽우'),('090460','비에이치'),('090470','제이스텍'),('090710','휴림로봇'),('090740','연이정보통신'),('090850','이지웰페어'),('091090','세원셀론텍'),('091120','이엠텍'),('091340','S&K폴리텍'),('091440','텔레필드'),('091580','상신이디피'),('091590','남화토건'),('091700','파트론'),('091810','티웨이항공'),('091970','나노캠텍'),('091990','셀트리온헬스케어'),('092040','아미코젠'),('092070','디엔에프'),('092130','이크레더블'),('092200','디아이씨'),('092220','KEC'),('092230','KPX홀딩스'),('092300','현우산업'),('092440','기신정기'),('092460','한라IMS'),('092590','럭스피아'),('092600','앤씨앤'),('092730','네오팜'),('092780','동양피스톤'),('092870','엑시콘'),('093050','LF'),('093190','빅솔론'),('093230','이아이디'),('093240','형지엘리트'),('093320','케이아이엔엑스'),('093370','후성'),('093380','풍강'),('093520','매커스'),('093640','다믈멀티미디어'),('093920','서원인텍'),('094170','동운아나텍'),('094190','이엘케이'),('094280','효성ITX'),('094360','칩스앤미디어'),('094480','갤럭시아컴즈'),('094800','맵스리얼티1'),('094820','일진파워'),('094840','슈프리마에이치큐'),('094850','참좋은여행'),('094860','코닉글로리'),('094940','푸른기술'),('094970','제이엠티'),('095190','이엠코리아'),('095270','웨이브일렉트로'),('095340','ISC'),('095500','미래나노텍'),('095570','AJ네트웍스'),('095610','테스'),('095660','네오위즈'),('095700','제넥신'),('095720','웅진씽크빅'),('095910','에스에너지'),('096040','이트론'),('096240','청담러닝'),('096300','베트남개발1'),('096350','대창솔루션'),('096530','씨젠'),('096610','알에프세미'),('096630','에스코넥'),('096640','멜파스'),('096690','제이스테판'),('096760','JW홀딩스'),('096770','SK이노베이션'),('096775','SK이노베이션우'),('096870','엘디티'),('097230','한진중공업'),('097520','엠씨넥스'),('097780','에스맥'),('097800','윈팩'),('097870','효성오앤비'),('097950','CJ제일제당'),('097955','CJ제일제당 우'),('098120','마이크로컨텍솔'),('098460','고영'),('098660','에스티오'),('099190','아이센스'),('099220','SDN'),('099320','쎄트렉아이'),('099340','하나니켈1호'),('099350','하나니켈2호'),('099410','동방선기'),('099440','스맥'),('099520','ITX엠투엠'),('099750','이지케어텍'),('100030','모바일리더'),('100090','삼강엠앤티'),('100120','뷰웍스'),('100130','동국S&C'),('100220','비상교육'),('100250','진양홀딩스'),('100590','머큐리'),('100660','서암기계공업'),('100700','세운메디칼'),('100790','미래에셋벤처투자'),('100840','S&TC'),('101000','상상인인더스트리'),('101060','SBS미디어홀딩스'),('101140','비티원'),('101160','월덱스'),('101170','우림기계'),('101240','씨큐브'),('101330','모베이스'),('101360','이엔드디'),('101390','아이엠'),('101400','엔시트론'),('101490','에스앤에스텍'),('101530','해태제과식품'),('101670','코리아에스이'),('101680','한국정밀기계'),('101730','조이맥스'),('101930','인화정공'),('102120','어보브반도체'),('102210','해덕파워웨이'),('102260','동성코퍼레이션'),('102280','쌍방울'),('102460','이연제약'),('102710','이엔에프테크놀로지'),('102940','코오롱생명과학'),('103130','웅진에너지'),('103140','풍산'),('103230','에스앤더블류'),('103590','일진전기'),('103660','씨앗'),('104040','대성파인텍'),('104200','NHN벅스'),('104460','동양피엔에프'),('104480','티케이케미칼'),('104540','코렌텍'),('104620','노랑풍선'),('104700','한국철강'),('104830','원익머트리얼즈'),('105330','케이엔더블유'),('105550','트루윈'),('105560','KB금융'),('105630','한세실업'),('105740','디케이락'),('105840','우진'),('106080','지투하이소닉'),('106190','하이텍팜'),('106240','파인테크닉스'),('106520','디지탈옵틱'),('107590','미원홀딩스'),('107640','한중엔시에스'),('108230','톱텍'),('108320','실리콘웍스'),('108380','대양전기공업'),('108490','로보티즈'),('108670','LG하우시스'),('108675','LG하우시스우'),('108790','인터파크'),('108860','셀바스AI'),('109070','컨버즈'),('109080','옵티시스'),('109610','에스와이'),('109740','디에스케이'),('109820','진매트릭스'),('109860','동일금속'),('109960','에이프로젠 H&G'),('110020','전진바이오팜'),('110790','크리스에프앤씨'),('110990','디아이티'),('111110','호전실업'),('111710','남화산업'),('111770','영원무역'),('111820','지와이커머스'),('111870','삼본전자'),('112040','위메이드'),('112190','KC산업'),('112240','에스에프씨'),('112610','씨에스윈드'),('113810','디젠스'),('114090','GKL'),('114120','크루셜텍'),('114190','웰크론강원'),('114450','KPX생명과학'),('114570','지스마트글로벌'),('114630','우노앤컴퍼니'),('114810','아이원스'),('114920','대주이엔티'),('115160','휴맥스'),('115180','큐리언트'),('115310','인포바인'),('115390','락앤락'),('115440','우리넷'),('115450','지트리비앤티'),('115480','씨유메디칼'),('115500','케이씨에스'),('115530','씨엔플러스'),('115570','스타플렉스'),('115610','이미지스'),('115960','연우'),('116100','태양기계'),('117580','대성에너지'),('117670','알파홀딩스'),('117730','티로보틱스'),('118000','우리들휴브레인'),('118990','모트렉스'),('119500','포메탈'),('119610','인터로조'),('119650','KC코트렐'),('119830','아이텍'),('119850','지엔씨에너지'),('119860','다나와'),('120030','조선선재'),('120110','코오롱인더'),('120115','코오롱인더우'),('120240','대정화금'),('120780','전우정밀'),('121060','유니포인트'),('121440','골프존뉴딘홀딩스'),('121600','나노신소재'),('121800','비덴트'),('121850','코이즈'),('121890','에스디시스템'),('122050','아이엘사이언스'),('122310','제노레이'),('122350','삼기오토모티브'),('122450','KMH'),('122640','예스티'),('122690','서진오토모티브'),('122800','썬텍'),('122870','와이지엔터테인먼트'),('122900','아이마켓코리아'),('122990','와이솔'),('123010','옵토팩'),('123040','엠에스오토텍'),('123260','파인넥스'),('123330','제닉'),('123410','코리아에프티'),('123420','선데이토즈'),('123570','이엠넷'),('123690','한국화장품'),('123700','SJM'),('123750','알톤스포츠'),('123840','한일진공'),('123860','아나패스'),('123890','한국자산신탁'),('124500','아이티센'),('125210','아모그린텍'),('126340','비나텍'),('126560','현대에이치씨엔'),('126600','코프라'),('126640','화신정공'),('126700','하이비젼시스템'),('126870','뉴로스'),('126880','제이엔케이히터'),('127120','디엔에이링크'),('127160','매직마이크로'),('127710','아시아경제'),('128540','에코캡'),('128660','피제이메탈'),('128820','대성산업'),('128940','한미약품'),('129260','인터지스'),('130500','GH신소재'),('130580','나이스디앤비'),('130660','한전산업'),('130740','티피씨글로벌'),('131030','디에이치피코리아'),('131090','시큐브'),('131100','리켐'),('131180','딜리'),('131220','대한과학'),('131290','티에스이'),('131370','알서포트'),('131390','피앤이솔루션'),('131400','액트'),('131760','파인텍'),('131970','테스나'),('133750','메가엠디'),('133820','화인베스틸'),('134060','이퓨쳐'),('134380','미원화학'),('134580','디엠티'),('134780','화진'),('134790','시디즈'),('135160','지오씨'),('135270','세종머티리얼즈'),('136480','하림'),('136490','선진'),('136510','쎄미시스코'),('136540','윈스'),('136660','큐엠씨'),('137400','피엔티'),('137940','넥스트아이'),('137950','제이씨케미칼'),('138040','메리츠금융지주'),('138070','신진에스엠'),('138080','오이솔루션'),('138250','엔에스쇼핑'),('138360','에이씨티'),('138490','코오롱플라스틱'),('138580','비즈니스온'),('138610','나이벡'),('138690','엘아이에스'),('138930','BNK금융지주'),('139050','데일리블록체인'),('139130','DGB금융지주'),('139480','이마트'),('139670','키네마스터'),('140070','서플러스글로벌'),('140290','청광종건'),('140410','메지온'),('140520','대창스틸'),('140610','엔솔바이오사이언스'),('140660','위월드'),('140670','알에스오토메이션'),('140860','파크시스템스'),('140910','에이리츠'),('141000','비아트론'),('141020','포티스'),('141070','맥스로텍'),('141080','레고켐바이오'),('142210','유니트론텍'),('142280','녹십자엠에스'),('142760','바이오리더스'),('143160','아이디스'),('143210','핸즈코퍼레이션'),('143240','사람인에이치알'),('143540','영우디에스피'),('144510','녹십자랩셀'),('144620','코오롱머티리얼'),('144960','뉴파워프라즈마'),('145020','휴젤'),('145210','세화아이엠씨'),('145270','케이탑리츠'),('145720','덴티움'),('145990','삼양사'),('145995','삼양사우'),('147760','마이크로프랜드'),('147830','제룡산업'),('148140','비디아이'),('148250','알엔투테크놀로지'),('148780','비플라이소프트'),('149010','아이케이세미콘'),('149940','모다'),('149950','아바텍'),('149980','하이로닉'),('150440','피노텍'),('150840','인트로메딕'),('150900','파수닷컴'),('151860','KG ETS'),('151910','나노스'),('152330','코리아오토글라스'),('152550','한국ANKOR유전'),('153360','하이골드3호'),('153460','네이블'),('153490','우리이앤엘'),('153710','옵티팜'),('154030','아시아종묘'),('154040','솔루에타'),('155650','와이엠씨'),('155660','DSR'),('155900','바다로19호'),('156100','엘앤케이바이오'),('158300','에스에이티이엔지'),('158310','인터불스'),('159580','제로투세븐'),('159650','하이골드8호'),('159910','스킨앤스킨'),('160550','NEW'),('160600','에스엔텍'),('160980','싸이맥스'),('161000','애경유화'),('161390','한국타이어앤테크놀로지'),('161570','THE MIDONG'),('161580','필옵틱스'),('161890','한국콜마'),('162120','루켄테크놀러지스'),('163430','디피코'),('163560','동일고무벨트'),('166090','하나머티리얼즈'),('166480','코아스템'),('168330','내츄럴엔도텍'),('168490','한국패러랠'),('170030','현대공업'),('170790','파이오링크'),('170900','동아에스티'),('170920','엘티씨'),('171010','램테크놀러지'),('171090','선익시스템'),('171120','라이온켐텍'),('172580','하이골드12호'),('173130','오파스넷'),('173940','에프엔씨엔터'),('174880','장원테크'),('174900','앱클론'),('175140','인포마크'),('175250','아이큐어'),('175330','JB금융지주'),('176440','에이치엔티'),('176560','포인트엔지니어링'),('176750','듀켐바이오'),('177350','베셀'),('177830','파버나인'),('178320','서진시스템'),('178600','대동고려삼'),('178780','유테크'),('178920','SKC코오롱PI'),('179290','엠아이텍'),('179720','옐로페이'),('179900','유티아이'),('180060','탑선'),('180400','캔서롭'),('180640','한진칼'),('18064K','한진칼우'),('181340','이즈미디어'),('181710','NHN'),('182360','큐브엔터'),('182400','엔케이맥스'),('182690','테라셈'),('183190','아세아시멘트'),('183300','코미코'),('183350','LPK로보틱스'),('183410','골프존데카'),('183490','엔지켐생명과학'),('184230','SGA솔루션즈'),('185190','수프로'),('185490','아이진'),('185750','종근당'),('186230','그린플러스'),('187220','디티앤씨'),('187270','신화콘텍'),('187420','제노포커스'),('187790','나노'),('187870','디바이스이엔지'),('189300','인텔리안테크'),('189330','씨이랩'),('189350','코셋'),('189540','씨티네트웍스'),('189690','포시에스'),('189860','서전기전'),('189980','흥국에프엔비'),('190510','나무가'),('191410','육일씨엔에쓰'),('191420','테고사이언스'),('191600','티케이씨'),('192080','더블유게임즈'),('192250','케이사인'),('192390','윈하이텍'),('192400','쿠쿠홀딩스'),('192410','감마누'),('192440','슈피겐코리아'),('192650','드림텍'),('192820','코스맥스'),('193250','와이제이엠게임즈'),('194370','제이에스코퍼레이션'),('194480','데브시스터즈'),('194510','파티게임즈'),('194700','노바렉스'),('195440','퓨전데이타'),('195870','해성디에스'),('195990','유지인트'),('196170','알테오젠'),('196300','애니젠'),('196450','디오스텍'),('196490','디에이테크놀로지'),('196700','웹스'),('197140','디지캡'),('197210','리드'),('198440','고려시멘트'),('199150','데이터스트림즈'),('199290','바이오프로테크'),('199800','툴젠'),('200130','콜마비앤에이치'),('200230','텔콘RF제약'),('200350','래몽래인'),('200470','하이셈'),('200580','메디쎄이'),('200670','휴메딕스'),('200710','에이디테크놀로지'),('200780','비씨월드제약'),('200880','서연이화'),('201490','미투온'),('202960','판도라티비'),('203400','에이비온'),('203450','유니온커뮤니티'),('203650','드림시큐리티'),('203690','프로스테믹스'),('204020','엠코르셋'),('204210','모두투어리츠'),('204320','만도'),('204620','글로벌텍스프리'),('204630','화이브라더스코리아'),('204840','지엘팜텍'),('204990','현성바이탈'),('205100','엑셈'),('205290','케미메디'),('205470','휴마시스'),('205500','액션스퀘어'),('206400','엔터메이트'),('206560','덱스터'),('206640','바디텍메드'),('206650','유바이오로직스'),('206950','볼빅'),('207490','에이펙스인텍'),('207760','미스터블루'),('207940','삼성바이오로직스'),('208140','정다운'),('208340','파멥신'),('208350','지란지교시큐리티'),('208370','셀바스헬스케어'),('208640','썸에이지'),('208710','바이오로그디바이스'),('208850','이비테크'),('208860','엔지스테크널러지'),('208890','에듀파트너'),('210120','빅텐츠'),('210540','디와이파워'),('210610','소프트캠프'),('210980','SK디앤디'),('211050','인카금융서비스'),('211270','AP위성'),('212310','휴벡셀'),('212560','네오오토'),('213090','미래테크놀로지'),('213420','덕산네오룩스'),('213500','한솔제지'),('214150','클래시스'),('214180','민앤지'),('214270','퓨쳐스트림네트웍스'),('214310','세미콘라이트'),('214320','이노션'),('214330','금호에이치티'),('214370','케어젠'),('214390','경보제약'),('214420','토니모리'),('214430','아이쓰리시스템'),('214450','파마리서치프로덕트'),('214610','미코바이오메드'),('214680','디알텍'),('214870','뉴지랩'),('215000','골프존'),('215050','비엔디생활건강'),('215090','리퓨어유니맥스'),('215100','로보로보'),('215200','메가스터디교육'),('215360','우리산업'),('215380','우정바이오'),('215480','토박스코리아'),('215570','크로넥스'),('215600','신라젠'),('215790','이노인스트루먼트'),('216050','인크로스'),('216280','원텍'),('216400','바이오코아'),('217190','제너셈'),('217270','넵튠'),('217320','썬테크'),('217330','싸이토젠'),('217480','에스디생명공학'),('217500','러셀'),('217600','켐온'),('217620','디딤'),('217730','강스템바이오텍'),('217820','엔에스'),('217880','틸론'),('217910','에스제이켐'),('217950','파마리서치바이오'),('218150','미래생명자원'),('218410','RFHIC'),('219130','타이거일렉'),('219420','링크제니시스'),('219550','MP한강'),('219750','지티지웰니스'),('220100','퓨쳐켐'),('220110','드림티엔터테인먼트'),('220180','핸디소프트'),('220250','카이노스메드'),('220260','켐트로스'),('220630','해마로푸드서비스'),('221610','한솔씨앤피'),('221670','주노콜렉션'),('221800','유투바이오'),('221840','하이즈항공'),('221980','케이디켐'),('222040','코스맥스엔비티'),('222080','씨아이에스'),('222110','팬젠'),('222160','바이옵트로'),('222420','쎄노텍'),('222670','플럼라인생명과학'),('222800','심텍'),('222810','한류AI센터'),('222980','한국맥널티'),('223220','아이피몬스터'),('223310','이에스브이'),('224020','에스케이씨에스'),('224060','코디엠'),('224110','에이텍티앤'),('224760','엔에스컴퍼니'),('224810','엄지하우스'),('224880','SGA임베디드'),('225190','삼양옵틱스'),('225220','제놀루션'),('225330','씨엠에스에듀'),('225430','케이엠제약'),('225530','보광산업'),('225570','넷게임즈'),('225590','패션플랫폼'),('225650','쿠첸'),('225850','미애부'),('225860','엠앤씨생명과학'),('226320','잇츠한불'),('226340','본느'),('226350','아이엠텍'),('226360','이엑스티'),('226400','오스테오닉'),('226440','한송네오텍'),('226610','한국비엔씨'),('226950','올릭스'),('227100','디자인'),('227420','포레스팅블록체인'),('227610','아우딘퓨쳐스'),('227840','현대코퍼레이션홀딩스'),('227950','마이크로텍'),('228180','티씨엠생명과학'),('228340','동양파일'),('228760','지노믹트리'),('228850','레이언스'),('229000','젠큐릭스'),('229500','노브메타파마'),('229640','LS전선아시아'),('230240','에치에프알'),('230360','에코마케팅'),('230400','자비스'),('230980','솔트웍스'),('232140','와이아이케이'),('232330','SK3호스팩'),('232530','이엠티'),('232680','라온테크'),('232830','시큐센'),('233250','메디안디노스틱'),('233990','질경이'),('234070','에이원알폼'),('234080','JW생명과학'),('234100','세원'),('234300','에스트래픽'),('234920','자이글'),('236030','씨알푸드'),('236200','슈프리마'),('236340','메디젠휴먼케어'),('237690','에스티팜'),('237750','피앤씨테크'),('237880','클리오'),('238090','앤디포스'),('238120','로고스바이오'),('238200','비피도'),('238490','힘스'),('238500','로보쓰리'),('239340','줌인터넷'),('239610','에이치엘사이언스'),('239890','피엔에이치테크'),('240340','인터코스'),('240810','원익IPS'),('241510','이에스산업'),('241520','DSC인베스트먼트'),('241560','두산밥캣'),('241590','화승엔터프라이즈'),('241690','유니테크노'),('241710','코스메카코리아'),('241770','메카로'),('241790','오션브릿지'),('241820','피씨엘'),('242040','나무기술'),('242350','피엔아이컴퍼니'),('243070','휴온스'),('243840','신흥에스이씨'),('243870','굿센'),('244880','나눔테크'),('245450','씨앤에스링크'),('245620','EDGC'),('246250','에스엘에스바이오'),('246690','TS인베스트먼트'),('246710','티앤알바이오팹'),('246720','아스타'),('246960','이노테라피'),('247300','인프라웨어테크놀러지'),('247540','에코프로비엠'),('248170','샘표식품'),('249420','일동제약'),('250000','보라티알'),('250060','모비스'),('250930','케이비제10호스팩'),('251270','넷마블'),('251280','안지오랩'),('251370','와이엠티'),('251630','브이원텍'),('251960','엠에프엠코리아'),('251970','펌텍코리아'),('252370','유쎌'),('252500','세화피앤씨'),('253450','스튜디오드래곤'),('253590','네오셈'),('253840','수젠텍'),('254120','IBKS제5호스팩'),('255220','SG'),('255440','야스'),('256630','엔에이치스팩10호'),('256840','엔에이치스팩11호'),('256940','케이피에스'),('257370','명성티엔에스'),('257730','신한제3호스팩'),('258050','테크트랜스'),('258250','셀젠텍'),('258540','스템랩'),('258610','이더블유케이'),('258790','케이비제11호스팩'),('258830','세종메디칼'),('259630','엠플러스'),('260660','알리코제약'),('260870','시그넷이브이'),('260930','씨티케이코스메틱스'),('260970','에스앤디'),('261200','하나금융9호스팩'),('262830','대신밸런스제4호스팩'),('263020','디케이앤디'),('263050','유틸렉스'),('263540','샘코'),('263600','덕우전자'),('263690','디알젬'),('263700','케어랩스'),('263720','디앤씨미디어'),('263750','펄어비스'),('263770','유에스티'),('263800','데이타솔루션'),('263810','상신전자'),('263860','지니언스'),('263920','블러썸엠앤씨'),('264290','한화에이스스팩3호'),('264450','유비쿼스'),('264660','씨앤지하이테크'),('264850','IBKS제6호스팩'),('264900','크라운제과'),('26490K','크라운제과우'),('265480','미래에셋대우스팩1호'),('265520','AP시스템'),('265560','영화테크'),('265920','한화수성스팩'),('266170','앤유엔터테인먼트'),('266870','파워풀엑스'),('267060','명진홀딩스'),('267250','현대중공업지주'),('267260','현대일렉트릭'),('267270','현대건설기계'),('267290','경동도시가스'),('267320','교보7호스팩'),('267790','배럴'),('267810','앙츠'),('267850','아시아나IDT'),('267980','매일유업'),('268280','미원에스씨'),('268600','셀리버리'),('269620','시스웍'),('270020','두원석재'),('270210','에스알바이오텍'),('270520','하나금융10호스팩'),('270660','에브리봇'),('270870','뉴트리'),('271400','알로이스'),('271560','오리온'),('271740','한국제5호스팩'),('271780','비엔에프코퍼레이션'),('271850','다이오진'),('271980','제일약품'),('272290','이녹스첨단소재'),('272450','진에어'),('272550','삼양패키징'),('273060','엔에이치스팩12호'),('275630','에스에스알'),('276240','엘리비젼'),('276920','IBKS제7호스팩'),('277070','린드먼아시아'),('277410','인산가'),('277480','신한제4호스팩'),('277880','티에스아이'),('278280','천보'),('278380','원바이오젠'),('278990','파인이엠텍'),('279060','이노벡스'),('279410','한화에이스스팩4호'),('279600','미디어젠'),('280360','롯데제과'),('281310','바이오시네틱스'),('281410','한국제6호스팩'),('281740','동부스팩5호'),('281820','케이씨텍'),('282330','BGF리테일'),('282690','동아타이어'),('284420','휴럼'),('284610','TS트릴리온'),('284620','하나금융11호스팩'),('284740','쿠쿠홈시스'),('285130','SK케미칼'),('28513K','SK케미칼우'),('285490','노바텍'),('285770','라이프사이언스테크놀로지'),('286940','롯데정보통신'),('287410','유안타제3호스팩'),('288490','나라소프트'),('288620','에스퓨얼셀'),('289080','SV인베스트먼트'),('290120','대유에이피'),('290270','휴네시온'),('290380','대유'),('290550','디케이티'),('290650','엘앤씨바이오'),('290660','네오펙트'),('290670','대보마그네틱'),('290720','푸드나무'),('290740','액트로'),('291210','한국제7호스팩'),('291230','삼성스팩2호'),('293480','하나제약'),('293580','나우아이비캐피탈'),('293780','압타바이오'),('293940','신한알파리츠'),('294870','HDC현대산업개발'),('297570','IBKS제9호스팩'),('298000','효성화학'),('298020','효성티앤씨'),('298040','효성중공업'),('298050','효성첨단소재'),('298380','에이비엘바이오'),('298690','에어부산'),('299170','IBKS제10호스팩'),('299480','지앤이헬스케어'),('299660','셀리드'),('299670','에스엠비나'),('299900','위지윅스튜디오'),('299910','베스파'),('300720','한일시멘트'),('302430','이노메트리'),('302550','리메드'),('302920','더콘텐츠온'),('303030','대신밸런스제5호스팩'),('303360','프로테옴텍'),('305090','마이크로디지탈'),('306200','세아제강'),('306620','DB금융스팩6호'),('307070','SK4호스팩'),('307160','하나머스트제6호스팩'),('307180','신영스팩4호'),('307280','교보8호스팩'),('307750','대신밸런스제6호스팩'),('307870','상상인이안1호스팩'),('307930','컴퍼니케이'),('307950','현대오토에버'),('308100','까스텔바쟉'),('308700','테크엔'),('309900','티티씨디펜스'),('309930','삼성머스트스팩3호'),('310200','미래에셋대우스팩2호'),('310840','엔에이치스팩13호'),('310870','한국제8호스팩'),('311060','엘에이티'),('311270','키움제5호스팩'),('311840','대원모방'),('312610','에이에프더블류'),('313750','유안타제4호스팩'),('314130','지놈앤컴퍼니'),('316140','우리금융지주'),('317030','케이비17호스팩'),('317240','하이제4호스팩'),('317320','한화에스비아이스팩'),('319400','엔에이치스팩14호'),('319660','피에스케이'),('321260','유진스팩4호'),('322780','DB금융스팩7호'),('323230','신한제5호스팩'),('323280','신영스팩5호'),('323350','다원넥스뷰'),('323940','케이비제18호스팩'),('900040','차이나그레이트'),('900070','글로벌에스엠'),('900080','에스앤씨엔진그룹'),('900100','뉴프라이드'),('900110','이스트아시아홀딩스'),('900120','씨케이에이치'),('900140','엘브이엠씨홀딩스'),('900250','크리스탈신소재'),('900260','로스웰'),('900270','헝셩그룹'),('900280','골든센츄리'),('900290','GRT'),('900300','오가닉티코스메틱'),('900310','컬러레이'),('900340','윙입푸드'),('950110','SBI핀테크솔루션즈'),('950130','엑세스바이오'),('950140','잉글우드랩'),('950160','코오롱티슈진'),('950170','JTC'),('950180','SNK');
/*!40000 ALTER TABLE `tb_stock_list` ENABLE KEYS */;
UNLOCK TABLES;

--
-- Table structure for table `tb_stock_category`
--

DROP TABLE IF EXISTS `tb_stock_category`;
/*!40101 SET @saved_cs_client     = @@character_set_client */;
/*!40101 SET character_set_client = utf8 */;
CREATE TABLE `tb_stock_category` (
  `category_code` char(6) DEFAULT NULL,
  `stock_code` char(6) DEFAULT NULL,
  KEY `category_code` (`category_code`),
  KEY `stock_code` (`stock_code`),
  CONSTRAINT `tb_stock_category_ibfk_1` FOREIGN KEY (`category_code`) REFERENCES `tb_category_list` (`category_code`) ON DELETE CASCADE ON UPDATE CASCADE,
  CONSTRAINT `tb_stock_category_ibfk_2` FOREIGN KEY (`stock_code`) REFERENCES `tb_stock_list` (`stock_code`) ON DELETE CASCADE ON UPDATE CASCADE
) ENGINE=InnoDB DEFAULT CHARSET=utf8;
/*!40101 SET character_set_client = @saved_cs_client */;

--
-- Dumping data for table `tb_stock_category`
--

LOCK TABLES `tb_stock_category` WRITE;
/*!40000 ALTER TABLE `tb_stock_category` DISABLE KEYS */;
INSERT INTO `tb_stock_category` VALUES ('71','028670'),('71','005880'),('71','044450'),('71','011200'),('71','003280'),('71','067900'),('25','005360'),('25','030960'),('25','068290'),('4','021240'),('4','024940'),('4','192400'),('4','008800'),('4','056080'),('4','284740'),('4','044340'),('4','234920'),('4','225650'),('4','067170'),('4','009450'),('4','066130'),('4','014470'),('4','037070'),('4','002700'),('58','032540'),('58','066570'),('58','078890'),('58','009140'),('58','066575'),('58','115160'),('58','057880'),('58','058220'),('58','064240'),('58','134580'),('58','028080'),('58','060570'),('58','038950'),('58','032750'),('58','084730'),('58','111870'),('58','087260'),('58','008700'),('58','054630'),('58','223310'),('65','029780'),('37','109820'),('37','166480'),('37','084990'),('37','215600'),('37','078160'),('37','085660'),('37','203690'),('37','217730'),('37','086820'),('37','226950'),('37','191420'),('37','095700'),('37','299660'),('37','214370'),('37','950160'),('37','174900'),('37','187420'),('37','185490'),('37','038070'),('37','042520'),('37','298380'),('37','145020'),('37','196170'),('37','217330'),('37','115180'),('37','011000'),('37','086900'),('37','206650'),('37','142760'),('37','196300'),('37','054050'),('37','087010'),('37','031390'),('37','092040'),('37','222110'),('37','039200'),('37','049960'),('37','064550'),('37','154030'),('37','208340'),('37','263050'),('37','268600'),('37','246710'),('51','000270'),('51','005380'),('51','005389'),('51','005385'),('51','005387'),('51','000040'),('51','003620'),('51','900140'),('11','030000'),('11','216050'),('11','010470'),('11','048550'),('11','035000'),('11','089600'),('11','214320'),('11','230360'),('11','123570'),('45','067630'),('45','112240'),('45','103130'),('45','078940'),('45','137950'),('45','095910'),('45','099220'),('45','043200'),('45','041590'),('45','011930'),('9','008350'),('9','008355'),('9','006570'),('9','083660'),('9','079000'),('9','014280'),('9','039020'),('9','090410'),('9','022220'),('9','192390'),('9','005750'),('9','006050'),('9','058730'),('9','060260'),('9','035200'),('9','038010'),('9','014285'),('9','018310'),('70','000120'),('70','086280'),('70','014130'),('70','000700'),('70','004365'),('70','052300'),('70','032280'),('70','004140'),('70','009070'),('70','002320'),('70','009180'),('70','129260'),('70','001140'),('70','004360'),('18','068400'),('18','084670'),('18','000650'),('18','095570'),('18','038390'),('18','024800'),('23','032640'),('23','017670'),('75','900250'),('75','005690'),('75','093370'),('75','104830'),('75','120240'),('75','115570'),('75','220260'),('75','025000'),('75','001340'),('75','104480'),('75','003240'),('75','005190'),('75','066430'),('75','005070'),('75','298000'),('75','051910'),('75','222420'),('75','298050'),('75','011500'),('75','131100'),('75','051915'),('75','002840'),('75','091970'),('75','011790'),('75','003080'),('75','004255'),('75','006650'),('75','007590'),('75','011170'),('75','012610'),('75','055490'),('75','065940'),('75','092230'),('75','089010'),('75','011780'),('75','00088K'),('75','024070'),('75','161000'),('75','009835'),('75','102710'),('75','004090'),('75','036670'),('75','268280'),('75','011785'),('75','079980'),('75','002020'),('75','045060'),('75','008370'),('75','069260'),('75','110020'),('75','000880'),('75','036640'),('75','001390'),('75','007770'),('75','006380'),('75','251370'),('75','006890'),('75','014440'),('75','004000'),('75','009830'),('75','014830'),('75','138490'),('75','003830'),('75','005950'),('75','006840'),('75','221980'),('75','005420'),('75','003720'),('75','028040'),('75','100250'),('75','050760'),('75','048830'),('75','102260'),('75','083420'),('75','000760'),('75','003670'),('75','002810'),('75','290380'),('75','134380'),('75','004250'),('75','178920'),('75','007690'),('75','107590'),('75','120115'),('75','086520'),('75','001570'),('75','097870'),('75','014680'),('75','010060'),('75','002025'),('75','014190'),('75','121600'),('75','025860'),('75','120110'),('75','003780'),('75','023450'),('75','004430'),('75','28513K'),('75','285130'),('75','114630'),('75','017890'),('75','221610'),('75','000885'),('75','002360'),('75','002100'),('75','196700'),('75','001550'),('75','187790'),('75','010640'),('75','051630'),('35','217600'),('35','086040'),('35','036180'),('35','182400'),('35','084650'),('35','131220'),('35','205470'),('35','083790'),('35','180400'),('35','127120'),('35','238120'),('35','950130'),('35','245620'),('35','008490'),('35','206640'),('35','241820'),('35','038290'),('35','215380'),('35','048530'),('35','141080'),('35','039860'),('35','068330'),('35','096530'),('35','046210'),('17','033780'),('52','290120'),('52','018880'),('52','002630'),('52','009620'),('52','071850'),('52','154040'),('52','005725'),('52','024830'),('52','282690'),('52','088290'),('52','013720'),('52','067570'),('52','204320'),('52','126640'),('52','123700'),('52','010580'),('52','002355'),('52','007530'),('52','011210'),('52','020400'),('52','036530'),('52','046070'),('52','075180'),('52','134780'),('52','145210'),('52','161390'),('52','021820'),('52','025530'),('52','004105'),('52','017370'),('52','012330'),('52','008500'),('52','025540'),('52','024740'),('52','122350'),('52','021650'),('52','023810'),('52','023000'),('52','072470'),('52','105330'),('52','010690'),('52','085910'),('52','005710'),('52','060980'),('52','016740'),('52','005720'),('52','090150'),('52','122690'),('52','004490'),('52','018500'),('52','053270'),('52','031510'),('52','012200'),('52','023890'),('52','123040'),('52','006660'),('52','900080'),('52','024120'),('52','007340'),('52','053060'),('52','015750'),('52','000240'),('52','241690'),('52','004100'),('52','002920'),('52','143210'),('52','010100'),('52','900260'),('52','113810'),('52','170030'),('52','045520'),('52','013870'),('52','010770'),('52','000430'),('52','078590'),('52','064960'),('52','212560'),('52','265560'),('52','033530'),('52','041650'),('52','009680'),('52','089470'),('52','048430'),('52','053700'),('52','090080'),('52','073240'),('52','128540'),('52','012280'),('52','004840'),('52','011320'),('52','038110'),('52','092780'),('52','234100'),('52','002350'),('52','126600'),('52','105550'),('52','001380'),('52','130740'),('52','093380'),('52','007860'),('52','152330'),('52','040610'),('52','104040'),('52','900100'),('52','003570'),('52','080440'),('52','019770'),('52','092200'),('52','900280'),('52','118990'),('52','001620'),('52','012205'),('52','024900'),('52','214330'),('52','043370'),('52','025440'),('52','073070'),('52','023800'),('52','001420'),('52','013520'),('52','066590'),('52','080470'),('52','033250'),('52','009320'),('52','019540'),('52','002880'),('52','005030'),('52','005850'),('52','038880'),('52','215360'),('52','013310'),('52','161570'),('52','123410'),('52','000300'),('52','200880'),('52','065500'),('52','130500'),('52','019180'),('52','033600'),('52','012860'),('52','024910'),('52','041930'),('52','054300'),('52','086250'),('49','000145'),('49','007390'),('49','000140'),('49','000087'),('49','033920'),('49','000080'),('49','005300'),('49','004650'),('49','018120'),('49','043650'),('49','189980'),('49','023150'),('49','005305'),('49','023900'),('49','000890'),('55','009470'),('55','247540'),('55','036010'),('55','001820'),('55','257370'),('55','043590'),('55','006400'),('55','187270'),('55','302430'),('55','006405'),('55','217820'),('55','131390'),('55','026890'),('55','312610'),('55','058610'),('55','002230'),('55','053160'),('55','259630'),('55','082920'),('55','079960'),('55','137400'),('55','066970'),('55','196490'),('55','005680'),('55','047310'),('55','014915'),('55','014910'),('55','027040'),('55','012340'),('55','089980'),('55','290670'),('55','033180'),('55','222080'),('55','042110'),('55','243840'),('55','037030'),('55','043260'),('55','288620'),('48','055550'),('48','105560'),('48','006220'),('48','139130'),('48','086790'),('48','024110'),('48','316140'),('48','138930'),('48','175330'),('22','900270'),('22','002450'),('22','039830'),('22','024950'),('22','123750'),('22','050120'),('22','088390'),('22','066910'),('22','031860'),('62','00680K'),('62','006800'),('62','030610'),('62','003460'),('62','008560'),('62','001720'),('62','016360'),('62','001275'),('62','001755'),('62','001725'),('62','005945'),('62','003475'),('62','006805'),('62','003547'),('62','003535'),('62','001290'),('62','005940'),('62','001270'),('62','078020'),('62','003545'),('62','003465'),('62','071055'),('62','001515'),('62','071050'),('62','001510'),('62','030210'),('62','039490'),('62','003540'),('62','001200'),('62','003470'),('62','003530'),('62','016610'),('62','001750'),('62','001500'),('1','063570'),('1','038160'),('1','072770'),('1','032680'),('1','115310'),('1','214180'),('1','213090'),('1','307950'),('1','007120'),('1','018260'),('1','070590'),('1','042500'),('1','053300'),('1','050960'),('1','042000'),('1','035600'),('1','286940'),('1','050540'),('1','950110'),('1','039290'),('1','010280'),('1','045510'),('1','046110'),('1','032685'),('1','077280'),('1','046440'),('1','012030'),('1','115500'),('1','067010'),('1','124500'),('1','038540'),('1','039420'),('1','066980'),('1','064480'),('1','093320'),('1','234300'),('1','079940'),('1','035510'),('1','020180'),('1','267850'),('1','022100'),('1','045390'),('1','040350'),('1','173130'),('1','094480'),('1','067730'),('1','041460'),('1','263800'),('1','065440'),('1','066410'),('1','023590'),('1','072130'),('1','064260'),('1','052600'),('1','030790'),('1','049480'),('1','031820'),('1','242040'),('1','060250'),('1','069410'),('1','139050'),('16','036800'),('16','030200'),('16','036630'),('16','025770'),('16','006490'),('53','015760'),('53','130660'),('53','051600'),('53','052690'),('41','000060'),('41','000810'),('41','000815'),('41','138040'),('41','003690'),('41','000370'),('41','001450'),('41','000400'),('41','000545'),('41','000540'),('41','005830'),('41','000547'),('31','210980'),('31','123890'),('31','034830'),('31','034810'),('31','001000'),('69','089590'),('69','003495'),('69','18064K'),('69','298690'),('69','272450'),('69','003490'),('69','020560'),('69','180640'),('69','091810'),('69','036000'),('69','004870'),('32','047400'),('32','001560'),('32','075970'),('32','010040'),('32','079170'),('32','058430'),('32','005810'),('32','004565'),('32','010130'),('32','081000'),('32','000480'),('32','015890'),('32','012800'),('32','018470'),('32','004560'),('32','014580'),('32','021050'),('32','037760'),('32','060480'),('32','103140'),('32','128660'),('32','001780'),('32','155660'),('32','024090'),('32','006110'),('32','069460'),('32','025820'),('32','081150'),('32','009190'),('32','177830'),('32','032560'),('32','065620'),('32','009730'),('29','001745'),('29','001740'),('29','000157'),('29','004800'),('29','02826K'),('29','000150'),('29','001040'),('29','034730'),('29','003550'),('29','000155'),('29','028260'),('29','001045'),('29','016880'),('29','003555'),('29','03473K'),('46','215090'),('46','263540'),('46','065450'),('46','012450'),('46','230980'),('46','221840'),('46','005870'),('46','079550'),('46','010820'),('46','214430'),('46','067390'),('46','047810'),('46','099320'),('14','136660'),('14','279060'),('14','221800'),('14','086460'),('14','140290'),('14','270660'),('14','066830'),('14','116100'),('14','277880'),('14','163430'),('14','276240'),('14','044990'),('14','232830'),('14','311060'),('14','227420'),('14','303360'),('14','225860'),('14','224810'),('14','244880'),('14','217910'),('14','148780'),('14','299670'),('14','210610'),('14','288490'),('14','086220'),('14','058970'),('14','210120'),('14','246250'),('14','099350'),('14','203400'),('14','309900'),('14','323230'),('14','279600'),('14','240340'),('14','122050'),('14','278380'),('14','114920'),('14','199800'),('14','251280'),('14','307870'),('14','317240'),('14','299170'),('14','264290'),('14','276920'),('14','121060'),('14','099340'),('14','262830'),('14','270520'),('14','307280'),('14','310870'),('14','311270'),('14','257730'),('14','140910'),('14','064850'),('14','065370'),('14','083370'),('14','083380'),('14','086080'),('14','092590'),('14','103660'),('14','107640'),('14','112190'),('14','120780'),('14','135160'),('14','135270'),('14','149010'),('14','153360'),('14','158300'),('14','162120'),('14','179720'),('14','183350'),('14','183410'),('14','191600'),('14','199290'),('14','200580'),('14','202960'),('14','205290'),('14','207490'),('14','208850'),('14','211050'),('14','214610'),('14','215050'),('14','217320'),('14','217880'),('14','220110'),('14','223220'),('14','224020'),('14','224760'),('14','224880'),('14','225220'),('14','225850'),('14','226610'),('14','228180'),('14','230400'),('14','232330'),('14','232530'),('14','232680'),('14','233250'),('14','234070'),('14','236030'),('14','241510'),('14','242350'),('14','243870'),('14','245450'),('14','247300'),('14','251960'),('14','252370'),('14','256840'),('14','260970'),('14','261200'),('14','264850'),('14','265920'),('14','266170'),('14','266870'),('14','267060'),('14','267320'),('14','267810'),('14','270020'),('14','271400'),('14','271780'),('14','278990'),('14','281310'),('14','281410'),('14','281740'),('14','284420'),('14','284620'),('14','285770'),('14','299480'),('14','302920'),('14','303030'),('14','310200'),('14','310840'),('14','311840'),('14','314130'),('14','323350'),('14','155900'),('14','265480'),('14','094800'),('14','291230'),('14','313750'),('14','322780'),('14','323940'),('14','152550'),('14','172580'),('14','302550'),('14','180060'),('14','271740'),('14','273060'),('14','309930'),('14','321260'),('14','279410'),('14','291210'),('14','307070'),('14','307750'),('14','317030'),('14','233990'),('14','168490'),('14','270210'),('14','307160'),('14','277480'),('14','096300'),('14','287410'),('14','319400'),('14','220250'),('14','159650'),('14','229500'),('14','126340'),('14','308700'),('14','306620'),('14','088260'),('14','176750'),('14','293940'),('14','284610'),('14','258250'),('14','145270'),('14','307180'),('14','250930'),('14','217950'),('14','204210'),('14','258790'),('14','186230'),('14','239890'),('14','323280'),('14','067370'),('14','297570'),('14','215570'),('14','238500'),('14','150440'),('14','260870'),('14','200350'),('14','254120'),('14','189540'),('14','317320'),('14','088980'),('14','216280'),('14','222670'),('14','140610'),('14','208890'),('14','229000'),('14','076340'),('14','140660'),('14','216400'),('14','271850'),('14','189330'),('14','222160'),('14','189350'),('14','206950'),('14','258050'),('14','258540'),('14','084440'),('14','199150'),('14','236340'),('14','101360'),('14','178600'),('14','212310'),('14','185190'),('36','085620'),('36','032830'),('36','079440'),('36','082640'),('36','088350'),('63','016385'),('63','002220'),('63','016380'),('63','058650'),('63','004890'),('63','012160'),('63','001430'),('63','071090'),('63','023440'),('63','012620'),('63','000590'),('63','060380'),('63','003030'),('63','001080'),('63','019440'),('63','120030'),('63','017480'),('63','005160'),('63','005010'),('63','026940'),('63','005490'),('63','002690'),('63','039240'),('63','001940'),('63','053260'),('63','000970'),('63','023790'),('63','008260'),('63','021045'),('63','104700'),('63','004020'),('63','002240'),('63','001230'),('63','306200'),('63','002710'),('63','032860'),('63','008420'),('63','025550'),('63','001770'),('63','084010'),('63','026910'),('63','140520'),('63','008970'),('63','007280'),('63','048470'),('63','009520'),('63','021040'),('63','069730'),('63','263770'),('43','005440'),('43','004590'),('43','250000'),('43','227840'),('43','051500'),('43','006880'),('43','051160'),('20','171090'),('20','045890'),('20','080000'),('20','036170'),('20','004710'),('20','088130'),('20','040910'),('20','079950'),('20','255440'),('20','160600'),('20','036490'),('20','090740'),('20','170920'),('20','214310'),('20','278280'),('20','123260'),('20','096870'),('20','079810'),('20','073110'),('20','054620'),('20','011690'),('20','068790'),('20','082800'),('20','083930'),('20','123860'),('20','155650'),('20','042600'),('20','177350'),('20','138690'),('20','059100'),('20','153490'),('20','054040'),('20','137940'),('20','095500'),('20','067770'),('20','009310'),('20','033050'),('20','131760'),('20','197210'),('20','141000'),('20','036090'),('20','090470'),('20','038060'),('20','051360'),('20','108320'),('20','063760'),('20','046890'),('20','049120'),('20','110990'),('20','161580'),('20','251630'),('20','069330'),('20','900290'),('20','213420'),('20','054090'),('20','071280'),('20','039230'),('20','226440'),('20','065130'),('20','094970'),('20','117730'),('20','238490'),('20','083500'),('20','108230'),('20','121850'),('20','149950'),('20','037400'),('20','001210'),('20','027580'),('20','049950'),('20','082850'),('20','043290'),('20','062860'),('20','136510'),('20','109740'),('20','114570'),('20','078150'),('20','265520'),('20','143540'),('20','050090'),('20','127160'),('20','187870'),('20','052420'),('20','176560'),('20','256940'),('20','037330'),('20','056700'),('38','091090'),('38','003650'),('38','010950'),('38','065420'),('38','010955'),('38','096775'),('38','267250'),('38','002960'),('38','078935'),('38','006125'),('38','096770'),('38','012320'),('38','014530'),('38','078930'),('38','128820'),('38','024060'),('38','038620'),('38','006120'),('38','000440'),('38','093230'),('30','071320'),('30','151860'),('6','138610'),('6','214150'),('6','258830'),('6','145720'),('6','058110'),('6','150840'),('6','065510'),('6','048870'),('6','099190'),('6','104540'),('6','004080'),('6','156100'),('6','228850'),('6','048260'),('6','100700'),('6','246960'),('6','142280'),('6','100120'),('6','032940'),('6','085370'),('6','056090'),('6','119610'),('6','179290'),('6','006140'),('6','059210'),('6','049180'),('6','263690'),('6','043100'),('6','122310'),('6','208370'),('6','039840'),('6','305090'),('6','226400'),('6','043150'),('6','290660'),('6','041920'),('6','290650'),('6','253840'),('6','054950'),('6','041830'),('6','246720'),('6','228760'),('6','08537M'),('6','149980'),('6','214680'),('6','118000'),('6','219750'),('66','043360'),('66','032790'),('66','096690'),('66','045660'),('66','224110'),('66','093190'),('66','044380'),('66','065690'),('66','004920'),('66','066110'),('66','089150'),('66','131180'),('66','094940'),('66','049550'),('66','012600'),('61','213500'),('61','109070'),('61','002820'),('61','078130'),('61','002300'),('61','001810'),('61','036620'),('61','001020'),('61','004545'),('61','000180'),('61','004150'),('61','006740'),('61','009580'),('61','009200'),('61','004540'),('34','054220'),('34','012750'),('34','049720'),('34','143240'),('34','069140'),('34','034310'),('34','060150'),('34','094280'),('34','058850'),('34','058860'),('34','030190'),('34','122900'),('34','092130'),('34','020710'),('34','029960'),('34','006730'),('34','036120'),('34','034950'),('34','130580'),('34','090850'),('34','043910'),('34','046120'),('34','072520'),('67','189300'),('67','029480'),('67','138080'),('67','032500'),('67','218410'),('67','078070'),('67','065530'),('67','230240'),('67','039010'),('67','149940'),('67','069540'),('67','170790'),('67','192410'),('67','148250'),('67','264450'),('67','019490'),('67','065570'),('67','088800'),('67','073490'),('67','214870'),('67','036690'),('67','109080'),('67','033790'),('67','200230'),('67','178320'),('67','050890'),('67','052860'),('67','065770'),('67','033230'),('67','072950'),('67','056360'),('67','052460'),('67','215790'),('67','089850'),('67','015710'),('67','037460'),('67','046970'),('67','095270'),('67','031310'),('67','007630'),('67','115440'),('67','091440'),('67','035460'),('67','100590'),('67','073540'),('67','038680'),('67','039560'),('28','067830'),('28','023530'),('28','037710'),('28','282330'),('28','004170'),('28','069960'),('28','139480'),('28','006370'),('28','027390'),('28','027410'),('28','007070'),('28','019010'),('47','003100'),('47','005430'),('60','103230'),('60','017960'),('60','028300'),('60','101930'),('60','101000'),('60','102210'),('60','054180'),('60','010620'),('60','053660'),('60','077970'),('60','009540'),('60','042660'),('60','010140'),('60','092460'),('60','100090'),('60','082740'),('60','003480'),('60','108380'),('60','010145'),('60','099410'),('60','014940'),('60','033500'),('60','133820'),('60','075580'),('60','073010'),('60','064820'),('60','097230'),('39','225590'),('39','005390'),('39','010600'),('39','016090'),('39','002170'),('39','098660'),('39','105630'),('39','081660'),('39','144620'),('39','009970'),('39','900040'),('39','900110'),('39','017680'),('39','030270'),('39','110790'),('39','001530'),('39','001070'),('39','002070'),('39','000950'),('39','298020'),('39','007700'),('39','001460'),('39','090370'),('39','000680'),('39','004700'),('39','011330'),('39','005800'),('39','263020'),('39','004060'),('39','093050'),('39','047770'),('39','088790'),('39','008290'),('39','011300'),('39','111770'),('39','008600'),('39','069640'),('39','033290'),('39','001465'),('39','039980'),('39','020000'),('39','215480'),('39','004835'),('39','003610'),('39','093240'),('39','003200'),('39','011080'),('39','101140'),('39','005320'),('39','065060'),('39','000050'),('39','194370'),('39','035150'),('39','006060'),('39','241590'),('39','032080'),('39','031430'),('39','007980'),('39','111110'),('39','038530'),('39','016450'),('39','026040'),('39','102280'),('39','204020'),('39','024890'),('39','009275'),('39','064800'),('39','159580'),('39','308100'),('39','013990'),('39','014990'),('39','009270'),('39','033340'),('39','267790'),('39','004830'),('39','084870'),('44','089230'),('44','035420'),('44','035720'),('44','214270'),('44','067160'),('44','020120'),('44','057680'),('44','239340'),('50','069920'),('50','080010'),('50','057050'),('50','111820'),('50','035080'),('50','036030'),('50','138250'),('50','028150'),('50','108790'),('50','141020'),('50','053280'),('50','119860'),('27','047820'),('27','053110'),('27','018700'),('27','173940'),('27','058400'),('27','046140'),('27','035760'),('27','101060'),('27','078860'),('27','036260'),('27','066790'),('27','060300'),('27','052220'),('27','034120'),('27','299900'),('27','037560'),('27','104200'),('27','068050'),('27','011420'),('27','126560'),('27','051780'),('27','040300'),('27','079160'),('27','052190'),('27','033830'),('27','015020'),('27','053210'),('27','002420'),('27','046390'),('27','003560'),('27','160550'),('27','122870'),('27','054780'),('27','048910'),('27','122450'),('27','206560'),('27','037270'),('27','204630'),('27','043610'),('27','182360'),('27','253450'),('27','041510'),('27','012170'),('27','032800'),('27','036420'),('27','039340'),('27','063440'),('27','035900'),('27','086980'),('27','058420'),('12','134060'),('12','133750'),('12','215100'),('12','067280'),('12','040420'),('12','225330'),('12','100220'),('12','019685'),('12','053290'),('12','035290'),('12','072870'),('12','019680'),('12','215200'),('12','095720'),('12','096240'),('12','068930'),('12','057030'),('12','108490'),('12','038340'),('21','034220'),('21','020760'),('57','121890'),('57','250060'),('57','008110'),('57','125210'),('57','187220'),('57','020150'),('57','099520'),('57','038460'),('57','131400'),('57','031330'),('57','140860'),('57','143160'),('57','094840'),('57','050320'),('57','007815'),('57','140670'),('57','115530'),('57','236200'),('57','00806K'),('57','033110'),('57','068240'),('57','096040'),('57','009155'),('57','009150'),('57','060230'),('57','066900'),('57','005290'),('57','036710'),('57','051370'),('57','007660'),('57','033200'),('57','052330'),('57','00781K'),('57','016920'),('57','082210'),('57','004770'),('57','072990'),('57','007810'),('57','033240'),('57','032960'),('57','017250'),('57','068940'),('57','222800'),('57','203450'),('57','065350'),('57','098460'),('57','053450'),('57','011070'),('57','121800'),('57','263810'),('57','032820'),('57','093520'),('57','069510'),('57','225190'),('57','054800'),('57','092300'),('57','008060'),('57','078600'),('57','039740'),('57','101390'),('57','011230'),('57','090460'),('57','017900'),('57','046310'),('57','085670'),('57','057540'),('57','091340'),('57','004270'),('57','051380'),('57','272290'),('57','042040'),('57','015260'),('57','083640'),('57','033320'),('57','052020'),('57','052400'),('68','115390'),('68','009810'),('68','008730'),('68','033310'),('68','011280'),('68','006580'),('68','008870'),('68','016590'),('68','005090'),('68','004450'),('68','251970'),('68','009460'),('68','005820'),('68','049830'),('68','004780'),('68','002030'),('68','017650'),('68','002310'),('68','027970'),('68','272550'),('68','002200'),('68','023600'),('68','037230'),('68','014820'),('68','002870'),('68','115960'),('68','014160'),('68','014970'),('68','014825'),('13','096350'),('13','104460'),('13','073640'),('13','241560'),('13','100840'),('13','010660'),('13','050860'),('13','010240'),('13','008830'),('13','015590'),('13','015230'),('13','000850'),('13','004380'),('13','033540'),('13','044780'),('13','086670'),('13','076080'),('13','119500'),('13','138070'),('13','054540'),('13','024880'),('13','084180'),('13','122800'),('13','101680'),('13','105840'),('13','109860'),('13','195990'),('13','100660'),('13','053590'),('13','163560'),('13','148140'),('13','008470'),('13','049430'),('13','013030'),('13','000490'),('13','044490'),('13','043220'),('13','036890'),('13','042670'),('13','126880'),('13','900070'),('13','210540'),('13','034020'),('13','101170'),('13','085310'),('13','056190'),('13','095190'),('13','044060'),('13','083650'),('13','036560'),('13','033430'),('13','025890'),('13','051490'),('13','009440'),('13','013810'),('13','114190'),('13','054410'),('13','017550'),('13','011700'),('13','141070'),('13','023160'),('13','013570'),('13','009160'),('13','126870'),('13','060310'),('13','019990'),('13','158310'),('13','099440'),('13','048770'),('13','090360'),('13','064350'),('13','039610'),('13','041440'),('13','007820'),('13','019210'),('13','017800'),('13','074610'),('13','002900'),('13','007460'),('13','043340'),('13','071970'),('13','119650'),('13','100130'),('13','014620'),('13','090710'),('13','105740'),('13','092440'),('13','018000'),('13','071670'),('13','267270'),('13','014200'),('13','089140'),('13','049800'),('13','258610'),('13','064510'),('13','112610'),('72','179900'),('72','096640'),('72','061040'),('72','263600'),('72','054210'),('72','190510'),('72','192650'),('72','122990'),('72','091120'),('72','049070'),('72','211270'),('72','106520'),('72','094190'),('72','079190'),('72','096610'),('72','106080'),('72','050110'),('72','083470'),('72','054340'),('72','106240'),('72','033560'),('72','094170'),('72','174880'),('72','049520'),('72','066670'),('72','000670'),('72','226350'),('72','175140'),('72','097780'),('72','081580'),('72','060720'),('72','176440'),('72','093920'),('72','065680'),('72','078650'),('72','058450'),('72','151910'),('72','126700'),('72','091700'),('72','191410'),('72','181340'),('72','076610'),('72','025320'),('72','091580'),('72','227100'),('72','193250'),('72','285490'),('72','082660'),('72','060540'),('72','041520'),('72','052710'),('72','114120'),('72','096630'),('72','037950'),('72','123840'),('72','115610'),('72','196450'),('72','208710'),('72','192440'),('72','290740'),('72','101330'),('72','097520'),('72','290550'),('72','049630'),('72','238090'),('72','070300'),('72','045970'),('72','178780'),('26','077360'),('26','219130'),('26','024850'),('26','054940'),('26','057500'),('26','200710'),('26','061970'),('26','089030'),('26','147760'),('26','059120'),('26','053610'),('26','253590'),('26','122640'),('26','160980'),('26','119830'),('26','045300'),('26','131970'),('26','064520'),('26','077500'),('26','080220'),('26','086390'),('26','036540'),('26','087600'),('26','078350'),('26','033640'),('26','092870'),('26','101160'),('26','171010'),('26','058470'),('26','195870'),('26','039440'),('26','003160'),('26','074600'),('26','031980'),('26','083310'),('26','052900'),('26','131290'),('26','083450'),('26','269620'),('26','281820'),('26','036830'),('26','241770'),('26','241790'),('26','089970'),('26','098120'),('26','064760'),('26','123010'),('26','073570'),('26','006200'),('26','005935'),('26','087730'),('26','042700'),('26','029460'),('26','039030'),('26','000660'),('26','200470'),('26','037350'),('26','064290'),('26','089790'),('26','033170'),('26','183300'),('26','036810'),('26','217500'),('26','089890'),('26','033160'),('26','092220'),('26','092070'),('26','166090'),('26','036930'),('26','067310'),('26','232140'),('26','083550'),('26','142210'),('26','025560'),('26','054450'),('26','089530'),('26','114810'),('26','095340'),('26','117670'),('26','092600'),('26','032580'),('26','093640'),('26','240810'),('26','080520'),('26','000990'),('26','217190'),('26','036200'),('26','066310'),('26','144960'),('26','095610'),('26','264660'),('26','140070'),('26','084370'),('26','080580'),('26','097800'),('26','030530'),('26','094360'),('26','049080'),('26','102120'),('26','059090'),('26','000995'),('26','101400'),('26','182690'),('26','101490'),('26','319660'),('26','079370'),('26','224060'),('26','082270'),('26','227950'),('8','003580'),('8','025900'),('8','051980'),('8','000910'),('8','255220'),('8','090355'),('8','228340'),('8','001525'),('8','004910'),('8','109610'),('8','000325'),('8','171120'),('8','000390'),('8','004440'),('8','001527'),('8','079650'),('8','003410'),('8','225530'),('8','000860'),('8','300720'),('8','004985'),('8','003300'),('8','108675'),('8','090350'),('8','000320'),('8','001529'),('8','108670'),('8','060560'),('8','025750'),('8','003415'),('8','011390'),('8','007210'),('8','001520'),('8','008250'),('8','023410'),('8','002380'),('8','183190'),('8','006390'),('8','038500'),('8','198440'),('8','226360'),('8','006920'),('8','004980'),('8','007110'),('73','111710'),('73','084680'),('73','065150'),('73','035480'),('73','031440'),('73','035250'),('73','950170'),('73','094850'),('73','104620'),('73','008775'),('73','008770'),('73','039130'),('73','217620'),('73','204620'),('73','032350'),('73','114090'),('73','039310'),('73','025980'),('73','080160'),('73','034230'),('73','070960'),('10','063080'),('10','060240'),('10','215000'),('10','205500'),('10','263750'),('10','023770'),('10','121440'),('10','052770'),('10','194510'),('10','192080'),('10','206400'),('10','299910'),('10','123420'),('10','042420'),('10','036570'),('10','056000'),('10','217270'),('10','225570'),('10','950180'),('10','035620'),('10','208640'),('10','251270'),('10','069080'),('10','041140'),('10','181710'),('10','078340'),('10','194480'),('10','095660'),('10','030350'),('10','112040'),('10','101730'),('10','058630'),('10','047080'),('10','052790'),('10','201490'),('10','067000'),('42','017810'),('42','002600'),('42','030720'),('42','002140'),('42','222980'),('42','001130'),('42','220630'),('42','277410'),('42','003920'),('42','003680'),('42','003230'),('42','005740'),('42','084695'),('42','097955'),('42','009780'),('42','26490K'),('42','006090'),('42','290720'),('42','264900'),('42','097950'),('42','280360'),('42','084690'),('42','005745'),('42','005990'),('42','900340'),('42','049770'),('42','002680'),('42','003925'),('42','00499K'),('42','001685'),('42','004970'),('42','006980'),('42','025870'),('42','005180'),('42','001790'),('42','136480'),('42','005610'),('42','000075'),('42','218150'),('42','145990'),('42','003960'),('42','014710'),('42','007310'),('42','004415'),('42','001680'),('42','003380'),('42','101530'),('42','016790'),('42','001795'),('42','011155'),('42','006040'),('42','004370'),('42','027740'),('42','001799'),('42','002270'),('42','003310'),('42','267980'),('42','088910'),('42','136490'),('42','002760'),('42','027710'),('42','026960'),('42','248170'),('42','007540'),('42','036580'),('42','005860'),('42','005670'),('42','145995'),('42','271560'),('42','011150'),('42','073560'),('42','004410'),('42','066360'),('42','007160'),('42','004990'),('42','035810'),('42','072710'),('42','208140'),('42','008040'),('42','001800'),('42','025880'),('42','000070'),('56','056730'),('56','065650'),('56','071840'),('56','010420'),('56','115480'),('56','067990'),('59','065660'),('59','204990'),('59','069620'),('59','153710'),('59','009290'),('59','106190'),('59','238200'),('59','058820'),('59','060590'),('59','002210'),('59','002720'),('59','074430'),('59','114450'),('59','183490'),('59','066700'),('59','018680'),('59','000220'),('59','000230'),('59','003220'),('59','019170'),('59','003090'),('59','041910'),('59','102940'),('59','271980'),('59','000105'),('59','001540'),('59','004310'),('59','034940'),('59','053950'),('59','072020'),('59','011040'),('59','086890'),('59','019175'),('59','012790'),('59','000227'),('59','009300'),('59','140410'),('59','239610'),('59','001630'),('59','003060'),('59','128940'),('59','249420'),('59','009420'),('59','003120'),('59','003000'),('59','067080'),('59','005500'),('59','220100'),('59','214390'),('59','007575'),('59','044820'),('59','061250'),('59','084110'),('59','054670'),('59','052670'),('59','185750'),('59','007370'),('59','260660'),('59','002620'),('59','000225'),('59','102460'),('59','023910'),('59','041960'),('59','168330'),('59','002800'),('59','016580'),('59','065170'),('59','200670'),('59','007570'),('59','091990'),('59','115450'),('59','006620'),('59','293480'),('59','004720'),('59','002390'),('59','063160'),('59','234080'),('59','170900'),('59','014570'),('59','078140'),('59','131030'),('59','001360'),('59','017180'),('59','003850'),('59','001060'),('59','008930'),('59','000640'),('59','243070'),('59','036480'),('59','005257'),('59','000020'),('59','000250'),('59','003520'),('59','237690'),('59','033270'),('59','047920'),('59','000100'),('59','068760'),('59','900120'),('59','086060'),('59','214450'),('59','005250'),('59','194700'),('59','053030'),('59','293780'),('59','068270'),('59','109960'),('59','086450'),('59','207940'),('59','043090'),('59','006280'),('59','001065'),('59','080720'),('59','270870'),('59','204840'),('59','200780'),('59','001067'),('59','032980'),('59','222040'),('59','000520'),('59','044960'),('59','018620'),('59','067290'),('59','096760'),('24','037370'),('24','001120'),('24','047050'),('24','001250'),('24','003010'),('24','011760'),('24','011810'),('3','015360'),('3','117580'),('3','053050'),('3','034590'),('3','015350'),('3','017390'),('3','004690'),('3','017940'),('3','267290'),('3','018670'),('3','016710'),('3','036460'),('15','023460'),('15','007330'),('15','023760'),('15','021880'),('15','010050'),('15','012700'),('15','033660'),('54','119850'),('54','000500'),('54','103590'),('54','001440'),('54','015860'),('54','042370'),('54','229640'),('54','010120'),('54','010170'),('54','189860'),('54','237750'),('54','024810'),('54','267260'),('54','017040'),('54','006260'),('54','024840'),('54','006910'),('54','298040'),('54','017510'),('54','007610'),('54','006345'),('54','006340'),('54','147830'),('54','033100'),('40','195440'),('40','131370'),('40','053580'),('40','203650'),('40','222810'),('40','153460'),('40','108860'),('40','094860'),('40','290270'),('40','040160'),('40','086960'),('40','045340'),('40','054920'),('40','067920'),('40','078000'),('40','136540'),('40','085810'),('40','263860'),('40','184230'),('40','032190'),('40','049470'),('40','139670'),('40','053350'),('40','079970'),('40','016670'),('40','208860'),('40','189690'),('40','012510'),('40','100030'),('40','075130'),('40','053800'),('40','275630'),('40','047560'),('40','197140'),('40','219420'),('40','138580'),('40','220180'),('40','042510'),('40','041020'),('40','131090'),('40','030520'),('40','150900'),('40','192250'),('40','208350'),('40','205100'),('40','053980'),('40','065710'),('7','007680'),('7','002290'),('7','004200'),('7','044180'),('7','005450'),('7','036190'),('7','001470'),('7','091590'),('7','002785'),('7','002460'),('7','000725'),('7','037440'),('7','013700'),('7','003075'),('7','065950'),('7','028100'),('7','013580'),('7','016250'),('7','039570'),('7','002995'),('7','011160'),('7','010780'),('7','009410'),('7','004960'),('7','002150'),('7','028050'),('7','000215'),('7','023350'),('7','011370'),('7','013120'),('7','002787'),('7','017000'),('7','060370'),('7','094820'),('7','294870'),('7','047040'),('7','002780'),('7','021320'),('7','011560'),('7','025950'),('7','012630'),('7','066620'),('7','002410'),('7','010960'),('7','042940'),('7','005965'),('7','000720'),('7','023960'),('7','034300'),('7','001880'),('7','046940'),('7','053690'),('7','045100'),('7','014790'),('7','010400'),('7','003070'),('7','035890'),('7','026150'),('7','002990'),('7','101670'),('7','006360'),('7','001260'),('7','000210'),('7','054930'),('7','001840'),('7','009415'),('7','013360'),('7','005960'),('5','043710'),('5','144510'),('2','003800'),('2','016800'),('2','134790'),('2','079430'),('2','009240'),('2','011090'),('2','073190'),('2','071950'),('33','029530'),('33','018290'),('74','226340'),('74','080530'),('74','138360'),('74','950140'),('74','227610'),('74','260930'),('74','900310'),('74','052260'),('74','019660'),('74','175250'),('74','051905'),('74','069110'),('74','214420'),('74','200130'),('74','159910'),('74','048410'),('74','090435'),('74','064090'),('74','051900'),('74','078520'),('74','027050'),('74','003350'),('74','092730'),('74','900300'),('74','263920'),('74','252500'),('74','161890'),('74','219550'),('74','123690'),('74','101240'),('74','192820'),('74','226320'),('74','217480'),('74','123330'),('74','090430'),('74','241710'),('74','024720'),('74','002795'),('74','025620'),('74','016100'),('74','002790'),('74','237880'),('19','038870'),('64','039670'),('64','127710'),('64','033130'),('64','263720'),('64','207760');
/*!40000 ALTER TABLE `tb_stock_category` ENABLE KEYS */;
UNLOCK TABLES;

--
-- Table structure for table `tb_summary_20190715_00099`
--

DROP TABLE IF EXISTS `tb_summary_20190715_00099`;
/*!40101 SET @saved_cs_client     = @@character_set_client */;
/*!40101 SET character_set_client = utf8 */;
CREATE TABLE `tb_summary_20190715_00099` (
  `stock_code` char(6) DEFAULT NULL,
  `prior_index` smallint(6) DEFAULT NULL,
  `stock_falling_rate` float DEFAULT '0',
  KEY `stock_code` (`stock_code`),
  CONSTRAINT `tb_summary_20190715_00099_ibfk_1` FOREIGN KEY (`stock_code`) REFERENCES `tb_stock_list` (`stock_code`) ON DELETE CASCADE ON UPDATE CASCADE
) ENGINE=InnoDB DEFAULT CHARSET=utf8;
/*!40101 SET character_set_client = @saved_cs_client */;

--
-- Dumping data for table `tb_summary_20190715_00099`
--

LOCK TABLES `tb_summary_20190715_00099` WRITE;
/*!40000 ALTER TABLE `tb_summary_20190715_00099` DISABLE KEYS */;
INSERT INTO `tb_summary_20190715_00099` VALUES ('207940',12,-1.7),('105560',14,0.6),('316140',32,-0.4),('251270',36,-2.7),('267250',47,-0.9),('161390',62,-1.2),('139480',66,-3.9),('241560',69,-0.1),('271560',71,-1.1),('128940',72,-0.7),('282330',76,-1.3),('215600',84,-3),('263750',99,-1.7),('138930',103,-1.2),('253450',109,2.2),('138040',114,-0.7),('180640',125,-2.8),('145020',127,-0.8),('111770',131,-2.6),('294870',132,-3.8),('214320',144,-1.6),('204320',149,-1.4),('139130',155,-0.5),('181710',156,0.2),('247540',157,0.2),('161890',158,-3.1),('240810',172,-1),('114090',173,-4),('175330',176,-0.9),('120110',177,-1.2),('307950',181,-0.2),('192080',183,-1.2),('298380',187,0),('192820',193,-1.5),('280360',195,-0.9),('284740',197,-1.9),('178920',198,4.2),('185750',203,-1.1),('192400',213,-1.6),('241590',216,-3.4),('170900',222,2.8),('214370',223,0),('115390',226,0.3),('145720',231,0.4),('105630',234,-4.2),('140410',236,1.4),('214150',237,-2.7),('278280',238,0.5),('218410',241,-0.2),('200130',245,-4),('267270',250,-0.7),('103140',254,-2.7),('115450',259,0.2),('112610',260,-2),('267980',265,-2.6),('108320',270,-3),('298020',277,0),('285130',286,-3.4),('141080',290,3),('00680K',299,-0.5),('298050',303,0.8),('145990',304,-1.5),('151910',305,-2.1),('286940',307,-4.1),('108670',308,1.5),('178320',316,1.9),('272450',317,-4.4),('138080',320,-2.6),('298000',322,-0.3),('122870',324,-1.2),('271980',331,-2.6),('243070',332,-1.1),('215000',335,2.4),('263050',336,0.4),('230360',338,-2.5),('272290',340,2.1),('200230',341,-1.2),('950160',343,0),('300720',344,-1.3),('226320',345,-0.2),('192650',350,1.9),('210980',353,1.2),('239610',355,-1.7),('183490',356,-2.1),('112040',359,-8.7),('123890',367,-0.1),('199800',370,0),('126560',371,-2.3),('249420',373,0),('182400',376,-3.6),('950180',377,-4.1),('196170',378,-1),('179900',384,7.2),('213420',385,5.2),('122990',392,-1.8),('298690',395,4),('215200',399,-0.4),('122900',402,-3.1),('293480',403,0),('214450',405,-0.7),('192440',407,-3.3),('268280',411,-0.4),('229500',421,-0.7),('314130',423,-1.1),('234080',432,-2.1),('228760',433,-4.2),('268600',436,30),('138250',437,-1.8),('183190',439,-0.2),('213500',440,2.7),('224760',441,0),('108230',446,5.8),('265520',449,-0.6),('950110',450,-5.6),('237880',452,-4.8),('102710',454,10.8),('144510',462,1.1),('152330',464,-10.1),('293940',472,-1.1),('267260',483,-1.5),('281820',489,0),('255440',491,-3.5),('101060',492,1.3),('237690',498,-2),('123860',500,-3.4),('104830',503,10.7),('00088K',504,0),('131970',509,-6.3),('217730',511,0.3),('174900',514,-3.6),('119860',515,-2.3),('100120',516,-3.5),('166090',523,3.4),('208340',525,-0.4),('298040',537,0.6),('115960',539,-4.3),('143240',552,0.4),('243840',557,-0.9),('104480',566,-3.9),('299660',568,1.1),('104700',569,-0.5),('272550',570,2.2),('251970',571,-7.2),('226950',572,0),('319660',577,1.4),('102260',579,0.4),('101530',580,-1.6),('102460',583,-1.9),('230240',584,2.6),('119610',585,-2.8),('136490',586,0),('140860',588,-0.3),('161000',590,-0.1),('102940',595,-4.4),('229640',596,0.4),('136480',597,-2.2),('267850',604,3.2),('143160',607,-1.7),('214870',608,-7.7),('950170',611,-1.6),('200670',613,-1.2),('159580',617,-6.9),('214180',626,-5),('206640',629,-3.3),('238090',630,3.4),('228850',637,-2.7),('183300',640,0.8),('110790',646,-0.2),('176440',649,0),('220630',650,-1),('293780',653,0),('214390',656,-0.3),('236200',657,-1.4),('195870',659,0),('215360',660,0.8),('263920',662,4),('284610',664,-0.8),('239340',667,4.7),('207760',668,-1.1),('251370',673,12.9),('131370',676,-1.5),('121600',682,6.2),('128820',688,-0.7),('194700',690,-2.3),('121440',695,0.2),('109740',703,-1.9),('214420',707,2.7),('241710',709,-1.8),('201490',713,-3.6),('121800',714,-5.9),('203690',716,-2.1),('189300',717,-3.2),('306200',720,-2),('217270',721,-2.3),('264450',726,-3.5),('138490',728,-1),('260930',732,-1.8),('138690',734,0.4),('191420',735,-4.7),('225570',736,2.1),('245620',739,-3.1),('271400',743,0),('194370',749,-2.1),('263720',750,-1.3),('123420',753,-3.7),('222040',754,-2.9),('110990',755,5.6),('206650',758,-2.5),('175250',762,-2.2),('282690',764,0.8),('312610',765,-2.4),('220250',769,0.8),('108790',770,-2),('122640',775,-4.4),('168490',782,0.2),('100700',789,-0.8),('206560',796,-1.4),('115180',797,0.8),('226340',800,1.4),('180400',801,0),('137940',802,-1.6),('299900',804,-3.2),('196490',806,-2.1),('108490',810,-4.2),('131390',811,-2.9),('299910',812,-2.8),('136540',815,-14.8),('232140',816,-2),('302430',819,-0.9),('125210',821,-3.8),('216050',832,-0.2),('101490',833,7.7),('138580',835,-3.9),('214430',842,1.3),('100790',844,0.6),('290670',846,6.7),('270870',847,-6.4),('251630',850,0.5),('217480',858,-1),('111710',861,-0.8),('290650',864,-1.9),('176560',866,0),('111870',870,-3.1),('225530',872,0.2),('153710',873,-0.9),('166480',875,0.7),('900140',877,-0.7),('117580',880,0),('123690',884,-1.9),('241770',886,1.7),('142760',890,-2.2),('187420',894,-0.7),('122450',897,0),('161580',898,8.9),('900250',902,0),('290120',904,-11.8),('267290',906,-0.5),('190510',907,0.8),('171120',908,0.4),('123040',911,6.6),('100130',912,-1.7),('210540',915,0),('222080',919,2.9),('100250',924,-1),('900100',926,-1.6),('307930',927,0.2),('100590',928,-4.5),('143210',934,0.6),('200880',943,-4.8),('144960',944,1.8),('131030',948,-1.9),('248170',949,0),('203650',951,-10.4),('225190',953,-0.4),('102280',954,-1.8),('200780',956,-1.7),('204620',959,-2),('115160',962,-3.7),('126700',963,-1.6),('241690',964,-3.8),('900290',970,-0.7),('277880',982,3),('151860',986,-1.5),('101330',987,-3.3),('149950',990,0.4),('214270',996,0.3),('101000',997,0),('222800',998,-1.9),('290720',999,-2.8),('179290',1000,-4.3),('141000',1013,-1.9),('100090',1017,-1.2),('263770',1018,0.9),('309900',1019,-0.8),('234920',1023,-3.5),('900300',1029,-1.3),('130580',1032,-3.3),('144620',1039,-1.6),('109610',1040,0.3),('160550',1042,1.2),('152550',1045,0),('138360',1051,0),('108380',1052,-1.9),('101160',1053,2.6),('126870',1057,-3.1),('289080',1058,-3),('200710',1061,-1.5),('290380',1069,-2.9),('263540',1070,-5.4),('214330',1072,-1),('227840',1073,-1.5),('117670',1075,4.4),('101140',1076,-4.2),('264900',1078,-0.3),('109960',1081,-2.1),('103590',1083,-0.2),('127160',1084,1.3),('255220',1087,4.1),('225330',1088,-0.2),('241790',1100,7.1),('288620',1108,-3.4),('197210',1112,-1.1),('100840',1113,-2.9),('228340',1115,0.9),('238490',1119,-6.1),('02826K',1120,-0.3),('155650',1124,-1.4),('227610',1126,-5.1),('130660',1127,-1.6),('246710',1134,-1.8),('120240',1139,5.8),('173940',1141,-0.9),('187220',1143,-1),('185490',1146,-3),('100220',1147,0.1),('238200',1169,1.4),('168330',1171,-3.4),('105840',1172,-0.4),('100030',1174,-2.3),('102120',1176,-3.5),('950140',1177,-2.9),('126880',1183,-0.2),('195990',1186,2.7),('211270',1194,-0.7),('215100',1195,-6.4),('120030',1198,-1.3),('205100',1201,-0.5),('194480',1202,4.1),('219420',1204,-3.3),('111110',1206,0),('242040',1213,0.9),('234300',1222,-0.8),('192250',1224,1),('220260',1227,10),('170920',1229,3.9),('234070',1230,2.9),('216280',1233,-2.6),('258830',1234,5),('215790',1237,-2.2),('104200',1240,-1.5),('257370',1242,3.3),('107590',1244,0.2),('221840',1248,-1.6),('226360',1254,-0.7),('140670',1257,12.5),('217620',1260,-1.3),('263700',1261,-1.3),('118990',1264,-2.6),('217600',1266,-0.7),('131100',1268,-2.1),('140070',1280,-1.4),('253840',1281,-3.8),('191600',1286,-2.8),('140610',1287,-4.4),('900260',1290,-2.4),('148250',1292,3),('260660',1293,-2.3),('950130',1294,-3),('101240',1295,-0.8),('224060',1301,-3.2),('133820',1302,-1.4),('200470',1304,-3.1),('267790',1306,-8.8),('180060',1312,0.9),('104620',1313,2.1),('900310',1316,1.5),('106190',1319,-1.5),('308100',1320,2.2),('131290',1321,2.5),('193250',1326,-0.8),('174880',1330,-2.3),('290740',1331,-4),('100660',1335,4.8),('222420',1339,-0.7),('134380',1341,1),('139670',1344,-6.6),('142280',1347,-1.5),('900270',1348,-2.6),('250060',1349,-1.8),('176750',1352,-0.5),('259630',1354,-1.1),('122350',1356,-0.5),('160980',1361,-0.7),('145210',1362,0),('263690',1364,0.1),('134790',1366,-3.2),('198440',1371,-1.8),('119830',1377,-11.5),('229000',1378,-4.5),('214680',1383,-3),('163560',1384,-0.2),('182360',1389,-3),('149980',1391,-3.2),('187870',1392,2.9),('220100',1394,-0.3),('122310',1398,-0.8),('137400',1400,-2.1),('104460',1403,-0.6),('222110',1404,0.4),('108860',1406,0),('285490',1408,-1.6),('105740',1412,-3.4),('214610',1415,-1.4),('196450',1416,-0.2),('217500',1423,5.1),('126600',1426,3.7),('119650',1427,-1.6),('109860',1430,-0.4),('205500',1432,12.9),('150840',1433,-9),('102210',1434,0),('171010',1436,19.7),('137950',1443,0.3),('112240',1446,0),('03473K',1447,0.7),('900280',1459,-1.6),('114810',1460,-1),('203400',1461,1.4),('124500',1465,1.2),('204630',1466,-2.8),('105550',1471,-4.6),('129260',1483,-0.6),('246720',1486,-1.8),('228180',1492,2.1),('155660',1493,-2),('204840',1494,-4.5),('131400',1495,-2.4),('900340',1497,-2.3),('215380',1502,-0.8),('156100',1503,0),('225650',1508,-2.8),('150440',1512,-0.3),('114120',1517,-3.8),('123410',1520,-2),('123570',1522,-3.1),('290660',1524,1.3),('134780',1525,0),('148140',1527,3.9),('241820',1537,-2),('302550',1538,-3.4),('226610',1542,0),('305090',1549,0.3),('171090',1551,-1.5),('226440',1558,1.1),('115310',1565,0.5),('219750',1569,-2.2),('119850',1570,-0.5),('160600',1572,3),('101400',1577,0.5),('214310',1582,-0.5),('114450',1589,-1.9),('263800',1590,2.7),('208350',1598,-1.7),('208640',1601,-1.7),('138610',1604,-1),('290550',1609,-1.9),('110020',1615,1.4),('241520',1618,-1.9),('233250',1624,0),('117730',1633,-1.2),('206400',1634,-2.1),('189980',1635,-0.2),('900040',1642,0),('277070',1643,-2.2),('234100',1645,-4.1),('147830',1649,-1.2),('131090',1653,-1.7),('109070',1655,0),('204020',1662,-1.9),('154030',1665,-0.9),('264660',1668,-1.2),('252500',1670,-0.8),('123840',1675,-0.9),('142210',1682,-2),('204990',1683,-0.5),('114570',1684,-4.3),('225430',1685,-1.5),('118000',1686,-1.2),('109820',1687,-1.3),('147760',1688,8.2),('220180',1693,-0.6),('217330',1698,-1.8),('303360',1700,0),('131180',1707,-0.5),('218150',1708,-3.2),('208860',1709,-3),('128660',1710,-2.4),('196300',1718,2.6),('184230',1719,-3),('106240',1720,-1.3),('208140',1721,-1.6),('208710',1731,-1),('140520',1734,-3.8),('115500',1743,-2.5),('127710',1746,3),('120115',1752,0),('213090',1754,-2),('253590',1758,1.6),('900080',1761,-0.7),('219550',1763,-1.6),('115440',1765,-2.9),('104540',1766,0),('263810',1779,-1.2),('246960',1781,-2.3),('123700',1782,0.3),('101170',1793,3.4),('260870',1798,-0.4),('138070',1800,-0.2),('187790',1801,0),('133750',1803,11.3),('222980',1805,-0.5),('258250',1808,2.7),('101390',1816,-3.9),('265560',1821,-3.9),('101730',1822,-6.2),('217950',1825,1.6),('104040',1827,4.2),('221980',1828,-2.3),('230980',1829,0),('114630',1830,0),('00499K',1833,-1.2),('275630',1834,0.6),('215090',1837,-10.6),('170030',1839,0),('126340',1841,-2.5),('154040',1846,-2.7),('189690',1847,-1.1),('217820',1850,-1.8),('263860',1853,-1.9),('177830',1863,0.3),('215480',1864,-1.3),('128540',1869,-1.2),('205470',1870,-0.9),('131760',1873,-1.3),('237750',1875,-1.8),('141020',1878,-1),('256940',1883,-2.7),('123330',1885,-1.2),('106520',1886,-0.7),('111820',1895,0),('238120',1897,0.4),('203450',1898,0.2),('250000',1899,1.8),('159910',1900,-0.5),('170790',1902,2),('181340',1904,-3.7),('224110',1905,-0.6),('290270',1907,7.2),('143540',1908,4.5),('246690',1911,-1.5),('277410',1913,-1.4),('139050',1914,-5.6),('122690',1916,-0.6),('269620',1917,-3.7),('155900',1918,-0.3),('101930',1924,-2),('136510',1926,-4.5),('279600',1928,7.6),('150900',1932,-0.2),('263020',1934,-1.6),('207490',1937,-14.6),('127120',1938,-1.3),('177350',1942,0.5),('123010',1943,-2.8),('302920',1944,2.8),('293580',1947,0),('192390',1954,-1.4),('121890',1960,-8.7),('900070',1961,0),('153490',1962,1.2),('126640',1968,-1.3),('131220',1972,1.5),('263600',1975,-8.7),('900120',1977,-2.9),('161570',1980,-1.3),('122050',1981,-1.3),('145270',1982,-1.1),('225590',1983,-0.6),('109080',1989,-1.2),('246250',1991,1.7),('189860',1992,-1.7),('236030',1993,0),('186230',1997,0),('219130',1998,0.5),('258540',1999,0),('212560',2002,-1.4),('115480',2011,-1),('175140',2012,-4.1),('258610',2018,2),('114190',2019,-0.8),('173130',2024,-2.7),('251280',2025,-1.9),('311840',2029,0),('130500',2035,-0.9),('172580',2037,-0.5),('115530',2040,0),('260970',2042,0),('119500',2043,-2.8),('141070',2044,-3.4),('28513K',2047,-0.4),('122800',2048,0),('136660',2049,-7.3),('230400',2055,14.9),('196700',2056,2),('195440',2057,-4.3),('206950',2059,3.9),('251960',2063,0),('123750',2064,8.6),('134060',2065,0.7),('227950',2067,-1.1),('233990',2068,-1.2),('197140',2071,0.1),('223310',2074,-2),('208370',2075,-2.8),('187270',2079,-1.6),('108675',2083,0),('103230',2086,1.4),('221610',2087,-3.2),('284420',2088,0),('191410',2089,0),('158310',2091,-2.7),('226400',2092,-2.4),('299480',2094,3.8),('178600',2099,-0.7),('115570',2100,1.8),('101670',2104,-0.3),('200580',2105,1.7),('232530',2106,0),('281310',2108,8.8),('115610',2111,0.1),('226350',2112,-3.3),('236340',2113,-3.8),('153360',2116,-0.3),('134580',2117,-1.4),('211050',2118,0),('159650',2120,0),('103130',2123,0),('130740',2132,0),('153460',2138,13),('105330',2143,1.1),('222810',2144,-3.3),('216400',2148,-1.2),('900110',2152,0),('227100',2153,-0.5),('288490',2154,0.5),('204210',2158,-4.4),('267060',2161,-2.9),('182690',2165,4.2),('256630',2166,-8.3),('135160',2169,4.4),('189330',2170,-0.5),('140910',2171,0),('149010',2173,0),('00806K',2178,-0.2),('224810',2179,-14.9),('217190',2181,-5),('178780',2182,-6.2),('243870',2183,-0.3),('221800',2184,0),('258050',2185,11.1),('250930',2188,-0.4),('101680',2189,0),('205290',2190,0),('210610',2191,-0.1),('278380',2193,-0.3),('121850',2194,-3.3),('239890',2196,0),('217880',2197,0),('18064K',2198,0.1),('113810',2201,-1),('232680',2205,2.4),('232830',2206,-2.5),('266870',2207,3.4),('319400',2208,0),('199150',2210,0.2),('112190',2213,-7.9),('266170',2215,1.3),('222670',2216,-0.3),('242350',2218,-3),('123260',2219,0),('303030',2220,-1),('106080',2221,0),('273060',2222,-1.8),('278990',2223,0),('323940',2224,-0.2),('225220',2226,-1.7),('291230',2227,-0.7),('256840',2230,0),('224880',2231,0),('317320',2234,-5.1),('185190',2235,11.6),('210120',2237,-5.6),('120780',2238,0),('244880',2240,0),('145995',2241,-1),('194510',2243,0),('241510',2244,-4.8),('285770',2245,0),('202960',2246,0),('308700',2247,-0.2),('277480',2249,-0.7),('323350',2250,0),('254120',2251,-1.9),('311060',2252,2.4),('317030',2257,0.2),('183410',2258,-3.4),('284620',2259,-1.4),('08537M',2260,-1.6),('265480',2261,0),('163430',2262,0),('307070',2263,0),('199290',2264,-0.4),('307750',2266,0.9),('291210',2267,-1.4),('121060',2268,5.9),('281740',2270,0.2),('262830',2271,-1.4),('217320',2272,0),('264850',2274,0),('297570',2275,-1.3),('158300',2276,-2.8),('306620',2277,0.9),('200350',2279,1),('222160',2280,-5.3),('270520',2281,-0.2),('279060',2282,-6.5),('307160',2283,-0.5),('309930',2284,-0.2),('307870',2285,-0.9),('192410',2286,0),('240340',2288,0),('281410',2289,0),('313750',2290,-0.7),('299170',2291,-0.7),('267320',2292,0),('322780',2294,0),('323230',2296,-2.2),('162120',2297,0),('265920',2298,0),('225850',2299,-0.4),('307180',2300,-0.2),('317240',2301,-0.2),('270660',2302,-15),('261200',2303,-0.7),('299670',2304,0),('245450',2305,-2.8),('140290',2306,0),('148780',2307,-1.8),('287410',2309,-0.9),('271740',2313,-0.2),('238500',2315,-0.8),('270020',2316,0),('114920',2318,14.2),('276920',2319,-0.2),('208850',2320,0),('257730',2322,0.6),('307280',2323,0),('311270',2327,1.6),('267810',2331,-0.3),('212310',2332,13.5),('321260',2333,-3.3),('189540',2334,-5),('323280',2335,-2.2),('232330',2336,0),('279410',2337,0.5),('310840',2339,-0.7),('310200',2340,0),('310870',2342,-0.2),('225860',2343,-15),('258790',2344,0.4),('107640',2345,-13.6),('264290',2346,-2.3),('103660',2348,-5.8),('101360',2349,14.7),('215050',2351,3.9),('116100',2352,-8),('183350',2354,0),('270210',2356,-12),('26490K',2357,1.8),('215570',2359,14.5),('140660',2363,6.1),('179720',2364,-0.2),('224020',2365,13.9),('252370',2367,0),('220110',2368,0),('276240',2369,11.8),('189350',2373,-0.4),('271780',2377,0),('217910',2378,1.9),('221670',2379,43),('271850',2387,9),('00781K',2394,-4),('149940',2395,0),('223220',2399,0),('208890',2400,0.7),('227420',2402,-0.3),('247300',2403,-2.8),('135270',2404,-14.8);
/*!40000 ALTER TABLE `tb_summary_20190715_00099` ENABLE KEYS */;
UNLOCK TABLES;
/*!40103 SET TIME_ZONE=@OLD_TIME_ZONE */;

/*!40101 SET SQL_MODE=@OLD_SQL_MODE */;
/*!40014 SET FOREIGN_KEY_CHECKS=@OLD_FOREIGN_KEY_CHECKS */;
/*!40014 SET UNIQUE_CHECKS=@OLD_UNIQUE_CHECKS */;
/*!40101 SET CHARACTER_SET_CLIENT=@OLD_CHARACTER_SET_CLIENT */;
/*!40101 SET CHARACTER_SET_RESULTS=@OLD_CHARACTER_SET_RESULTS */;
/*!40101 SET COLLATION_CONNECTION=@OLD_COLLATION_CONNECTION */;
/*!40111 SET SQL_NOTES=@OLD_SQL_NOTES */;

-- Dump completed on 2019-07-18  9:55:04
